Age,FamilyHistory,RapidWeightLoss,FrequentThirst,FrequentUrination,Fatigue,BlurredVision,IncreasedHunger,RecentIllness,DryMouthOrSkin,T1DOutcome
37.2758723771598,1.0,0.0,1.0,1.0,1.0,0.0,0.0,1.0,0.0,0.0
60.735505338980346,0.0,0.0,0.0,1.0,1.0,1.0,0.0,1.0,1.0,1.0
52.8945596724172,0.0,1.0,0.0,1.0,0.0,0.0,1.0,1.0,0.0,0.0
9.0986668361971,1.0,0.0,0.0,1.0,0.0,1.0,0.0,1.0,1.0,0.0
25.663839253287165,0.0,1.0,1.0,1.0,1.0,1.0,1.0,0.0,0.0,1.0
10.488132934467549,1.0,1.0,0.0,0.0,0.0,0.0,1.0,1.0,1.0,0.0
46.26151274396956,1.0,0.0,1.0,1.0,1.0,0.0,0.0,0.0,1.0,1.0
56.28776111875157,1.0,1.0,0.0,1.0,0.0,0.0,0.0,1.0,1.0,1.0
45.213630122032626,1.0,1.0,0.0,0.0,1.0,0.0,0.0,1.0,1.0,1.0
58.18336978007676,1.0,0.0,0.0,1.0,1.0,0.0,1.0,0.0,0.0,0.0
57.725600104540625,0.0,0.0,0.0,0.0,1.0,0.0,1.0,1.0,0.0,1.0
53.09142833144006,1.0,1.0,0.0,0.0,0.0,0.0,0.0,1.0,0.0,0.0
66.7412321334189,1.0,0.0,1.0,1.0,0.0,0.0,1.0,1.0,0.0,1.0
67.26199317374623,1.0,0.0,1.0,1.0,1.0,0.0,1.0,1.0,0.0,1.0
25.1558512174848,1.0,1.0,1.0,1.0,1.0,0.0,1.0,1.0,1.0,0.0
33.06313426167819,0.0,1.0,0.0,1.0,1.0,1.0,0.0,0.0,1.0,1.0
24.683548525170714,1.0,1.0,0.0,0.0,0.0,1.0,0.0,1.0,0.0,1.0
32.597162513441084,1.0,0.0,1.0,0.0,0.0,0.0,1.0,0.0,0.0,1.0
41.51604709704756,1.0,1.0,1.0,0.0,0.0,0.0,0.0,0.0,1.0,0.0
9.822062136646773,1.0,0.0,1.0,1.0,0.0,0.0,1.0,0.0,0.0,0.0
48.337652145024684,1.0,0.0,1.0,1.0,1.0,1.0,0.0,1.0,0.0,1.0
9.33510759234857,1.0,0.0,1.0,1.0,1.0,1.0,0.0,1.0,0.0,0.0
41.05608542854215,0.0,0.0,0.0,0.0,0.0,1.0,0.0,0.0,1.0,1.0
27.846562222291283,1.0,1.0,1.0,1.0,0.0,0.0,0.0,0.0,1.0,1.0
62.400420833461204,0.0,0.0,0.0,0.0,0.0,0.0,0.0,0.0,1.0,1.0
65.12323435366848,1.0,0.0,1.0,1.0,0.0,1.0,0.0,0.0,1.0,1.0
27.037979469419266,0.0,0.0,1.0,1.0,0.0,0.0,1.0,1.0,1.0,0.0
36.227619445265724,0.0,0.0,0.0,0.0,0.0,1.0,0.0,0.0,1.0,1.0
9.206572762375291,1.0,0.0,1.0,1.0,0.0,0.0,1.0,1.0,1.0,1.0
41.97545512590424,0.0,1.0,1.0,0.0,0.0,1.0,0.0,1.0,0.0,1.0
6.706164781644038,0.0,0.0,0.0,0.0,0.0,1.0,1.0,0.0,0.0,0.0
44.02261868593726,0.0,1.0,0.0,1.0,0.0,0.0,1.0,0.0,0.0,0.0
58.910775037533845,1.0,1.0,1.0,0.0,0.0,0.0,0.0,0.0,0.0,1.0
13.361666991784292,1.0,1.0,0.0,1.0,1.0,0.0,1.0,1.0,0.0,1.0
50.10867315840438,1.0,0.0,0.0,0.0,1.0,0.0,0.0,1.0,0.0,0.0
3.9900601869041425,0.0,1.0,1.0,0.0,0.0,1.0,0.0,1.0,0.0,1.0
19.90786120620164,0.0,1.0,0.0,0.0,0.0,1.0,0.0,0.0,0.0,1.0
49.86915676959309,0.0,0.0,0.0,0.0,0.0,1.0,0.0,0.0,0.0,0.0
33.94797072181702,0.0,0.0,0.0,0.0,1.0,0.0,1.0,0.0,0.0,1.0
59.369581723511395,1.0,1.0,1.0,0.0,1.0,1.0,1.0,1.0,0.0,0.0
35.431027218214474,1.0,1.0,1.0,0.0,0.0,1.0,0.0,1.0,0.0,1.0
58.05536037779192,0.0,0.0,0.0,1.0,1.0,1.0,1.0,1.0,0.0,1.0
8.029436006319123,1.0,0.0,0.0,1.0,0.0,0.0,1.0,0.0,0.0,0.0
12.191943685819727,1.0,0.0,1.0,1.0,0.0,0.0,0.0,0.0,0.0,0.0
26.01408148834576,1.0,1.0,1.0,0.0,1.0,0.0,0.0,1.0,1.0,0.0
16.0227420482882,0.0,1.0,1.0,1.0,1.0,0.0,1.0,0.0,0.0,1.0
12.685096877309128,0.0,1.0,1.0,0.0,0.0,1.0,1.0,1.0,1.0,1.0
14.838372224749868,1.0,1.0,0.0,1.0,1.0,0.0,0.0,1.0,0.0,0.0
7.47768653357626,1.0,0.0,1.0,1.0,0.0,1.0,0.0,0.0,1.0,0.0
23.624017098473,0.0,1.0,1.0,1.0,1.0,1.0,0.0,0.0,1.0,0.0
4.514135549176018,0.0,1.0,0.0,0.0,0.0,0.0,1.0,1.0,1.0,1.0
26.315238098489935,0.0,1.0,1.0,1.0,1.0,1.0,0.0,0.0,1.0,0.0
33.89812239417209,0.0,0.0,1.0,1.0,0.0,0.0,1.0,0.0,0.0,1.0
43.07197398577933,1.0,1.0,0.0,0.0,1.0,1.0,0.0,1.0,1.0,1.0
6.868796809435892,0.0,1.0,1.0,0.0,0.0,1.0,0.0,1.0,0.0,1.0
16.430982772168086,1.0,0.0,1.0,1.0,0.0,1.0,1.0,0.0,0.0,1.0
29.83936393697963,1.0,0.0,0.0,0.0,1.0,0.0,1.0,1.0,0.0,1.0
60.623035096598244,0.0,1.0,1.0,0.0,1.0,1.0,0.0,0.0,1.0,0.0
61.69861410087143,1.0,1.0,1.0,0.0,1.0,1.0,0.0,0.0,1.0,0.0
41.99110730781302,1.0,0.0,0.0,0.0,0.0,0.0,1.0,0.0,1.0,1.0
46.35980767081852,1.0,0.0,1.0,1.0,1.0,1.0,1.0,0.0,1.0,1.0
54.020637528538856,0.0,0.0,0.0,0.0,0.0,1.0,1.0,1.0,0.0,1.0
56.1358724001518,1.0,1.0,1.0,1.0,0.0,1.0,0.0,0.0,1.0,1.0
3.0928468453872506,1.0,1.0,0.0,0.0,1.0,0.0,1.0,1.0,1.0,0.0
53.58755073885078,1.0,0.0,0.0,0.0,0.0,1.0,0.0,0.0,0.0,1.0
42.19874322423679,1.0,1.0,1.0,0.0,0.0,0.0,1.0,0.0,1.0,0.0
69.51539179258742,1.0,0.0,1.0,0.0,1.0,1.0,0.0,0.0,0.0,0.0
41.37413045493817,1.0,1.0,1.0,0.0,1.0,0.0,0.0,0.0,1.0,0.0
55.35441102931946,1.0,0.0,1.0,1.0,0.0,1.0,0.0,0.0,0.0,1.0
9.430194321448658,0.0,1.0,0.0,0.0,0.0,1.0,0.0,1.0,0.0,0.0
56.29494507799141,1.0,0.0,1.0,1.0,0.0,0.0,0.0,1.0,0.0,1.0
35.24425852856505,0.0,0.0,1.0,0.0,0.0,0.0,1.0,0.0,1.0,0.0
9.081169004235779,1.0,0.0,0.0,1.0,0.0,1.0,0.0,1.0,1.0,0.0
4.163105140705538,0.0,1.0,0.0,1.0,1.0,1.0,0.0,1.0,1.0,1.0
10.226249178922593,0.0,1.0,1.0,0.0,1.0,1.0,1.0,1.0,1.0,0.0
39.700223686069776,0.0,1.0,0.0,0.0,1.0,0.0,1.0,0.0,1.0,0.0
43.03018524454682,1.0,0.0,0.0,1.0,1.0,1.0,0.0,1.0,0.0,1.0
11.592811103657017,0.0,1.0,0.0,0.0,0.0,1.0,0.0,1.0,0.0,0.0
5.397944344874011,1.0,1.0,0.0,0.0,1.0,0.0,1.0,1.0,1.0,0.0
52.78591242941002,1.0,1.0,1.0,1.0,0.0,1.0,0.0,0.0,1.0,1.0
64.21371427876504,1.0,0.0,0.0,0.0,0.0,0.0,1.0,1.0,1.0,0.0
49.14351531765973,1.0,0.0,1.0,0.0,1.0,1.0,1.0,1.0,0.0,0.0
41.89019201191516,0.0,1.0,0.0,0.0,1.0,0.0,1.0,0.0,1.0,0.0
2.609867492506906,1.0,1.0,0.0,1.0,0.0,1.0,1.0,1.0,1.0,1.0
7.412023973695313,0.0,1.0,1.0,1.0,0.0,1.0,1.0,0.0,0.0,0.0
45.56892793645571,0.0,1.0,0.0,0.0,1.0,0.0,1.0,0.0,1.0,0.0
61.38804345060893,0.0,0.0,0.0,0.0,1.0,1.0,0.0,1.0,0.0,1.0
67.29459450345134,1.0,1.0,0.0,0.0,1.0,0.0,1.0,0.0,0.0,0.0
44.014765157149284,0.0,1.0,0.0,1.0,1.0,1.0,1.0,0.0,1.0,1.0
70.79177343142894,0.0,0.0,0.0,1.0,1.0,0.0,0.0,1.0,0.0,1.0
24.075163416118983,1.0,0.0,0.0,0.0,1.0,0.0,0.0,0.0,1.0,1.0
63.762013722573855,1.0,1.0,0.0,0.0,1.0,0.0,0.0,1.0,0.0,0.0
39.227468792941316,1.0,0.0,1.0,1.0,1.0,0.0,0.0,0.0,0.0,0.0
24.69273680389243,0.0,1.0,0.0,1.0,0.0,0.0,1.0,0.0,0.0,0.0
35.76530854072092,1.0,1.0,1.0,0.0,1.0,1.0,0.0,0.0,1.0,1.0
31.312518610419108,0.0,1.0,0.0,1.0,0.0,0.0,1.0,0.0,0.0,0.0
5.833571977249301,0.0,1.0,1.0,1.0,0.0,1.0,1.0,1.0,1.0,0.0
7.901800500490379,1.0,0.0,0.0,1.0,0.0,1.0,0.0,1.0,1.0,0.0
51.38601848091981,1.0,0.0,1.0,0.0,1.0,1.0,1.0,1.0,0.0,0.0
3.324453861816859,1.0,1.0,1.0,1.0,0.0,1.0,0.0,0.0,0.0,0.0
67.64098717463291,1.0,1.0,1.0,0.0,1.0,0.0,1.0,0.0,0.0,0.0
15.983878436012889,1.0,0.0,0.0,1.0,0.0,1.0,0.0,1.0,1.0,0.0
33.308211560653135,0.0,0.0,1.0,0.0,1.0,0.0,1.0,1.0,1.0,1.0
34.96981357582712,1.0,1.0,0.0,1.0,0.0,1.0,1.0,1.0,0.0,0.0
35.295079245602444,1.0,1.0,1.0,0.0,1.0,0.0,0.0,1.0,1.0,0.0
31.569746873720067,1.0,0.0,1.0,0.0,0.0,0.0,1.0,0.0,0.0,1.0
22.140738215052327,0.0,1.0,0.0,0.0,0.0,1.0,0.0,0.0,0.0,1.0
56.78688947636165,1.0,0.0,0.0,0.0,0.0,1.0,0.0,0.0,0.0,1.0
21.286798493007392,0.0,0.0,0.0,0.0,1.0,1.0,0.0,0.0,1.0,1.0
55.552636824494286,1.0,0.0,1.0,1.0,0.0,0.0,0.0,1.0,0.0,1.0
73.62631904600964,0.0,0.0,0.0,1.0,1.0,0.0,0.0,1.0,0.0,1.0
63.47060327454942,1.0,0.0,1.0,0.0,0.0,1.0,1.0,0.0,1.0,0.0
65.0227380028148,0.0,0.0,0.0,1.0,0.0,1.0,0.0,0.0,1.0,1.0
28.24697752717156,0.0,0.0,0.0,0.0,1.0,0.0,1.0,0.0,0.0,1.0
67.12426161960752,1.0,0.0,1.0,1.0,1.0,1.0,1.0,1.0,0.0,0.0
32.0122728276708,0.0,1.0,1.0,1.0,1.0,1.0,1.0,0.0,0.0,1.0
5.824054331331579,1.0,1.0,0.0,1.0,0.0,1.0,1.0,1.0,1.0,1.0
63.04088089065344,0.0,0.0,0.0,1.0,1.0,1.0,0.0,1.0,1.0,1.0
48.683425183687135,0.0,0.0,0.0,1.0,0.0,0.0,0.0,1.0,1.0,0.0
18.19590223801717,1.0,1.0,0.0,0.0,1.0,0.0,0.0,0.0,1.0,0.0
62.48692426876306,1.0,0.0,0.0,0.0,0.0,1.0,0.0,0.0,0.0,1.0
25.697038099557215,0.0,1.0,0.0,1.0,1.0,0.0,1.0,1.0,0.0,1.0
22.367381740431707,1.0,1.0,1.0,1.0,1.0,1.0,0.0,1.0,0.0,0.0
34.899115216415495,1.0,1.0,1.0,1.0,1.0,1.0,0.0,0.0,0.0,1.0
6.711567136226532,0.0,1.0,0.0,1.0,1.0,1.0,0.0,1.0,1.0,1.0
53.26256388309721,1.0,1.0,0.0,0.0,1.0,0.0,0.0,0.0,1.0,0.0
6.897342458156759,0.0,1.0,1.0,0.0,1.0,1.0,1.0,1.0,1.0,0.0
23.844049679296802,1.0,1.0,1.0,0.0,1.0,0.0,1.0,0.0,0.0,1.0
45.87196284347432,1.0,0.0,0.0,0.0,1.0,0.0,0.0,1.0,0.0,0.0
13.884203990795907,1.0,1.0,1.0,1.0,1.0,0.0,0.0,0.0,0.0,0.0
17.027417737949854,1.0,1.0,0.0,1.0,0.0,0.0,1.0,1.0,0.0,1.0
59.1800081777483,0.0,0.0,1.0,0.0,1.0,0.0,1.0,0.0,1.0,0.0
27.783731682039218,0.0,0.0,0.0,0.0,0.0,0.0,0.0,1.0,1.0,1.0
16.568668915342727,1.0,1.0,0.0,1.0,1.0,0.0,1.0,1.0,0.0,1.0
51.278210683659836,1.0,0.0,0.0,0.0,1.0,0.0,0.0,0.0,1.0,1.0
44.406958521824166,0.0,1.0,1.0,1.0,0.0,0.0,0.0,0.0,1.0,1.0
3.502534909051637,1.0,0.0,0.0,1.0,0.0,0.0,1.0,0.0,1.0,0.0
51.347860610261456,1.0,1.0,1.0,1.0,0.0,1.0,0.0,0.0,1.0,0.0
48.636657385128075,1.0,0.0,1.0,1.0,1.0,1.0,0.0,1.0,0.0,1.0
49.076485597935815,1.0,0.0,1.0,0.0,1.0,1.0,1.0,1.0,0.0,0.0
41.203001358242624,0.0,1.0,0.0,0.0,1.0,0.0,1.0,1.0,1.0,0.0
11.89490926387952,1.0,1.0,0.0,1.0,1.0,1.0,0.0,1.0,0.0,0.0
59.6106962462509,0.0,1.0,1.0,0.0,1.0,1.0,0.0,0.0,1.0,0.0
19.73086006446947,0.0,0.0,1.0,1.0,0.0,1.0,0.0,1.0,1.0,0.0
49.83747270522082,1.0,0.0,1.0,1.0,0.0,0.0,1.0,1.0,0.0,1.0
54.51961799282519,1.0,0.0,0.0,0.0,0.0,0.0,0.0,1.0,0.0,0.0
13.054031260471024,1.0,1.0,1.0,0.0,1.0,0.0,0.0,0.0,1.0,0.0
5.14332935548118,1.0,1.0,0.0,1.0,0.0,1.0,1.0,0.0,0.0,0.0
19.076322046225094,0.0,1.0,1.0,0.0,0.0,0.0,0.0,1.0,1.0,1.0
42.51274310821284,1.0,1.0,0.0,0.0,1.0,0.0,0.0,1.0,0.0,1.0
62.18400008307559,1.0,0.0,0.0,1.0,1.0,0.0,1.0,0.0,0.0,0.0
47.133805495165134,1.0,0.0,1.0,1.0,1.0,0.0,0.0,0.0,0.0,1.0
68.6882611979303,0.0,1.0,0.0,0.0,0.0,1.0,1.0,1.0,1.0,0.0
46.01595787535322,0.0,1.0,0.0,0.0,1.0,0.0,1.0,0.0,1.0,0.0
26.10381306258708,0.0,1.0,1.0,0.0,0.0,0.0,0.0,0.0,1.0,0.0
28.507996365518558,0.0,1.0,1.0,0.0,1.0,1.0,1.0,0.0,1.0,0.0
10.186174794116189,0.0,1.0,1.0,0.0,1.0,1.0,1.0,1.0,1.0,0.0
14.944739630102225,1.0,1.0,0.0,1.0,1.0,0.0,0.0,0.0,0.0,0.0
67.08640833764737,1.0,1.0,1.0,1.0,0.0,0.0,0.0,0.0,1.0,0.0
37.54068647249394,0.0,0.0,0.0,0.0,0.0,1.0,0.0,0.0,1.0,1.0
68.92120032820756,0.0,0.0,1.0,1.0,0.0,1.0,0.0,1.0,0.0,0.0
50.51016484431509,1.0,0.0,0.0,0.0,1.0,0.0,0.0,1.0,0.0,0.0
8.349547439156801,1.0,1.0,0.0,1.0,0.0,0.0,1.0,1.0,1.0,1.0
67.94741396413683,0.0,0.0,0.0,0.0,0.0,0.0,0.0,1.0,0.0,1.0
52.01328576400313,0.0,1.0,0.0,0.0,0.0,0.0,1.0,1.0,0.0,0.0
16.59006142477865,1.0,1.0,1.0,0.0,1.0,0.0,0.0,0.0,1.0,0.0
16.986003895058463,1.0,0.0,0.0,0.0,1.0,0.0,1.0,1.0,1.0,0.0
50.240350280069435,1.0,1.0,0.0,1.0,1.0,1.0,0.0,0.0,1.0,1.0
37.2995109463197,1.0,1.0,0.0,1.0,0.0,1.0,1.0,0.0,1.0,0.0
68.47248995054845,1.0,1.0,1.0,0.0,0.0,0.0,0.0,1.0,0.0,0.0
45.95130316755756,1.0,1.0,0.0,1.0,1.0,0.0,1.0,0.0,1.0,1.0
62.665284695359695,0.0,0.0,1.0,1.0,1.0,0.0,0.0,0.0,1.0,0.0
23.16943783745283,1.0,1.0,1.0,1.0,1.0,0.0,0.0,1.0,1.0,0.0
53.41496017422051,1.0,1.0,1.0,0.0,0.0,1.0,0.0,0.0,0.0,0.0
56.06558064812731,1.0,0.0,0.0,0.0,0.0,1.0,0.0,0.0,0.0,1.0
26.206005984310046,1.0,1.0,1.0,0.0,0.0,1.0,0.0,1.0,0.0,1.0
36.49567804072201,0.0,1.0,1.0,1.0,0.0,0.0,1.0,0.0,1.0,0.0
22.95995569534335,1.0,1.0,1.0,1.0,1.0,1.0,0.0,0.0,1.0,0.0
40.30607438114444,1.0,0.0,1.0,1.0,1.0,0.0,0.0,1.0,0.0,0.0
41.65091102202727,0.0,1.0,0.0,0.0,0.0,0.0,1.0,0.0,0.0,0.0
64.35115603947959,1.0,1.0,1.0,0.0,1.0,0.0,1.0,0.0,0.0,0.0
10.774765269790223,0.0,0.0,1.0,1.0,1.0,1.0,1.0,1.0,0.0,0.0
47.83524874879581,1.0,1.0,0.0,1.0,0.0,0.0,1.0,0.0,1.0,1.0
34.76743319763421,0.0,0.0,0.0,0.0,0.0,1.0,0.0,0.0,1.0,1.0
62.25822398386542,0.0,1.0,1.0,0.0,1.0,1.0,0.0,0.0,0.0,0.0
66.0392630543589,1.0,1.0,0.0,0.0,1.0,1.0,0.0,1.0,0.0,0.0
51.62996361083233,1.0,1.0,1.0,0.0,1.0,1.0,1.0,0.0,0.0,0.0
2.3300265926531782,1.0,1.0,0.0,1.0,0.0,1.0,1.0,1.0,0.0,0.0
69.78903200238122,1.0,0.0,1.0,0.0,0.0,1.0,1.0,0.0,0.0,0.0
18.290726880320765,1.0,0.0,0.0,0.0,1.0,0.0,0.0,0.0,1.0,1.0
35.17465466524647,1.0,0.0,0.0,0.0,0.0,1.0,0.0,0.0,1.0,0.0
66.02000018274029,1.0,0.0,1.0,1.0,1.0,1.0,0.0,0.0,0.0,0.0
4.810559818427861,1.0,1.0,0.0,1.0,0.0,1.0,1.0,1.0,1.0,1.0
67.2585491872475,1.0,1.0,1.0,1.0,0.0,0.0,1.0,1.0,0.0,1.0
31.806361031390896,1.0,1.0,1.0,0.0,1.0,0.0,0.0,0.0,1.0,1.0
41.52102654068031,1.0,0.0,1.0,1.0,1.0,0.0,0.0,1.0,0.0,0.0
48.16311587361417,1.0,0.0,0.0,0.0,1.0,0.0,0.0,0.0,1.0,1.0
6.8428178009581595,0.0,1.0,1.0,0.0,1.0,1.0,0.0,0.0,0.0,1.0
11.285491372872086,0.0,0.0,0.0,0.0,0.0,1.0,0.0,0.0,1.0,0.0
5.840862783352648,1.0,0.0,0.0,0.0,0.0,0.0,1.0,0.0,0.0,1.0
54.51462981221724,1.0,1.0,1.0,1.0,0.0,1.0,0.0,0.0,1.0,1.0
28.271845924038935,0.0,1.0,0.0,0.0,1.0,0.0,1.0,0.0,0.0,1.0
43.14196821699481,1.0,1.0,0.0,0.0,1.0,1.0,1.0,1.0,1.0,1.0
16.155247610475744,1.0,1.0,0.0,1.0,1.0,1.0,0.0,0.0,1.0,0.0
61.41895578151269,0.0,1.0,1.0,1.0,1.0,1.0,0.0,1.0,1.0,1.0
44.8892820679746,1.0,0.0,0.0,1.0,1.0,1.0,0.0,0.0,0.0,1.0
6.204184794855632,0.0,0.0,0.0,0.0,1.0,1.0,0.0,1.0,1.0,0.0
7.19020458716367,0.0,0.0,1.0,1.0,1.0,1.0,1.0,1.0,1.0,0.0
14.571032210453517,1.0,1.0,0.0,1.0,1.0,0.0,0.0,0.0,0.0,0.0
58.6573872134374,1.0,0.0,1.0,0.0,1.0,0.0,1.0,0.0,0.0,0.0
28.89365336187192,1.0,1.0,0.0,0.0,0.0,0.0,1.0,1.0,0.0,1.0
17.4466509799407,1.0,0.0,0.0,0.0,1.0,1.0,1.0,1.0,1.0,0.0
19.43751528498096,1.0,1.0,1.0,1.0,0.0,0.0,1.0,1.0,0.0,1.0
6.5330174363287705,1.0,0.0,0.0,0.0,0.0,0.0,1.0,0.0,0.0,1.0
3.806399738914866,1.0,0.0,1.0,1.0,0.0,0.0,1.0,1.0,1.0,1.0
47.905393116940694,1.0,1.0,0.0,1.0,1.0,0.0,1.0,0.0,1.0,1.0
12.685705649990597,0.0,1.0,1.0,0.0,1.0,1.0,1.0,1.0,0.0,0.0
64.76060217333865,0.0,1.0,0.0,0.0,1.0,1.0,1.0,1.0,0.0,0.0
67.33009457707847,1.0,1.0,1.0,0.0,1.0,0.0,1.0,0.0,0.0,0.0
18.904574943470408,1.0,1.0,0.0,1.0,1.0,0.0,1.0,0.0,0.0,1.0
13.250814397619436,1.0,0.0,0.0,0.0,0.0,0.0,1.0,0.0,0.0,1.0
3.14466218683613,0.0,1.0,1.0,1.0,0.0,1.0,0.0,1.0,0.0,1.0
23.066285504260964,0.0,1.0,1.0,0.0,1.0,0.0,1.0,1.0,1.0,1.0
37.317307203775776,0.0,0.0,1.0,0.0,0.0,1.0,0.0,1.0,0.0,1.0
6.6451596908846104,0.0,0.0,0.0,1.0,0.0,0.0,1.0,0.0,0.0,0.0
7.386025356039715,1.0,1.0,1.0,1.0,0.0,1.0,1.0,1.0,0.0,0.0
37.64290069616124,1.0,1.0,0.0,0.0,1.0,0.0,0.0,0.0,0.0,1.0
30.775756069926487,1.0,0.0,1.0,0.0,1.0,0.0,1.0,0.0,1.0,1.0
63.26443111648218,0.0,0.0,1.0,0.0,1.0,0.0,1.0,0.0,1.0,0.0
61.93901756360515,0.0,1.0,0.0,1.0,1.0,0.0,1.0,1.0,0.0,0.0
55.03539594112588,0.0,1.0,0.0,0.0,0.0,0.0,1.0,1.0,0.0,0.0
67.08276562649415,0.0,0.0,0.0,0.0,1.0,0.0,0.0,1.0,0.0,1.0
16.159317901448894,1.0,1.0,0.0,0.0,1.0,0.0,0.0,1.0,1.0,0.0
67.23472199898099,1.0,0.0,0.0,0.0,0.0,1.0,1.0,1.0,1.0,0.0
53.49571147882547,1.0,1.0,1.0,0.0,1.0,1.0,1.0,0.0,0.0,0.0
20.28331055473644,1.0,1.0,1.0,0.0,0.0,0.0,1.0,1.0,1.0,1.0
60.326843266645284,0.0,1.0,1.0,1.0,1.0,1.0,0.0,1.0,1.0,1.0
8.750268704789201,0.0,1.0,0.0,1.0,0.0,1.0,1.0,1.0,0.0,0.0
48.46012654230977,0.0,0.0,0.0,1.0,1.0,0.0,0.0,0.0,1.0,0.0
26.50843814703385,0.0,0.0,0.0,1.0,0.0,0.0,1.0,0.0,0.0,1.0
49.48312649435017,1.0,0.0,1.0,1.0,0.0,1.0,0.0,0.0,0.0,1.0
9.948853305186496,1.0,1.0,0.0,1.0,0.0,0.0,0.0,1.0,0.0,1.0
44.98657958274348,0.0,1.0,0.0,0.0,1.0,0.0,1.0,1.0,1.0,0.0
53.28450231129571,0.0,0.0,0.0,0.0,0.0,1.0,0.0,1.0,0.0,0.0
67.00640695772644,1.0,1.0,0.0,1.0,1.0,1.0,1.0,0.0,1.0,1.0
5.724992851557264,0.0,0.0,1.0,0.0,1.0,1.0,1.0,1.0,0.0,1.0
42.019366337313215,0.0,1.0,1.0,1.0,0.0,0.0,0.0,0.0,1.0,1.0
24.835974929360898,0.0,0.0,1.0,1.0,0.0,1.0,0.0,0.0,0.0,0.0
24.421485143861368,0.0,1.0,1.0,1.0,1.0,1.0,0.0,0.0,0.0,1.0
8.244114941762566,0.0,0.0,0.0,1.0,1.0,0.0,1.0,1.0,1.0,1.0
35.72684886453159,0.0,1.0,1.0,0.0,0.0,1.0,0.0,1.0,0.0,1.0
69.76659353779829,1.0,0.0,1.0,0.0,1.0,0.0,1.0,1.0,0.0,1.0
53.3428297267691,0.0,0.0,1.0,1.0,1.0,1.0,0.0,1.0,0.0,1.0
47.21242323264464,1.0,0.0,0.0,0.0,1.0,1.0,1.0,1.0,1.0,1.0
52.09761129919455,0.0,1.0,1.0,1.0,1.0,1.0,0.0,1.0,1.0,1.0
46.36797241390617,0.0,0.0,0.0,1.0,0.0,0.0,0.0,1.0,0.0,0.0
40.39558464989702,1.0,1.0,0.0,0.0,1.0,1.0,1.0,1.0,1.0,1.0
26.56827849260674,1.0,1.0,1.0,0.0,1.0,0.0,0.0,1.0,1.0,0.0
57.126329934556715,1.0,0.0,0.0,0.0,0.0,0.0,0.0,0.0,1.0,0.0
11.716887503166433,0.0,0.0,0.0,0.0,1.0,1.0,0.0,1.0,1.0,0.0
48.49854312792687,1.0,1.0,1.0,1.0,0.0,1.0,0.0,0.0,1.0,0.0
55.278264625757856,1.0,1.0,0.0,0.0,0.0,0.0,1.0,1.0,0.0,0.0
25.266238711724082,0.0,0.0,1.0,1.0,0.0,1.0,0.0,0.0,0.0,0.0
47.94013314042278,0.0,0.0,0.0,0.0,0.0,0.0,1.0,0.0,1.0,1.0
69.26341755321126,1.0,0.0,1.0,0.0,0.0,1.0,1.0,1.0,0.0,0.0
11.282527827243445,1.0,1.0,1.0,0.0,1.0,1.0,1.0,0.0,1.0,0.0
9.155630782632937,0.0,0.0,1.0,1.0,1.0,1.0,1.0,1.0,0.0,0.0
61.81718570932552,1.0,1.0,0.0,1.0,1.0,1.0,1.0,0.0,1.0,1.0
4.591872108885561,1.0,0.0,1.0,0.0,1.0,0.0,0.0,1.0,1.0,1.0
10.533154106171795,1.0,0.0,1.0,1.0,0.0,0.0,0.0,1.0,0.0,1.0
20.611477251862837,0.0,1.0,1.0,1.0,1.0,1.0,0.0,0.0,1.0,0.0
6.920327318565984,1.0,1.0,0.0,1.0,0.0,0.0,1.0,0.0,0.0,0.0
30.31376915918524,1.0,1.0,1.0,0.0,1.0,0.0,0.0,1.0,1.0,0.0
6.359293252422085,0.0,0.0,0.0,1.0,0.0,0.0,1.0,0.0,1.0,0.0
24.87932095760695,1.0,1.0,0.0,1.0,0.0,1.0,0.0,1.0,0.0,0.0
13.480367444990355,0.0,1.0,1.0,0.0,1.0,1.0,0.0,1.0,1.0,1.0
56.973675077203595,1.0,0.0,0.0,0.0,0.0,0.0,0.0,0.0,1.0,0.0
10.774334684728982,1.0,0.0,0.0,1.0,0.0,1.0,0.0,1.0,1.0,0.0
13.791362924946448,1.0,0.0,0.0,0.0,1.0,1.0,0.0,1.0,0.0,0.0
61.25897698791705,1.0,0.0,1.0,0.0,0.0,1.0,0.0,0.0,0.0,0.0
51.94561094509101,0.0,0.0,0.0,0.0,0.0,1.0,0.0,0.0,0.0,1.0
53.93107675925641,0.0,0.0,1.0,0.0,1.0,0.0,1.0,1.0,1.0,0.0
15.348693678659938,0.0,1.0,0.0,0.0,1.0,0.0,1.0,1.0,1.0,1.0
11.472993868040525,1.0,0.0,0.0,0.0,1.0,1.0,0.0,1.0,0.0,0.0
35.4716830611023,0.0,0.0,1.0,1.0,0.0,0.0,1.0,1.0,1.0,0.0
24.737346131230364,1.0,1.0,1.0,0.0,1.0,1.0,1.0,0.0,0.0,0.0
65.2243795926575,1.0,1.0,0.0,0.0,1.0,1.0,1.0,0.0,1.0,1.0
42.97032791744216,1.0,0.0,0.0,1.0,1.0,1.0,1.0,0.0,1.0,0.0
21.727801834263303,1.0,1.0,1.0,1.0,0.0,0.0,0.0,1.0,1.0,1.0
8.418203472710054,0.0,0.0,0.0,1.0,0.0,0.0,1.0,0.0,1.0,0.0
26.532364292723457,0.0,0.0,1.0,1.0,0.0,1.0,0.0,0.0,0.0,0.0
57.02122195595267,0.0,1.0,0.0,1.0,0.0,0.0,1.0,1.0,0.0,0.0
4.136264833801563,0.0,1.0,1.0,0.0,1.0,1.0,0.0,0.0,0.0,1.0
45.78473482359563,1.0,1.0,0.0,1.0,1.0,1.0,0.0,1.0,1.0,1.0
2.024906051851935,0.0,0.0,0.0,1.0,0.0,1.0,1.0,0.0,0.0,0.0
60.77579252184308,0.0,1.0,0.0,1.0,1.0,1.0,0.0,0.0,1.0,0.0
13.763707372526635,0.0,1.0,0.0,1.0,0.0,1.0,1.0,1.0,0.0,0.0
12.010912357879116,0.0,1.0,1.0,0.0,0.0,1.0,1.0,1.0,1.0,0.0
65.65265151293181,1.0,1.0,0.0,0.0,1.0,0.0,1.0,0.0,0.0,0.0
44.267151701749455,1.0,1.0,0.0,0.0,1.0,1.0,1.0,1.0,1.0,1.0
30.80828307493202,1.0,0.0,1.0,0.0,1.0,0.0,1.0,1.0,1.0,1.0
33.37333051578087,1.0,0.0,1.0,0.0,1.0,0.0,1.0,1.0,0.0,1.0
8.747158442506777,1.0,0.0,1.0,0.0,1.0,0.0,0.0,1.0,1.0,1.0
51.94473074141348,1.0,0.0,0.0,0.0,1.0,0.0,0.0,1.0,0.0,0.0
15.436850687590761,0.0,1.0,1.0,0.0,1.0,1.0,0.0,1.0,1.0,1.0
3.6519637563261917,1.0,0.0,0.0,1.0,0.0,0.0,1.0,0.0,0.0,0.0
3.089106463084961,0.0,0.0,0.0,0.0,1.0,0.0,0.0,1.0,1.0,1.0
7.551459032278364,0.0,0.0,1.0,1.0,1.0,1.0,1.0,1.0,0.0,1.0
29.93753189175512,0.0,1.0,0.0,0.0,0.0,1.0,0.0,0.0,0.0,1.0
43.98048732696367,1.0,0.0,1.0,1.0,0.0,0.0,0.0,0.0,1.0,1.0
36.52867666422613,1.0,0.0,1.0,1.0,1.0,0.0,0.0,1.0,1.0,0.0
8.412665588834978,0.0,1.0,0.0,0.0,1.0,0.0,1.0,1.0,0.0,1.0
32.162407657501,0.0,1.0,0.0,1.0,0.0,0.0,1.0,0.0,0.0,0.0
18.78885227818202,1.0,1.0,0.0,0.0,0.0,1.0,0.0,0.0,1.0,1.0
5.258079903796873,0.0,1.0,0.0,0.0,0.0,0.0,1.0,1.0,1.0,1.0
59.99038330190342,0.0,0.0,1.0,1.0,1.0,1.0,0.0,1.0,1.0,1.0
13.62315779456831,1.0,1.0,0.0,0.0,0.0,1.0,1.0,1.0,1.0,1.0
13.760491441928664,1.0,1.0,1.0,0.0,1.0,0.0,0.0,1.0,1.0,0.0
45.087030605071476,1.0,1.0,0.0,0.0,1.0,1.0,1.0,1.0,1.0,1.0
46.627764201548985,1.0,1.0,0.0,0.0,0.0,1.0,1.0,1.0,1.0,1.0
20.25978857319859,0.0,1.0,0.0,1.0,1.0,1.0,1.0,1.0,0.0,1.0
29.354448363364845,0.0,0.0,0.0,0.0,1.0,0.0,1.0,0.0,0.0,1.0
50.678632786094056,0.0,0.0,1.0,0.0,1.0,1.0,0.0,1.0,1.0,0.0
62.19057690221196,1.0,1.0,1.0,0.0,1.0,0.0,0.0,0.0,1.0,0.0
3.0113845022295966,1.0,0.0,0.0,1.0,0.0,0.0,1.0,0.0,0.0,0.0
6.1195710149927525,0.0,0.0,0.0,0.0,1.0,0.0,0.0,0.0,1.0,1.0
43.439326941146724,1.0,1.0,1.0,0.0,1.0,1.0,0.0,0.0,0.0,1.0
41.616326374070496,0.0,0.0,0.0,1.0,0.0,0.0,0.0,1.0,1.0,0.0
65.80729311636965,1.0,0.0,0.0,0.0,1.0,1.0,1.0,0.0,1.0,0.0
63.564776954826065,0.0,0.0,1.0,1.0,0.0,0.0,0.0,0.0,0.0,1.0
35.918615536894315,1.0,0.0,0.0,1.0,0.0,1.0,0.0,0.0,1.0,0.0
46.4625615103692,1.0,0.0,1.0,1.0,1.0,1.0,0.0,1.0,0.0,1.0
51.9542867329987,0.0,1.0,0.0,1.0,0.0,0.0,1.0,0.0,0.0,0.0
38.72799964586741,1.0,1.0,0.0,0.0,1.0,0.0,0.0,0.0,0.0,1.0
26.705324465476362,1.0,1.0,0.0,0.0,0.0,1.0,1.0,0.0,0.0,1.0
35.00387826252346,0.0,1.0,1.0,0.0,1.0,0.0,0.0,0.0,0.0,0.0
51.36857637433275,0.0,1.0,0.0,0.0,0.0,0.0,0.0,0.0,1.0,0.0
4.527391024028088,1.0,1.0,0.0,0.0,1.0,0.0,1.0,1.0,1.0,0.0
56.68286023074517,1.0,0.0,1.0,0.0,1.0,1.0,0.0,0.0,0.0,0.0
65.89023829628054,1.0,1.0,1.0,0.0,1.0,1.0,1.0,1.0,0.0,0.0
17.118904516375164,0.0,1.0,1.0,0.0,1.0,0.0,1.0,1.0,1.0,1.0
14.802141357379393,0.0,1.0,1.0,0.0,0.0,1.0,0.0,1.0,1.0,1.0
62.87625940648023,1.0,1.0,0.0,0.0,0.0,0.0,0.0,0.0,0.0,1.0
34.42676081912893,0.0,0.0,1.0,1.0,0.0,0.0,0.0,1.0,0.0,0.0
44.836079401130974,0.0,0.0,0.0,0.0,0.0,1.0,0.0,1.0,0.0,0.0
37.5959892572382,0.0,0.0,1.0,0.0,1.0,1.0,1.0,0.0,0.0,1.0
48.87934974354256,1.0,1.0,0.0,1.0,1.0,1.0,0.0,0.0,1.0,0.0
17.64415223702521,0.0,1.0,0.0,1.0,0.0,1.0,1.0,0.0,0.0,1.0
46.070460380934016,0.0,0.0,0.0,0.0,0.0,0.0,0.0,1.0,1.0,1.0
55.8156327574619,1.0,0.0,0.0,0.0,1.0,1.0,1.0,1.0,0.0,1.0
63.49131620408204,1.0,0.0,1.0,1.0,0.0,0.0,1.0,1.0,0.0,1.0
54.84626518423846,0.0,0.0,0.0,1.0,1.0,1.0,1.0,1.0,0.0,1.0
58.922932000332935,0.0,1.0,0.0,1.0,0.0,0.0,0.0,1.0,0.0,0.0
22.888852177993847,1.0,1.0,0.0,0.0,0.0,1.0,0.0,0.0,1.0,1.0
24.310452127173548,1.0,1.0,1.0,0.0,1.0,0.0,1.0,0.0,0.0,1.0
28.060060771783856,0.0,1.0,1.0,1.0,1.0,1.0,0.0,0.0,1.0,1.0
28.773223445053315,1.0,1.0,0.0,0.0,0.0,0.0,0.0,0.0,1.0,1.0
55.666457836028165,1.0,0.0,1.0,1.0,0.0,1.0,0.0,0.0,0.0,1.0
21.155434895907675,1.0,1.0,0.0,0.0,1.0,0.0,0.0,1.0,0.0,0.0
13.767537019672593,0.0,1.0,1.0,0.0,1.0,1.0,1.0,1.0,1.0,0.0
63.43446238258438,1.0,1.0,0.0,1.0,1.0,1.0,1.0,0.0,1.0,0.0
53.457711818566096,1.0,0.0,1.0,0.0,1.0,0.0,1.0,0.0,0.0,0.0
57.00386884334052,0.0,0.0,0.0,0.0,0.0,1.0,1.0,1.0,0.0,1.0
36.13207253056453,0.0,1.0,1.0,1.0,1.0,0.0,0.0,0.0,1.0,1.0
7.544514696097487,0.0,0.0,1.0,1.0,1.0,0.0,1.0,0.0,1.0,0.0
39.36779647096098,0.0,0.0,1.0,1.0,0.0,1.0,1.0,0.0,0.0,1.0
66.07839224378655,0.0,1.0,0.0,0.0,1.0,0.0,1.0,1.0,0.0,0.0
45.33109592800412,0.0,0.0,0.0,0.0,0.0,0.0,0.0,1.0,1.0,1.0
54.45179782283602,0.0,0.0,0.0,0.0,0.0,1.0,1.0,1.0,0.0,1.0
12.61023150123206,0.0,0.0,1.0,1.0,1.0,1.0,1.0,1.0,0.0,0.0
15.16228673363746,1.0,0.0,1.0,1.0,0.0,0.0,0.0,0.0,0.0,0.0
1.0,1.0,1.0,0.0,1.0,0.0,0.0,1.0,1.0,1.0,1.0
54.55701274617404,1.0,0.0,0.0,0.0,1.0,0.0,0.0,0.0,1.0,1.0
41.174518694438056,0.0,0.0,0.0,1.0,0.0,0.0,0.0,1.0,0.0,0.0
31.229746204285973,0.0,0.0,1.0,1.0,0.0,0.0,1.0,1.0,1.0,0.0
10.703287549199484,0.0,1.0,1.0,0.0,1.0,1.0,0.0,0.0,0.0,1.0
7.213489949067388,0.0,0.0,0.0,0.0,1.0,0.0,0.0,0.0,1.0,1.0
69.56044378245856,0.0,0.0,0.0,1.0,0.0,0.0,0.0,0.0,0.0,1.0
64.63543473346382,1.0,0.0,1.0,0.0,1.0,1.0,0.0,1.0,0.0,0.0
36.15122886744497,1.0,1.0,0.0,0.0,1.0,0.0,0.0,0.0,0.0,1.0
57.558884520696374,1.0,0.0,1.0,0.0,0.0,0.0,1.0,1.0,0.0,0.0
45.384606270334054,0.0,0.0,1.0,1.0,0.0,0.0,1.0,0.0,1.0,1.0
61.91057917851668,1.0,0.0,1.0,0.0,0.0,0.0,1.0,1.0,1.0,1.0
40.98575287445652,1.0,1.0,0.0,1.0,0.0,1.0,1.0,0.0,1.0,1.0
13.068991261035906,1.0,1.0,1.0,1.0,1.0,0.0,1.0,1.0,0.0,1.0
58.32569489204512,1.0,1.0,0.0,0.0,0.0,0.0,1.0,0.0,0.0,0.0
20.48576756470954,0.0,0.0,0.0,0.0,1.0,1.0,0.0,0.0,1.0,1.0
10.444738568809434,1.0,0.0,0.0,0.0,1.0,0.0,0.0,1.0,1.0,1.0
2.3473002222318593,0.0,1.0,0.0,0.0,1.0,1.0,0.0,1.0,1.0,0.0
38.66933343915099,1.0,0.0,1.0,0.0,0.0,0.0,1.0,1.0,1.0,0.0
9.97769362591833,1.0,0.0,0.0,0.0,1.0,1.0,0.0,1.0,0.0,0.0
18.226018147243842,1.0,0.0,1.0,1.0,0.0,1.0,0.0,1.0,1.0,0.0
52.98409896061909,0.0,1.0,0.0,1.0,0.0,0.0,1.0,0.0,0.0,0.0
29.600442435140007,1.0,1.0,1.0,0.0,0.0,1.0,0.0,0.0,0.0,1.0
31.40707034792862,1.0,1.0,1.0,1.0,0.0,0.0,0.0,0.0,1.0,0.0
54.55984501542391,1.0,0.0,0.0,0.0,1.0,0.0,0.0,0.0,1.0,1.0
57.45184792628194,0.0,1.0,0.0,0.0,0.0,0.0,0.0,0.0,0.0,0.0
54.56675657856926,0.0,1.0,0.0,0.0,0.0,0.0,1.0,1.0,0.0,0.0
56.59018173368667,1.0,0.0,0.0,0.0,1.0,1.0,1.0,1.0,0.0,1.0
12.688779102729747,0.0,1.0,0.0,0.0,0.0,0.0,0.0,1.0,1.0,1.0
13.71275763767806,0.0,1.0,1.0,0.0,1.0,0.0,1.0,1.0,1.0,1.0
13.437812457959202,1.0,0.0,1.0,1.0,0.0,1.0,0.0,0.0,0.0,1.0
12.022684036220657,0.0,0.0,0.0,0.0,0.0,0.0,0.0,1.0,0.0,1.0
11.077129346811066,0.0,0.0,1.0,1.0,0.0,1.0,0.0,0.0,1.0,0.0
16.10994037547859,0.0,1.0,1.0,0.0,1.0,1.0,1.0,1.0,1.0,1.0
13.027036012898721,1.0,1.0,0.0,0.0,0.0,1.0,1.0,1.0,1.0,1.0
65.82599947029497,1.0,0.0,1.0,1.0,0.0,0.0,1.0,1.0,0.0,1.0
61.99388941281357,0.0,0.0,1.0,0.0,1.0,0.0,1.0,0.0,1.0,0.0
18.45967546480131,0.0,1.0,1.0,0.0,0.0,0.0,1.0,1.0,1.0,1.0
32.055253079116326,0.0,1.0,0.0,1.0,0.0,0.0,0.0,0.0,0.0,0.0
11.36153409558974,0.0,0.0,0.0,0.0,1.0,1.0,0.0,1.0,1.0,0.0
62.0994152126561,1.0,0.0,1.0,0.0,0.0,1.0,1.0,1.0,0.0,1.0
50.7397490579443,0.0,1.0,0.0,0.0,1.0,0.0,1.0,1.0,1.0,0.0
71.33743141791865,0.0,0.0,1.0,0.0,0.0,1.0,1.0,1.0,1.0,0.0
65.5858742430227,1.0,1.0,1.0,1.0,0.0,0.0,1.0,1.0,0.0,1.0
11.06915803941617,0.0,1.0,0.0,0.0,1.0,1.0,1.0,0.0,1.0,1.0
35.71177296160736,0.0,1.0,0.0,1.0,0.0,0.0,1.0,0.0,0.0,0.0
4.822596340384953,1.0,0.0,0.0,1.0,0.0,0.0,0.0,1.0,0.0,1.0
65.63452698941018,1.0,0.0,1.0,0.0,0.0,0.0,1.0,0.0,1.0,0.0
34.947657961313375,0.0,0.0,0.0,0.0,0.0,1.0,0.0,0.0,1.0,1.0
43.22233391707904,1.0,0.0,0.0,0.0,0.0,0.0,1.0,0.0,1.0,1.0
41.94651784239386,1.0,0.0,0.0,1.0,0.0,1.0,0.0,0.0,1.0,0.0
63.876358136034455,0.0,1.0,0.0,0.0,1.0,0.0,1.0,0.0,0.0,0.0
25.180489751585164,0.0,1.0,1.0,1.0,1.0,1.0,0.0,0.0,1.0,0.0
52.03144837978874,1.0,0.0,1.0,1.0,0.0,1.0,0.0,0.0,0.0,1.0
41.73384141541546,1.0,1.0,1.0,0.0,1.0,1.0,0.0,0.0,0.0,1.0
62.001345846750965,0.0,0.0,0.0,0.0,1.0,1.0,0.0,1.0,1.0,1.0
12.668606787811216,0.0,1.0,0.0,1.0,0.0,1.0,1.0,1.0,1.0,0.0
52.92687279975518,1.0,1.0,1.0,1.0,1.0,1.0,0.0,1.0,1.0,1.0
31.467519249038627,0.0,0.0,0.0,0.0,1.0,0.0,1.0,0.0,0.0,1.0
63.76551368127168,0.0,1.0,0.0,0.0,1.0,0.0,1.0,0.0,0.0,0.0
62.38564928602358,1.0,1.0,1.0,1.0,0.0,0.0,1.0,1.0,0.0,1.0
32.57960466053368,0.0,0.0,0.0,0.0,1.0,0.0,1.0,0.0,0.0,1.0
39.90688229985714,0.0,1.0,1.0,0.0,0.0,1.0,0.0,1.0,0.0,1.0
4.319037011855683,1.0,0.0,0.0,1.0,0.0,0.0,0.0,0.0,0.0,1.0
63.76364146388035,1.0,0.0,0.0,0.0,0.0,0.0,1.0,0.0,1.0,0.0
34.832715842668954,0.0,1.0,1.0,0.0,0.0,1.0,0.0,1.0,1.0,1.0
47.56554597413586,0.0,1.0,0.0,1.0,0.0,0.0,1.0,0.0,0.0,0.0
22.281266763520442,1.0,1.0,1.0,0.0,0.0,0.0,0.0,0.0,1.0,1.0
46.26425596104457,0.0,0.0,1.0,1.0,0.0,0.0,1.0,0.0,1.0,1.0
49.86235875308561,0.0,0.0,0.0,1.0,1.0,0.0,0.0,0.0,1.0,0.0
47.531421425897086,1.0,1.0,0.0,1.0,1.0,0.0,1.0,0.0,1.0,1.0
30.98186677800954,0.0,0.0,0.0,1.0,0.0,0.0,0.0,1.0,1.0,1.0
39.39302060830843,0.0,1.0,0.0,0.0,1.0,0.0,1.0,0.0,1.0,0.0
33.56842014286001,1.0,0.0,0.0,0.0,0.0,0.0,1.0,0.0,1.0,1.0
8.826523782274869,0.0,0.0,0.0,1.0,0.0,1.0,1.0,0.0,0.0,0.0
9.42061480081304,0.0,1.0,0.0,1.0,0.0,0.0,1.0,1.0,1.0,1.0
55.36873662614877,0.0,0.0,0.0,0.0,0.0,1.0,0.0,0.0,0.0,1.0
57.95958957117105,0.0,0.0,0.0,1.0,1.0,1.0,0.0,1.0,1.0,1.0
10.384900988626608,0.0,0.0,0.0,1.0,1.0,0.0,1.0,0.0,1.0,0.0
69.7793634349699,1.0,1.0,1.0,0.0,1.0,1.0,1.0,0.0,1.0,0.0
24.594996504711588,0.0,1.0,0.0,0.0,1.0,1.0,0.0,0.0,0.0,1.0
47.28939886061959,0.0,0.0,0.0,0.0,0.0,0.0,0.0,1.0,1.0,0.0
64.82607432945775,1.0,0.0,1.0,0.0,0.0,0.0,1.0,1.0,1.0,1.0
40.90482786345304,1.0,0.0,0.0,0.0,0.0,0.0,1.0,0.0,1.0,0.0
40.28846542501047,0.0,1.0,0.0,0.0,0.0,0.0,1.0,0.0,0.0,0.0
46.18527784623423,0.0,0.0,0.0,0.0,0.0,0.0,0.0,1.0,1.0,1.0
45.54180855599386,1.0,1.0,0.0,0.0,1.0,0.0,0.0,0.0,0.0,1.0
8.059192152229278,0.0,0.0,0.0,1.0,1.0,0.0,1.0,0.0,0.0,0.0
26.540077381815085,1.0,0.0,0.0,0.0,1.0,0.0,1.0,0.0,1.0,0.0
15.746102213123955,0.0,1.0,1.0,0.0,0.0,1.0,1.0,1.0,0.0,0.0
18.350524404490915,0.0,1.0,0.0,0.0,0.0,0.0,1.0,1.0,0.0,1.0
29.6563059092423,0.0,0.0,0.0,1.0,0.0,0.0,1.0,0.0,0.0,1.0
59.147112122708904,1.0,0.0,1.0,1.0,1.0,0.0,1.0,0.0,0.0,0.0
60.9441309689913,1.0,1.0,0.0,0.0,1.0,1.0,0.0,1.0,0.0,0.0
1.9534381320133836,0.0,0.0,0.0,0.0,1.0,1.0,0.0,0.0,1.0,1.0
34.21626690962406,1.0,1.0,1.0,0.0,1.0,0.0,0.0,1.0,1.0,0.0
7.439791352651785,1.0,1.0,0.0,1.0,0.0,1.0,0.0,1.0,1.0,1.0
19.303796306180004,1.0,1.0,1.0,1.0,1.0,1.0,1.0,0.0,0.0,0.0
14.7123673920715,1.0,0.0,0.0,1.0,0.0,0.0,0.0,1.0,1.0,0.0
43.56152058713493,0.0,0.0,0.0,0.0,0.0,0.0,0.0,1.0,1.0,1.0
60.365091332175375,1.0,0.0,1.0,1.0,0.0,0.0,0.0,1.0,0.0,1.0
7.88784594103989,0.0,0.0,0.0,0.0,1.0,0.0,0.0,0.0,1.0,1.0
36.651986309834896,1.0,1.0,1.0,0.0,1.0,0.0,0.0,0.0,1.0,1.0
57.656827798115394,1.0,0.0,0.0,0.0,0.0,0.0,0.0,0.0,1.0,0.0
62.34566776859412,0.0,0.0,0.0,1.0,0.0,1.0,1.0,0.0,0.0,0.0
9.680111061464562,0.0,1.0,1.0,0.0,1.0,1.0,0.0,1.0,1.0,1.0
6.295264959329527,1.0,1.0,1.0,1.0,1.0,1.0,0.0,1.0,0.0,0.0
22.712389001909674,1.0,1.0,1.0,1.0,1.0,1.0,1.0,0.0,0.0,0.0
21.351840340067227,0.0,1.0,0.0,0.0,1.0,1.0,0.0,0.0,0.0,1.0
1.0,1.0,0.0,1.0,1.0,0.0,1.0,0.0,0.0,1.0,0.0
38.6882207067729,1.0,0.0,0.0,1.0,0.0,0.0,1.0,0.0,1.0,1.0
2.9720679932404233,1.0,0.0,0.0,0.0,0.0,0.0,1.0,0.0,0.0,1.0
24.119204072521345,1.0,0.0,1.0,1.0,0.0,1.0,1.0,1.0,1.0,0.0
58.62847696435286,1.0,1.0,1.0,0.0,0.0,0.0,0.0,1.0,0.0,0.0
64.34860073832488,1.0,1.0,1.0,0.0,0.0,0.0,0.0,0.0,1.0,0.0
46.10150221206389,1.0,1.0,1.0,1.0,1.0,0.0,0.0,0.0,1.0,1.0
48.261073389623775,1.0,1.0,0.0,0.0,1.0,0.0,0.0,1.0,1.0,1.0
55.66676952938915,1.0,0.0,0.0,1.0,1.0,0.0,0.0,0.0,1.0,1.0
23.490704572756673,1.0,1.0,1.0,0.0,1.0,0.0,0.0,1.0,1.0,0.0
59.17454727053889,0.0,1.0,0.0,1.0,0.0,0.0,0.0,1.0,1.0,1.0
59.39861214568347,0.0,0.0,1.0,0.0,1.0,0.0,1.0,0.0,1.0,0.0
32.181401263439035,0.0,0.0,1.0,1.0,1.0,0.0,1.0,1.0,1.0,0.0
7.620787379156194,0.0,0.0,1.0,0.0,1.0,1.0,1.0,1.0,1.0,0.0
38.40071525016879,0.0,1.0,0.0,0.0,0.0,0.0,1.0,0.0,0.0,0.0
26.03974464122068,1.0,1.0,1.0,0.0,1.0,0.0,1.0,0.0,0.0,1.0
43.288021209735696,1.0,1.0,0.0,0.0,1.0,1.0,1.0,1.0,1.0,1.0
68.74109010427051,1.0,1.0,0.0,0.0,1.0,1.0,1.0,0.0,1.0,0.0
55.87353066691825,0.0,0.0,0.0,0.0,1.0,1.0,1.0,1.0,0.0,1.0
31.71169015714002,0.0,1.0,0.0,1.0,1.0,1.0,0.0,0.0,1.0,1.0
60.4170124291581,0.0,0.0,1.0,0.0,1.0,0.0,1.0,0.0,1.0,0.0
38.663135570490944,1.0,1.0,1.0,0.0,0.0,0.0,0.0,0.0,0.0,0.0
32.60419790145927,0.0,1.0,1.0,0.0,1.0,0.0,0.0,0.0,0.0,0.0
67.1669347412685,1.0,1.0,1.0,0.0,1.0,0.0,1.0,0.0,0.0,0.0
44.08959136493198,1.0,1.0,1.0,0.0,1.0,1.0,0.0,0.0,0.0,0.0
39.20714001220162,1.0,1.0,1.0,0.0,1.0,1.0,0.0,1.0,1.0,0.0
21.595158995329783,0.0,0.0,1.0,1.0,1.0,1.0,0.0,1.0,1.0,0.0
9.844753916824837,1.0,0.0,0.0,0.0,1.0,0.0,0.0,1.0,0.0,0.0
6.894103815637832,1.0,1.0,0.0,0.0,1.0,0.0,1.0,1.0,1.0,0.0
54.31031624909253,1.0,0.0,0.0,0.0,1.0,0.0,0.0,0.0,1.0,0.0
28.84912587345741,1.0,0.0,1.0,1.0,0.0,1.0,1.0,1.0,1.0,0.0
29.603836370840177,0.0,0.0,0.0,1.0,0.0,0.0,1.0,0.0,1.0,1.0
19.719393261930897,1.0,0.0,0.0,0.0,1.0,0.0,0.0,0.0,1.0,1.0
60.24361526171981,1.0,1.0,0.0,1.0,1.0,0.0,0.0,0.0,1.0,1.0
50.91050612559494,1.0,1.0,1.0,1.0,1.0,1.0,0.0,1.0,1.0,1.0
71.1095700437767,0.0,0.0,0.0,1.0,0.0,1.0,0.0,0.0,1.0,1.0
46.10241842554653,1.0,1.0,0.0,1.0,1.0,0.0,1.0,0.0,1.0,1.0
67.6983537873386,0.0,0.0,0.0,0.0,0.0,1.0,1.0,1.0,1.0,0.0
67.15647777063529,0.0,0.0,0.0,1.0,0.0,0.0,0.0,1.0,0.0,1.0
23.402267758003656,1.0,1.0,1.0,0.0,0.0,0.0,0.0,0.0,1.0,0.0
54.84081737494554,0.0,0.0,0.0,0.0,0.0,1.0,1.0,1.0,0.0,1.0
48.18389412178777,0.0,0.0,0.0,1.0,0.0,0.0,0.0,1.0,1.0,0.0
54.443650221737485,1.0,1.0,0.0,0.0,0.0,0.0,0.0,0.0,1.0,1.0
42.74336156046606,1.0,0.0,1.0,0.0,1.0,1.0,1.0,1.0,0.0,0.0
49.55541126130788,1.0,1.0,0.0,0.0,1.0,0.0,0.0,0.0,1.0,0.0
49.947525635997096,1.0,1.0,0.0,0.0,1.0,0.0,0.0,0.0,1.0,0.0
55.3737642644621,1.0,0.0,0.0,0.0,0.0,1.0,0.0,0.0,0.0,1.0
40.983748295993124,1.0,0.0,1.0,1.0,1.0,0.0,0.0,1.0,0.0,0.0
44.925448376962706,1.0,0.0,0.0,1.0,1.0,0.0,1.0,0.0,1.0,1.0
50.89479656737316,0.0,1.0,0.0,0.0,0.0,0.0,0.0,0.0,0.0,0.0
13.960379335574842,1.0,1.0,1.0,1.0,1.0,1.0,0.0,0.0,0.0,0.0
32.754639925326636,1.0,0.0,0.0,0.0,1.0,0.0,1.0,0.0,1.0,0.0
4.133016706588498,0.0,0.0,0.0,0.0,1.0,1.0,0.0,1.0,1.0,0.0
50.10120982053523,1.0,1.0,0.0,1.0,1.0,0.0,1.0,0.0,1.0,1.0
47.436878366621166,1.0,1.0,0.0,0.0,1.0,1.0,1.0,1.0,1.0,1.0
21.786702678994597,0.0,1.0,0.0,0.0,0.0,1.0,1.0,0.0,0.0,1.0
40.683653059983335,0.0,1.0,0.0,0.0,1.0,1.0,0.0,0.0,0.0,1.0
2.616032513868425,1.0,0.0,1.0,1.0,0.0,0.0,1.0,0.0,1.0,1.0
62.713631725087225,0.0,0.0,0.0,0.0,0.0,1.0,1.0,0.0,0.0,0.0
46.605261506418884,0.0,0.0,1.0,1.0,0.0,0.0,0.0,0.0,1.0,1.0
63.1256440015387,0.0,0.0,1.0,1.0,1.0,0.0,0.0,1.0,0.0,1.0
22.958609140893525,1.0,1.0,1.0,1.0,1.0,1.0,1.0,0.0,0.0,0.0
9.367907257526147,0.0,1.0,1.0,1.0,0.0,1.0,0.0,1.0,1.0,0.0
14.48972774049717,0.0,1.0,1.0,1.0,1.0,1.0,1.0,0.0,0.0,1.0
20.827354237816238,1.0,1.0,1.0,0.0,1.0,0.0,0.0,1.0,1.0,0.0
33.84944005087112,1.0,1.0,1.0,0.0,0.0,1.0,0.0,1.0,0.0,1.0
39.84051165371783,1.0,0.0,0.0,0.0,0.0,1.0,0.0,0.0,1.0,1.0
64.06431799362404,0.0,1.0,1.0,0.0,1.0,1.0,0.0,0.0,1.0,0.0
62.1904996226167,0.0,1.0,0.0,1.0,1.0,0.0,1.0,1.0,0.0,0.0
2.5553470659854307,1.0,0.0,0.0,1.0,0.0,1.0,1.0,0.0,0.0,0.0
41.17484073653111,1.0,1.0,0.0,0.0,1.0,0.0,0.0,0.0,0.0,1.0
58.03346347288066,1.0,0.0,1.0,1.0,0.0,1.0,0.0,0.0,0.0,1.0
35.51375313101884,1.0,0.0,1.0,1.0,1.0,0.0,0.0,1.0,0.0,0.0
37.44442701579212,0.0,0.0,0.0,0.0,0.0,1.0,0.0,0.0,1.0,1.0
5.0593059853530935,1.0,0.0,0.0,1.0,0.0,0.0,1.0,0.0,0.0,0.0
51.07652245162862,0.0,1.0,0.0,0.0,0.0,0.0,0.0,1.0,0.0,0.0
53.03302317452615,1.0,0.0,0.0,0.0,0.0,0.0,0.0,1.0,0.0,0.0
19.5962346297744,0.0,0.0,0.0,0.0,1.0,0.0,1.0,0.0,0.0,0.0
20.67505133537456,0.0,1.0,0.0,0.0,1.0,1.0,0.0,1.0,0.0,1.0
12.700766578689029,0.0,0.0,0.0,0.0,0.0,1.0,0.0,0.0,1.0,0.0
16.77622567560659,1.0,1.0,0.0,0.0,0.0,1.0,0.0,0.0,1.0,1.0
45.75115469940529,1.0,0.0,0.0,1.0,1.0,1.0,0.0,0.0,0.0,1.0
9.576772377854269,1.0,1.0,0.0,1.0,0.0,0.0,1.0,1.0,1.0,1.0
7.1324484418514915,0.0,0.0,0.0,1.0,1.0,1.0,0.0,1.0,1.0,1.0
10.221845447895195,1.0,1.0,1.0,0.0,1.0,1.0,1.0,0.0,1.0,0.0
52.14262528695165,0.0,1.0,0.0,1.0,0.0,0.0,1.0,0.0,0.0,0.0
14.457750127907754,1.0,0.0,0.0,0.0,1.0,1.0,1.0,1.0,1.0,0.0
65.55587180274779,0.0,1.0,0.0,1.0,1.0,0.0,1.0,1.0,0.0,0.0
57.01470025744174,1.0,1.0,1.0,1.0,1.0,1.0,0.0,1.0,1.0,1.0
10.582976839158698,1.0,0.0,0.0,0.0,0.0,0.0,1.0,0.0,0.0,1.0
38.04979204998856,0.0,0.0,0.0,0.0,0.0,1.0,0.0,0.0,1.0,1.0
7.169821653027529,0.0,0.0,0.0,0.0,1.0,1.0,0.0,1.0,1.0,0.0
16.436387281364638,0.0,0.0,1.0,1.0,1.0,1.0,1.0,1.0,0.0,0.0
49.68328699864892,0.0,0.0,1.0,1.0,1.0,1.0,1.0,1.0,0.0,1.0
15.620669797623833,0.0,1.0,0.0,0.0,0.0,0.0,1.0,0.0,0.0,1.0
36.30099925805142,1.0,1.0,0.0,0.0,1.0,0.0,0.0,0.0,1.0,1.0
36.23031465257956,1.0,1.0,1.0,1.0,1.0,1.0,0.0,1.0,0.0,1.0
37.742653869242794,0.0,1.0,1.0,1.0,0.0,0.0,1.0,0.0,1.0,0.0
8.525402210931286,0.0,1.0,0.0,0.0,0.0,0.0,1.0,1.0,1.0,1.0
54.0673784187666,0.0,1.0,0.0,1.0,0.0,0.0,0.0,1.0,1.0,0.0
37.035934355176344,1.0,1.0,0.0,1.0,0.0,1.0,1.0,0.0,1.0,1.0
61.53955990408517,1.0,1.0,0.0,0.0,0.0,0.0,0.0,0.0,0.0,1.0
18.958885630839344,0.0,1.0,1.0,0.0,0.0,1.0,0.0,1.0,1.0,1.0
51.901912025162616,1.0,1.0,0.0,0.0,1.0,0.0,0.0,0.0,1.0,0.0
41.07467207874008,1.0,1.0,1.0,1.0,1.0,0.0,1.0,0.0,1.0,1.0
37.28594668507384,0.0,0.0,1.0,0.0,0.0,1.0,0.0,0.0,1.0,1.0
59.22621501571956,1.0,1.0,0.0,0.0,1.0,0.0,1.0,0.0,1.0,0.0
39.92400822761706,1.0,0.0,1.0,0.0,0.0,0.0,1.0,0.0,1.0,0.0
10.668262294231251,0.0,1.0,1.0,1.0,1.0,1.0,0.0,0.0,0.0,0.0
57.42254564764556,0.0,1.0,0.0,0.0,0.0,0.0,1.0,0.0,0.0,0.0
60.64850892318138,0.0,0.0,1.0,0.0,1.0,0.0,1.0,0.0,1.0,0.0
59.474532857018495,0.0,0.0,0.0,1.0,1.0,1.0,0.0,1.0,1.0,1.0
65.11485500736467,0.0,1.0,0.0,0.0,1.0,0.0,1.0,0.0,0.0,0.0
48.61164034986986,1.0,0.0,1.0,1.0,1.0,1.0,1.0,1.0,0.0,1.0
53.815173360403016,0.0,1.0,0.0,1.0,0.0,0.0,0.0,1.0,1.0,0.0
42.19015721248751,1.0,0.0,0.0,1.0,1.0,1.0,1.0,0.0,1.0,0.0
31.33593538645011,1.0,1.0,0.0,0.0,1.0,0.0,1.0,1.0,0.0,1.0
17.00083497713129,1.0,1.0,0.0,1.0,0.0,1.0,0.0,0.0,1.0,1.0
7.663133249709131,1.0,0.0,0.0,0.0,0.0,1.0,1.0,0.0,0.0,1.0
23.456822524694143,0.0,1.0,1.0,1.0,1.0,1.0,0.0,0.0,1.0,0.0
61.7690813273243,0.0,0.0,1.0,0.0,1.0,1.0,0.0,1.0,0.0,0.0
8.286372727914646,1.0,0.0,1.0,0.0,0.0,0.0,1.0,0.0,0.0,1.0
7.046917432207227,0.0,1.0,0.0,1.0,1.0,1.0,0.0,1.0,1.0,1.0
9.471100172176545,1.0,0.0,1.0,0.0,1.0,0.0,0.0,1.0,1.0,1.0
39.67926668857285,1.0,1.0,0.0,0.0,1.0,1.0,1.0,1.0,1.0,1.0
64.19345781091374,0.0,0.0,0.0,0.0,0.0,1.0,0.0,0.0,1.0,1.0
6.112518248702341,0.0,1.0,0.0,1.0,1.0,1.0,0.0,1.0,0.0,1.0
40.62603355468257,0.0,1.0,1.0,0.0,1.0,0.0,0.0,0.0,0.0,0.0
62.352478905267375,1.0,1.0,1.0,1.0,1.0,1.0,0.0,0.0,1.0,1.0
12.99905716812618,0.0,1.0,1.0,1.0,0.0,1.0,1.0,1.0,1.0,0.0
22.71299059381956,1.0,0.0,0.0,0.0,0.0,0.0,0.0,0.0,0.0,0.0
22.527417763982182,0.0,1.0,0.0,0.0,0.0,1.0,1.0,1.0,0.0,1.0
6.644185540508831,0.0,1.0,0.0,0.0,0.0,0.0,1.0,1.0,1.0,1.0
70.6482196475239,0.0,1.0,0.0,1.0,1.0,0.0,1.0,1.0,0.0,0.0
59.378539267552554,1.0,1.0,1.0,0.0,1.0,1.0,1.0,0.0,1.0,0.0
7.484232615519139,0.0,1.0,1.0,1.0,0.0,1.0,0.0,0.0,0.0,1.0
53.90149378044892,1.0,0.0,1.0,1.0,0.0,0.0,1.0,1.0,0.0,1.0
16.346424318060464,1.0,0.0,0.0,0.0,1.0,1.0,1.0,1.0,1.0,0.0
62.813437620893154,0.0,0.0,0.0,1.0,1.0,1.0,0.0,1.0,1.0,1.0
50.85323224079708,1.0,0.0,0.0,0.0,1.0,0.0,0.0,1.0,0.0,0.0
30.528614549279716,1.0,1.0,1.0,1.0,0.0,0.0,0.0,0.0,0.0,0.0
20.091823245667484,0.0,0.0,0.0,0.0,1.0,1.0,0.0,0.0,0.0,1.0
62.9028691200357,1.0,0.0,1.0,0.0,1.0,1.0,1.0,1.0,0.0,0.0
29.83627773540422,0.0,0.0,1.0,1.0,0.0,1.0,1.0,0.0,0.0,1.0
58.2573109290794,1.0,0.0,0.0,1.0,0.0,1.0,1.0,1.0,1.0,1.0
44.55035258318154,0.0,0.0,1.0,1.0,0.0,0.0,1.0,0.0,1.0,1.0
8.450087730472784,1.0,0.0,0.0,0.0,1.0,1.0,0.0,1.0,0.0,0.0
27.915179402969876,1.0,1.0,1.0,0.0,1.0,1.0,1.0,0.0,0.0,0.0
25.289795095718997,1.0,0.0,0.0,0.0,1.0,0.0,0.0,0.0,1.0,1.0
41.21754873809184,1.0,0.0,0.0,1.0,1.0,1.0,1.0,0.0,1.0,0.0
19.16301237471022,1.0,1.0,1.0,1.0,1.0,1.0,1.0,0.0,0.0,0.0
12.936724208524632,1.0,1.0,0.0,1.0,0.0,0.0,1.0,0.0,0.0,0.0
54.384373822470984,0.0,0.0,0.0,1.0,0.0,1.0,1.0,0.0,0.0,1.0
57.64598446040243,0.0,0.0,0.0,0.0,0.0,1.0,0.0,1.0,0.0,0.0
41.84863183672153,1.0,1.0,0.0,0.0,1.0,1.0,1.0,1.0,1.0,1.0
6.584907488169475,0.0,1.0,0.0,0.0,0.0,1.0,0.0,1.0,0.0,0.0
53.35206824300764,0.0,1.0,0.0,1.0,0.0,0.0,0.0,1.0,1.0,0.0
10.773161689330783,0.0,0.0,0.0,1.0,1.0,1.0,1.0,1.0,0.0,0.0
71.44276973970224,1.0,1.0,0.0,1.0,1.0,1.0,1.0,0.0,1.0,0.0
45.5815041627184,1.0,0.0,0.0,0.0,0.0,0.0,1.0,0.0,1.0,1.0
41.37050019938102,1.0,1.0,1.0,0.0,0.0,0.0,0.0,0.0,1.0,0.0
8.704277527451556,0.0,0.0,1.0,1.0,1.0,1.0,1.0,1.0,0.0,1.0
20.971510168733044,1.0,1.0,1.0,1.0,1.0,1.0,1.0,1.0,0.0,0.0
54.46252792855676,1.0,0.0,1.0,0.0,1.0,1.0,1.0,1.0,0.0,1.0
64.4236202164597,1.0,1.0,1.0,0.0,0.0,0.0,0.0,1.0,0.0,0.0
45.8307506272012,1.0,0.0,1.0,1.0,1.0,1.0,0.0,1.0,0.0,1.0
50.16126926742424,0.0,1.0,1.0,0.0,0.0,0.0,1.0,1.0,0.0,0.0
4.733669163448304,1.0,1.0,1.0,1.0,1.0,1.0,0.0,1.0,0.0,0.0
17.054497319338008,0.0,1.0,1.0,0.0,0.0,0.0,0.0,1.0,1.0,1.0
44.522761459982796,0.0,0.0,1.0,1.0,0.0,0.0,0.0,0.0,1.0,1.0
45.52249285348198,1.0,0.0,1.0,1.0,1.0,1.0,0.0,1.0,0.0,1.0
37.550325991039465,1.0,0.0,1.0,1.0,1.0,0.0,0.0,1.0,0.0,0.0
48.3386698983878,0.0,0.0,0.0,1.0,0.0,0.0,0.0,1.0,0.0,0.0
9.235763642257847,1.0,0.0,1.0,1.0,0.0,1.0,1.0,0.0,0.0,1.0
18.84051187886195,0.0,1.0,1.0,0.0,0.0,0.0,1.0,1.0,0.0,1.0
56.3322839715756,1.0,0.0,1.0,1.0,0.0,0.0,1.0,1.0,0.0,1.0
15.14676517933134,0.0,1.0,1.0,0.0,1.0,1.0,1.0,1.0,1.0,1.0
4.9656090641132336,0.0,1.0,1.0,0.0,0.0,1.0,0.0,1.0,0.0,1.0
53.17817645402477,1.0,0.0,0.0,1.0,0.0,1.0,1.0,0.0,0.0,1.0
13.262385775242706,1.0,0.0,1.0,1.0,1.0,1.0,0.0,0.0,0.0,0.0
69.37977722749572,0.0,0.0,1.0,0.0,1.0,1.0,1.0,1.0,0.0,0.0
60.88517702523472,1.0,1.0,0.0,0.0,0.0,0.0,0.0,0.0,0.0,1.0
50.56463364556372,1.0,0.0,1.0,0.0,1.0,0.0,0.0,0.0,1.0,1.0
8.564619196100331,0.0,0.0,0.0,0.0,1.0,1.0,0.0,0.0,1.0,0.0
32.31872091226468,1.0,0.0,1.0,0.0,0.0,0.0,1.0,0.0,0.0,1.0
37.5452078725931,0.0,0.0,0.0,0.0,0.0,0.0,0.0,1.0,1.0,1.0
13.989852598638777,1.0,0.0,1.0,1.0,0.0,0.0,0.0,0.0,0.0,0.0
55.620436399385575,0.0,0.0,1.0,1.0,1.0,1.0,0.0,1.0,1.0,1.0
39.452550605057056,1.0,0.0,0.0,0.0,0.0,0.0,1.0,0.0,0.0,1.0
4.848401024772649,0.0,1.0,0.0,0.0,1.0,0.0,1.0,1.0,0.0,1.0
67.27367179006433,0.0,0.0,1.0,1.0,0.0,1.0,0.0,1.0,0.0,0.0
21.97989355044392,0.0,0.0,1.0,1.0,0.0,1.0,0.0,1.0,1.0,0.0
31.91499478033563,1.0,1.0,1.0,0.0,1.0,0.0,0.0,0.0,1.0,0.0
69.1006972022369,1.0,0.0,1.0,0.0,0.0,0.0,0.0,1.0,0.0,0.0
29.40241753419378,0.0,0.0,0.0,1.0,0.0,1.0,1.0,0.0,1.0,1.0
53.944727096145336,0.0,1.0,0.0,1.0,0.0,0.0,1.0,0.0,0.0,0.0
40.77856693351145,0.0,0.0,0.0,1.0,0.0,0.0,0.0,1.0,0.0,0.0
4.5996183401558675,1.0,1.0,1.0,1.0,0.0,1.0,0.0,1.0,1.0,0.0
64.63129081219247,0.0,1.0,0.0,0.0,0.0,0.0,0.0,0.0,1.0,1.0
53.675195088983045,0.0,1.0,1.0,0.0,0.0,0.0,0.0,1.0,0.0,0.0
70.63609419205497,0.0,0.0,0.0,0.0,1.0,0.0,0.0,1.0,0.0,1.0
57.678296694729795,1.0,0.0,0.0,0.0,1.0,0.0,0.0,0.0,1.0,1.0
40.59711812817842,1.0,1.0,0.0,0.0,1.0,1.0,1.0,1.0,1.0,1.0
7.478493279341089,1.0,1.0,0.0,1.0,0.0,1.0,1.0,1.0,1.0,1.0
37.916488836365076,0.0,1.0,1.0,0.0,0.0,1.0,0.0,1.0,0.0,1.0
30.465368134750808,0.0,0.0,1.0,0.0,0.0,0.0,0.0,1.0,1.0,1.0
66.97955962727669,1.0,1.0,0.0,1.0,1.0,1.0,1.0,0.0,1.0,1.0
64.84198633140429,0.0,1.0,0.0,0.0,1.0,0.0,1.0,0.0,0.0,0.0
43.65524693903113,1.0,1.0,0.0,0.0,1.0,0.0,0.0,0.0,1.0,0.0
1.025549245182864,0.0,1.0,1.0,0.0,1.0,1.0,0.0,1.0,0.0,1.0
8.190566824525312,0.0,1.0,1.0,0.0,1.0,1.0,1.0,1.0,1.0,0.0
20.681296911175973,0.0,1.0,1.0,0.0,0.0,1.0,1.0,1.0,1.0,1.0
61.158911901004764,1.0,1.0,1.0,0.0,1.0,0.0,1.0,0.0,0.0,0.0
54.977943318212496,1.0,1.0,0.0,0.0,0.0,0.0,1.0,1.0,0.0,1.0
27.503103242486816,1.0,1.0,0.0,1.0,0.0,1.0,0.0,1.0,0.0,0.0
19.97358387483323,0.0,1.0,1.0,0.0,0.0,0.0,0.0,1.0,1.0,1.0
41.660853309225665,1.0,0.0,1.0,1.0,1.0,0.0,0.0,1.0,0.0,0.0
58.810928239557605,1.0,0.0,1.0,0.0,0.0,0.0,0.0,1.0,0.0,0.0
21.197216128343005,1.0,0.0,0.0,0.0,1.0,0.0,0.0,0.0,1.0,1.0
11.89031232812356,0.0,1.0,1.0,1.0,1.0,1.0,1.0,0.0,0.0,0.0
10.323630185782386,0.0,0.0,1.0,1.0,1.0,1.0,1.0,1.0,0.0,0.0
70.18894418777636,0.0,0.0,1.0,1.0,0.0,0.0,0.0,0.0,0.0,1.0
50.97654247112413,0.0,1.0,0.0,1.0,0.0,0.0,1.0,0.0,0.0,0.0
38.01118394049508,1.0,1.0,1.0,1.0,1.0,1.0,0.0,1.0,0.0,1.0
55.27149959387981,1.0,1.0,0.0,0.0,1.0,0.0,0.0,0.0,1.0,0.0
33.44402562301564,1.0,1.0,1.0,0.0,1.0,0.0,0.0,1.0,1.0,0.0
65.43924559107994,0.0,0.0,0.0,0.0,0.0,0.0,0.0,0.0,1.0,1.0
13.410825493494974,1.0,1.0,0.0,1.0,1.0,0.0,1.0,1.0,0.0,1.0
48.194181523892716,0.0,0.0,0.0,1.0,1.0,0.0,0.0,0.0,1.0,0.0
10.268813402331812,0.0,1.0,0.0,1.0,0.0,1.0,1.0,1.0,1.0,0.0
39.08035053060075,1.0,0.0,1.0,0.0,0.0,0.0,1.0,1.0,1.0,1.0
36.99462378725343,0.0,0.0,0.0,0.0,0.0,1.0,0.0,0.0,1.0,1.0
32.12394568118989,0.0,0.0,0.0,1.0,0.0,0.0,1.0,0.0,0.0,1.0
25.295701693377374,0.0,1.0,0.0,1.0,1.0,1.0,1.0,0.0,0.0,1.0
62.59597982496425,1.0,1.0,0.0,0.0,1.0,1.0,0.0,1.0,0.0,0.0
7.298921620809729,0.0,1.0,0.0,0.0,0.0,0.0,1.0,1.0,1.0,1.0
34.06476218802684,1.0,1.0,0.0,0.0,1.0,0.0,1.0,1.0,1.0,1.0
7.020054245587758,1.0,1.0,0.0,1.0,0.0,1.0,0.0,1.0,0.0,0.0
15.178717793129392,1.0,1.0,1.0,1.0,1.0,1.0,1.0,0.0,0.0,0.0
8.822207466751738,1.0,1.0,1.0,1.0,0.0,0.0,1.0,1.0,1.0,1.0
64.29457197635207,1.0,1.0,1.0,0.0,1.0,0.0,1.0,0.0,0.0,0.0
21.0302202183766,0.0,1.0,0.0,0.0,1.0,1.0,0.0,0.0,1.0,1.0
19.56816595367105,1.0,1.0,1.0,1.0,0.0,0.0,1.0,1.0,0.0,1.0
67.82954936955285,0.0,0.0,1.0,1.0,0.0,0.0,0.0,0.0,0.0,1.0
58.64450533161252,0.0,0.0,0.0,1.0,0.0,0.0,0.0,0.0,0.0,1.0
54.3061557091163,1.0,1.0,0.0,0.0,0.0,1.0,1.0,0.0,0.0,1.0
4.988371321670377,1.0,1.0,1.0,1.0,1.0,1.0,0.0,1.0,0.0,0.0
52.91834817772524,0.0,1.0,0.0,1.0,0.0,0.0,1.0,0.0,0.0,0.0
31.424514210273855,1.0,0.0,1.0,0.0,0.0,1.0,0.0,1.0,0.0,1.0
28.991159159663606,1.0,1.0,0.0,1.0,1.0,1.0,1.0,0.0,0.0,1.0
34.94763195573623,1.0,1.0,1.0,1.0,0.0,0.0,0.0,0.0,1.0,0.0
7.345178469000057,1.0,0.0,1.0,1.0,0.0,1.0,1.0,0.0,0.0,1.0
7.076575202491775,0.0,1.0,1.0,0.0,1.0,1.0,1.0,1.0,1.0,0.0
23.717780236558315,1.0,1.0,1.0,0.0,1.0,0.0,0.0,1.0,1.0,0.0
35.86854140912179,1.0,0.0,0.0,1.0,1.0,1.0,0.0,0.0,1.0,0.0
8.136912541420568,0.0,0.0,0.0,0.0,0.0,1.0,1.0,0.0,0.0,0.0
70.67394675245399,0.0,0.0,0.0,0.0,0.0,0.0,0.0,0.0,1.0,1.0
50.08591093356873,0.0,0.0,0.0,1.0,0.0,0.0,0.0,1.0,1.0,0.0
55.95790368124353,1.0,0.0,0.0,1.0,0.0,1.0,0.0,1.0,0.0,1.0
60.25678453421678,0.0,0.0,1.0,1.0,0.0,0.0,0.0,0.0,0.0,1.0
69.29762716013516,1.0,1.0,1.0,0.0,1.0,0.0,1.0,0.0,0.0,0.0
67.09523985913592,1.0,1.0,0.0,0.0,1.0,1.0,0.0,1.0,0.0,0.0
60.386245379374415,1.0,1.0,1.0,1.0,0.0,0.0,1.0,1.0,0.0,1.0
53.54408285005932,1.0,0.0,0.0,1.0,0.0,1.0,1.0,0.0,0.0,1.0
19.059624518903473,0.0,0.0,1.0,0.0,0.0,0.0,0.0,1.0,1.0,1.0
36.086765223313755,1.0,1.0,1.0,0.0,1.0,0.0,0.0,0.0,1.0,1.0
8.812527854616942,0.0,1.0,0.0,0.0,1.0,1.0,0.0,1.0,1.0,0.0
21.987336553077803,1.0,0.0,1.0,1.0,0.0,1.0,1.0,1.0,1.0,0.0
38.65950052209847,1.0,1.0,1.0,1.0,1.0,1.0,0.0,1.0,0.0,1.0
3.2563847382513256,1.0,1.0,1.0,1.0,0.0,1.0,0.0,1.0,0.0,0.0
9.533571167501862,1.0,0.0,0.0,1.0,0.0,0.0,1.0,0.0,0.0,0.0
4.190747089816779,0.0,1.0,0.0,0.0,1.0,0.0,1.0,1.0,0.0,1.0
68.47611326291243,0.0,0.0,0.0,0.0,0.0,0.0,0.0,0.0,1.0,1.0
36.46303298208936,0.0,0.0,1.0,1.0,0.0,1.0,1.0,0.0,0.0,1.0
29.900617480006613,0.0,0.0,0.0,1.0,0.0,0.0,0.0,0.0,0.0,1.0
29.1709104579214,1.0,1.0,1.0,1.0,1.0,1.0,0.0,0.0,0.0,1.0
21.88029792211076,0.0,0.0,1.0,1.0,0.0,1.0,0.0,1.0,1.0,0.0
66.97422291908917,0.0,0.0,1.0,1.0,1.0,0.0,0.0,0.0,1.0,0.0
51.252332350313715,0.0,0.0,0.0,1.0,0.0,0.0,0.0,1.0,1.0,0.0
58.939346160098395,1.0,1.0,1.0,0.0,1.0,1.0,1.0,1.0,0.0,0.0
21.626242907593316,1.0,0.0,0.0,1.0,0.0,0.0,0.0,0.0,1.0,0.0
61.62551718159565,1.0,1.0,0.0,1.0,0.0,0.0,0.0,1.0,1.0,1.0
45.03340129805855,1.0,1.0,0.0,0.0,0.0,1.0,1.0,1.0,1.0,1.0
25.55812362919568,1.0,1.0,1.0,1.0,1.0,1.0,0.0,0.0,0.0,0.0
8.932323607352759,0.0,1.0,1.0,1.0,1.0,1.0,1.0,1.0,1.0,0.0
61.99200830934195,0.0,0.0,0.0,1.0,1.0,0.0,0.0,0.0,1.0,1.0
31.82724910869765,1.0,1.0,1.0,0.0,1.0,1.0,1.0,0.0,0.0,0.0
55.83781775905085,0.0,0.0,1.0,1.0,1.0,1.0,0.0,1.0,1.0,1.0
15.51285075836994,1.0,0.0,0.0,1.0,1.0,1.0,1.0,0.0,0.0,0.0
24.21371171793481,1.0,1.0,1.0,0.0,1.0,0.0,1.0,0.0,0.0,1.0
10.2534008146588,0.0,1.0,1.0,1.0,1.0,0.0,1.0,0.0,0.0,1.0
31.15772630276558,1.0,1.0,1.0,1.0,1.0,1.0,0.0,0.0,0.0,1.0
45.77257597666954,0.0,0.0,0.0,1.0,0.0,0.0,1.0,0.0,0.0,0.0
32.533918896238916,1.0,1.0,1.0,0.0,1.0,1.0,0.0,0.0,0.0,0.0
53.628002815295645,1.0,1.0,1.0,1.0,0.0,1.0,0.0,0.0,1.0,1.0
33.31515992506421,0.0,0.0,1.0,1.0,0.0,0.0,0.0,1.0,1.0,0.0
40.08257623592113,1.0,1.0,0.0,0.0,1.0,0.0,0.0,1.0,0.0,1.0
25.681125464484264,1.0,0.0,1.0,1.0,0.0,1.0,1.0,1.0,1.0,0.0
40.82888408409866,0.0,1.0,0.0,0.0,0.0,0.0,1.0,0.0,0.0,0.0
35.91453715297705,0.0,0.0,0.0,0.0,1.0,1.0,0.0,0.0,0.0,1.0
10.453708742074998,1.0,1.0,1.0,1.0,1.0,1.0,0.0,0.0,0.0,0.0
41.64130795344583,1.0,0.0,0.0,1.0,1.0,1.0,0.0,1.0,0.0,1.0
27.59559677933485,0.0,0.0,0.0,1.0,0.0,0.0,1.0,0.0,0.0,1.0
43.736403676527644,0.0,0.0,0.0,0.0,0.0,0.0,0.0,1.0,0.0,1.0
7.372727204017274,1.0,0.0,0.0,0.0,1.0,1.0,0.0,1.0,0.0,0.0
20.625477863101874,1.0,1.0,1.0,1.0,0.0,0.0,1.0,1.0,0.0,1.0
31.55847610277006,1.0,0.0,0.0,0.0,1.0,0.0,1.0,0.0,1.0,0.0
33.14889207304405,0.0,1.0,1.0,0.0,0.0,1.0,0.0,1.0,0.0,1.0
66.01087730684604,1.0,1.0,0.0,0.0,1.0,0.0,1.0,1.0,1.0,0.0
62.55588240688017,1.0,0.0,1.0,1.0,1.0,1.0,1.0,1.0,0.0,0.0
71.00633102121752,1.0,0.0,1.0,0.0,0.0,1.0,1.0,0.0,1.0,0.0
20.205626211129708,0.0,1.0,1.0,0.0,0.0,0.0,0.0,0.0,0.0,1.0
20.57889010632623,0.0,1.0,0.0,0.0,1.0,1.0,0.0,0.0,0.0,1.0
53.9969690638649,1.0,1.0,1.0,1.0,0.0,1.0,0.0,0.0,1.0,1.0
62.17803433973175,0.0,1.0,0.0,0.0,1.0,0.0,1.0,0.0,0.0,0.0
39.29528223263083,0.0,1.0,1.0,1.0,0.0,0.0,0.0,0.0,1.0,0.0
58.60958755310974,1.0,0.0,1.0,0.0,0.0,0.0,1.0,0.0,0.0,0.0
48.08836433318422,1.0,1.0,1.0,1.0,0.0,0.0,0.0,0.0,1.0,0.0
8.303031657204357,1.0,1.0,0.0,1.0,0.0,1.0,1.0,1.0,1.0,1.0
5.1186397830432995,1.0,1.0,0.0,1.0,1.0,1.0,1.0,0.0,0.0,0.0
11.783913957327893,0.0,0.0,0.0,0.0,1.0,0.0,1.0,0.0,0.0,0.0
41.34974074420745,1.0,0.0,0.0,1.0,0.0,1.0,0.0,0.0,1.0,0.0
24.670893509857734,0.0,1.0,1.0,1.0,1.0,1.0,0.0,0.0,0.0,1.0
33.40483739006933,0.0,1.0,1.0,1.0,1.0,1.0,0.0,0.0,1.0,1.0
6.672048547075703,1.0,0.0,0.0,1.0,0.0,0.0,0.0,1.0,0.0,1.0
8.716696217805964,0.0,1.0,0.0,0.0,1.0,1.0,0.0,1.0,1.0,0.0
50.27474308562444,1.0,1.0,0.0,0.0,1.0,0.0,0.0,0.0,1.0,0.0
19.47612646803388,1.0,1.0,1.0,1.0,1.0,1.0,0.0,1.0,0.0,0.0
29.814774439556807,1.0,0.0,0.0,1.0,0.0,0.0,0.0,0.0,0.0,0.0
9.931961712656989,0.0,0.0,0.0,0.0,1.0,1.0,0.0,1.0,1.0,0.0
37.355464362647325,1.0,1.0,0.0,0.0,1.0,0.0,0.0,1.0,0.0,1.0
27.892815120966624,1.0,0.0,0.0,0.0,1.0,0.0,0.0,0.0,1.0,1.0
54.11372996753064,0.0,1.0,0.0,0.0,0.0,1.0,1.0,1.0,0.0,0.0
62.47118299909785,1.0,1.0,1.0,0.0,1.0,1.0,1.0,0.0,1.0,0.0
6.388065924819342,0.0,0.0,0.0,1.0,1.0,0.0,1.0,0.0,1.0,0.0
26.198382466532422,0.0,1.0,1.0,1.0,0.0,0.0,0.0,0.0,1.0,1.0
62.20709747237843,1.0,0.0,1.0,0.0,1.0,0.0,1.0,0.0,0.0,0.0
9.682263685604553,0.0,1.0,1.0,1.0,1.0,1.0,1.0,0.0,0.0,0.0
16.917240658195492,1.0,0.0,0.0,0.0,1.0,1.0,1.0,1.0,1.0,0.0
56.30053737521164,0.0,1.0,0.0,0.0,0.0,0.0,0.0,1.0,0.0,0.0
37.79396129844892,1.0,0.0,1.0,1.0,1.0,0.0,0.0,1.0,0.0,0.0
36.44482499523361,0.0,1.0,0.0,0.0,0.0,0.0,1.0,0.0,0.0,0.0
34.677942020799485,1.0,1.0,1.0,0.0,1.0,1.0,0.0,0.0,0.0,1.0
56.63745328638343,1.0,0.0,0.0,0.0,0.0,0.0,0.0,0.0,1.0,0.0
52.43212372039593,0.0,0.0,1.0,0.0,1.0,1.0,0.0,1.0,0.0,0.0
58.68592445697558,0.0,0.0,0.0,0.0,1.0,0.0,0.0,1.0,0.0,1.0
34.210164110172606,1.0,1.0,1.0,0.0,1.0,1.0,0.0,0.0,1.0,1.0
67.75840928484348,0.0,1.0,0.0,1.0,1.0,0.0,1.0,1.0,0.0,0.0
40.022613288591785,0.0,0.0,1.0,1.0,0.0,1.0,1.0,0.0,0.0,1.0
49.3339536233084,0.0,1.0,0.0,1.0,1.0,0.0,1.0,1.0,1.0,0.0
46.283006188212724,1.0,1.0,1.0,0.0,1.0,1.0,1.0,0.0,0.0,0.0
63.560567704171554,1.0,1.0,1.0,1.0,1.0,1.0,0.0,1.0,1.0,1.0
67.44410996879624,1.0,0.0,1.0,1.0,0.0,0.0,1.0,1.0,1.0,1.0
40.211750351671256,1.0,0.0,0.0,1.0,0.0,1.0,0.0,0.0,1.0,0.0
51.178275253418725,1.0,1.0,0.0,1.0,1.0,0.0,1.0,0.0,1.0,1.0
64.98512572240799,1.0,1.0,0.0,0.0,1.0,1.0,1.0,0.0,0.0,0.0
41.320686861500945,0.0,1.0,0.0,0.0,0.0,0.0,1.0,0.0,0.0,0.0
55.98844035405202,1.0,0.0,0.0,0.0,0.0,0.0,0.0,0.0,1.0,0.0
53.183476016013444,1.0,0.0,0.0,0.0,1.0,0.0,0.0,1.0,1.0,1.0
26.059298277468592,0.0,0.0,1.0,1.0,0.0,1.0,0.0,0.0,0.0,0.0
59.27290992669995,1.0,0.0,1.0,1.0,0.0,0.0,0.0,1.0,0.0,1.0
65.92161969530125,1.0,1.0,1.0,0.0,0.0,0.0,0.0,0.0,1.0,0.0
35.19455610667425,1.0,1.0,1.0,0.0,1.0,0.0,0.0,1.0,0.0,1.0
34.44343112699965,0.0,0.0,1.0,1.0,0.0,0.0,1.0,1.0,1.0,0.0
35.55346362984824,1.0,1.0,1.0,0.0,0.0,0.0,0.0,0.0,1.0,0.0
44.11291589169794,1.0,0.0,0.0,0.0,0.0,0.0,1.0,0.0,1.0,1.0
21.849560486037824,1.0,0.0,0.0,0.0,0.0,0.0,0.0,0.0,1.0,1.0
4.802006330681298,0.0,1.0,0.0,0.0,1.0,0.0,1.0,1.0,0.0,1.0
53.28930060054276,1.0,1.0,0.0,0.0,1.0,1.0,1.0,0.0,0.0,0.0
64.68492905196476,0.0,0.0,0.0,0.0,0.0,0.0,0.0,0.0,1.0,1.0
48.70741283567668,0.0,1.0,0.0,1.0,0.0,0.0,0.0,0.0,0.0,0.0
8.663236664826004,0.0,1.0,1.0,1.0,0.0,1.0,1.0,1.0,1.0,0.0
43.76413147738404,1.0,1.0,1.0,1.0,0.0,1.0,0.0,1.0,1.0,0.0
67.2118944253676,1.0,0.0,1.0,1.0,0.0,0.0,1.0,0.0,0.0,1.0
59.63383204571472,0.0,0.0,1.0,0.0,1.0,1.0,0.0,1.0,1.0,0.0
1.0,1.0,1.0,0.0,1.0,0.0,0.0,1.0,1.0,1.0,1.0
66.05327645713811,1.0,0.0,1.0,1.0,0.0,0.0,1.0,1.0,0.0,1.0
20.28027783012856,1.0,1.0,1.0,0.0,1.0,0.0,0.0,1.0,1.0,0.0
25.813780531061045,1.0,1.0,1.0,1.0,1.0,1.0,0.0,1.0,0.0,0.0
49.36781811374271,1.0,0.0,1.0,1.0,1.0,1.0,0.0,1.0,0.0,1.0
66.82645134590493,1.0,1.0,1.0,1.0,1.0,1.0,0.0,1.0,1.0,1.0
32.3510812281238,1.0,0.0,1.0,0.0,1.0,1.0,1.0,0.0,0.0,1.0
46.87711157149593,0.0,0.0,0.0,1.0,1.0,0.0,0.0,0.0,1.0,0.0
60.84036885165747,1.0,0.0,1.0,0.0,0.0,0.0,1.0,0.0,1.0,1.0
44.44058355606881,1.0,1.0,0.0,0.0,1.0,0.0,0.0,1.0,0.0,1.0
23.502904578981056,1.0,1.0,1.0,0.0,1.0,0.0,0.0,1.0,1.0,0.0
28.68211369335784,1.0,1.0,0.0,1.0,0.0,1.0,0.0,1.0,0.0,0.0
16.920742643442487,1.0,1.0,0.0,0.0,1.0,1.0,1.0,0.0,0.0,0.0
6.582693368984934,0.0,1.0,1.0,1.0,1.0,1.0,1.0,0.0,0.0,0.0
34.72634062207956,1.0,1.0,0.0,0.0,1.0,0.0,0.0,1.0,1.0,1.0
52.12413425363116,1.0,1.0,1.0,0.0,1.0,1.0,1.0,0.0,0.0,0.0
55.078262118914516,1.0,0.0,1.0,1.0,0.0,0.0,0.0,1.0,0.0,1.0
44.74849374116595,1.0,0.0,1.0,0.0,1.0,1.0,0.0,1.0,0.0,1.0
36.89573570748956,1.0,1.0,1.0,0.0,1.0,1.0,0.0,0.0,0.0,1.0
68.14124619562199,0.0,0.0,0.0,0.0,0.0,1.0,1.0,1.0,1.0,0.0
9.449901036511182,0.0,0.0,0.0,1.0,0.0,0.0,1.0,0.0,1.0,0.0
59.083650255016515,1.0,1.0,1.0,0.0,0.0,1.0,0.0,0.0,0.0,0.0
54.089282833567225,0.0,1.0,0.0,0.0,0.0,0.0,0.0,1.0,0.0,0.0
67.84948871677868,0.0,1.0,0.0,1.0,1.0,0.0,0.0,1.0,0.0,1.0
35.1362924261291,1.0,1.0,0.0,0.0,0.0,0.0,0.0,0.0,0.0,1.0
6.378537376234594,1.0,0.0,0.0,1.0,0.0,0.0,0.0,1.0,0.0,1.0
17.83472171678393,1.0,1.0,0.0,0.0,1.0,0.0,0.0,0.0,1.0,0.0
36.977610560455396,1.0,1.0,0.0,0.0,1.0,0.0,0.0,0.0,0.0,1.0
38.33278709060469,0.0,1.0,0.0,0.0,1.0,0.0,0.0,0.0,0.0,1.0
4.237643049699561,0.0,1.0,1.0,0.0,1.0,1.0,0.0,0.0,0.0,1.0
72.69059568572546,0.0,0.0,0.0,0.0,0.0,1.0,1.0,1.0,1.0,0.0
54.82357519946749,0.0,0.0,0.0,0.0,0.0,1.0,1.0,1.0,0.0,1.0
24.23450863319662,0.0,1.0,1.0,1.0,1.0,1.0,0.0,0.0,0.0,1.0
43.9707061538411,1.0,1.0,0.0,1.0,0.0,1.0,1.0,0.0,1.0,1.0
21.788432242152275,0.0,1.0,1.0,0.0,0.0,0.0,0.0,1.0,1.0,1.0
24.970731417693454,1.0,1.0,0.0,1.0,0.0,1.0,1.0,0.0,0.0,1.0
42.0448157998136,1.0,0.0,0.0,0.0,0.0,0.0,1.0,0.0,1.0,1.0
42.55338761120448,0.0,0.0,1.0,0.0,0.0,1.0,0.0,0.0,1.0,1.0
56.962475830910904,0.0,1.0,0.0,1.0,0.0,0.0,1.0,1.0,0.0,0.0
17.91236511402099,1.0,1.0,1.0,0.0,1.0,0.0,0.0,0.0,1.0,0.0
47.42888218327496,1.0,0.0,0.0,1.0,1.0,1.0,0.0,0.0,0.0,1.0
47.2766169815135,1.0,1.0,0.0,1.0,0.0,1.0,0.0,0.0,1.0,0.0
7.273213904751648,1.0,0.0,0.0,1.0,0.0,0.0,1.0,1.0,0.0,1.0
58.52933330620421,0.0,0.0,0.0,1.0,1.0,1.0,1.0,1.0,0.0,1.0
18.291373815033555,1.0,1.0,1.0,0.0,1.0,0.0,0.0,1.0,1.0,0.0
25.806510128057027,0.0,0.0,0.0,1.0,1.0,1.0,0.0,0.0,1.0,1.0
6.852616660556963,1.0,1.0,0.0,1.0,0.0,0.0,1.0,1.0,0.0,1.0
29.88891885620889,1.0,1.0,1.0,0.0,1.0,0.0,0.0,0.0,1.0,0.0
32.87046481560906,1.0,0.0,1.0,0.0,0.0,0.0,1.0,0.0,0.0,1.0
61.227072473786016,1.0,1.0,0.0,0.0,0.0,0.0,0.0,1.0,0.0,0.0
38.68212948347494,1.0,1.0,0.0,0.0,0.0,1.0,0.0,1.0,1.0,1.0
8.151586750361691,1.0,0.0,0.0,0.0,1.0,1.0,0.0,1.0,0.0,0.0
45.03057495734817,0.0,0.0,0.0,1.0,0.0,0.0,0.0,1.0,1.0,0.0
17.569879249655298,1.0,0.0,0.0,0.0,0.0,0.0,0.0,0.0,1.0,0.0
28.2939408122598,1.0,0.0,0.0,1.0,0.0,0.0,0.0,0.0,0.0,0.0
44.139009885853845,0.0,1.0,0.0,0.0,1.0,0.0,1.0,1.0,1.0,0.0
62.93291663225306,0.0,0.0,1.0,1.0,1.0,1.0,0.0,1.0,1.0,1.0
5.180065076789681,1.0,1.0,1.0,1.0,1.0,1.0,0.0,1.0,0.0,0.0
23.194268213349694,0.0,0.0,1.0,1.0,0.0,1.0,0.0,1.0,1.0,0.0
9.932718447163005,0.0,1.0,0.0,0.0,1.0,0.0,1.0,1.0,0.0,1.0
68.14032767278347,0.0,0.0,1.0,1.0,0.0,0.0,0.0,1.0,0.0,1.0
8.68279225640283,1.0,1.0,0.0,1.0,1.0,0.0,0.0,0.0,0.0,0.0
66.91464296056103,1.0,1.0,1.0,0.0,1.0,1.0,1.0,1.0,0.0,0.0
23.35990884004708,1.0,1.0,1.0,0.0,1.0,0.0,1.0,0.0,0.0,1.0
16.04514197571617,0.0,0.0,0.0,0.0,0.0,0.0,1.0,1.0,0.0,0.0
11.833895565299407,0.0,0.0,1.0,1.0,1.0,1.0,1.0,1.0,0.0,0.0
58.946611113138715,1.0,0.0,1.0,1.0,0.0,1.0,0.0,0.0,0.0,1.0
30.98117418876162,0.0,0.0,1.0,1.0,0.0,0.0,1.0,1.0,1.0,0.0
61.4455563371305,1.0,0.0,0.0,0.0,1.0,1.0,1.0,1.0,0.0,1.0
7.590816224064218,0.0,1.0,1.0,0.0,1.0,1.0,1.0,1.0,1.0,0.0
59.4888536331853,1.0,0.0,0.0,1.0,0.0,0.0,1.0,1.0,1.0,0.0
10.861689416967454,0.0,0.0,0.0,1.0,0.0,0.0,1.0,0.0,1.0,0.0
43.67421261936991,1.0,1.0,1.0,0.0,1.0,1.0,0.0,0.0,0.0,1.0
65.55746633943116,0.0,0.0,0.0,0.0,0.0,0.0,0.0,0.0,1.0,1.0
16.408609377223645,1.0,1.0,1.0,1.0,1.0,1.0,1.0,0.0,0.0,0.0
48.36005326956252,1.0,0.0,1.0,1.0,1.0,1.0,1.0,1.0,0.0,1.0
52.944803204709494,1.0,1.0,0.0,1.0,0.0,0.0,0.0,1.0,1.0,1.0
28.66878126954186,1.0,0.0,0.0,0.0,1.0,0.0,1.0,0.0,1.0,0.0
26.179265782137414,1.0,0.0,0.0,1.0,0.0,0.0,0.0,0.0,0.0,0.0
12.306344030364002,1.0,1.0,0.0,0.0,1.0,1.0,1.0,0.0,1.0,0.0
53.655333951546154,0.0,1.0,1.0,0.0,1.0,0.0,1.0,1.0,1.0,0.0
66.62962454427549,1.0,0.0,1.0,0.0,1.0,1.0,1.0,1.0,0.0,0.0
39.2790326365557,0.0,0.0,0.0,1.0,0.0,0.0,0.0,1.0,0.0,0.0
19.06894632876533,0.0,1.0,0.0,0.0,0.0,0.0,1.0,1.0,0.0,1.0
4.263939238569907,0.0,1.0,1.0,1.0,0.0,1.0,1.0,1.0,1.0,0.0
8.065653461422471,0.0,1.0,1.0,1.0,1.0,1.0,1.0,0.0,0.0,0.0
52.71295843130716,1.0,0.0,1.0,0.0,1.0,1.0,0.0,1.0,0.0,0.0
46.499566467307076,1.0,0.0,1.0,1.0,0.0,0.0,1.0,1.0,1.0,1.0
34.17439523251046,0.0,0.0,0.0,0.0,1.0,0.0,1.0,0.0,0.0,1.0
60.24108346629865,1.0,0.0,1.0,1.0,1.0,1.0,0.0,1.0,0.0,1.0
10.713817532492094,1.0,1.0,0.0,0.0,0.0,0.0,1.0,1.0,1.0,1.0
14.878272777189991,1.0,1.0,1.0,1.0,0.0,1.0,1.0,0.0,0.0,1.0
38.445331602089915,1.0,1.0,1.0,1.0,0.0,0.0,0.0,0.0,1.0,0.0
43.570911883047046,0.0,1.0,1.0,1.0,0.0,0.0,0.0,0.0,1.0,1.0
67.63660378921153,0.0,0.0,0.0,1.0,1.0,0.0,0.0,1.0,0.0,1.0
17.220135973631987,1.0,1.0,0.0,0.0,0.0,1.0,0.0,0.0,1.0,1.0
51.18651814803867,0.0,1.0,0.0,1.0,0.0,0.0,1.0,1.0,0.0,0.0
11.931572197777326,0.0,1.0,1.0,0.0,0.0,1.0,0.0,1.0,0.0,1.0
61.1024309884207,0.0,0.0,0.0,0.0,0.0,1.0,1.0,0.0,1.0,0.0
15.179666417303409,0.0,1.0,1.0,1.0,1.0,1.0,1.0,0.0,0.0,1.0
42.53943734913793,1.0,1.0,0.0,0.0,0.0,0.0,1.0,0.0,0.0,0.0
1.0,0.0,1.0,0.0,0.0,0.0,0.0,0.0,0.0,0.0,1.0
35.40477167407301,1.0,0.0,1.0,0.0,0.0,0.0,1.0,1.0,1.0,0.0
3.3503958034474874,0.0,1.0,0.0,0.0,0.0,0.0,1.0,1.0,1.0,1.0
33.801995703947355,0.0,0.0,1.0,1.0,1.0,1.0,0.0,0.0,1.0,1.0
63.99821654717957,1.0,0.0,1.0,0.0,1.0,1.0,1.0,1.0,0.0,0.0
56.38715327053804,1.0,0.0,1.0,1.0,0.0,0.0,0.0,0.0,0.0,1.0
7.61719293488011,1.0,1.0,1.0,1.0,1.0,1.0,0.0,1.0,0.0,0.0
7.604343228057008,1.0,1.0,1.0,0.0,0.0,0.0,0.0,0.0,0.0,0.0
53.96820440687427,1.0,1.0,0.0,0.0,1.0,0.0,1.0,0.0,1.0,0.0
59.498213515367944,0.0,0.0,1.0,1.0,0.0,0.0,0.0,1.0,0.0,1.0
42.084286850823744,1.0,0.0,1.0,1.0,1.0,1.0,0.0,1.0,1.0,1.0
10.340453860671504,0.0,0.0,0.0,0.0,0.0,1.0,0.0,0.0,0.0,0.0
5.538791594470672,1.0,0.0,1.0,1.0,0.0,0.0,1.0,1.0,1.0,1.0
65.40259812367808,0.0,0.0,0.0,1.0,1.0,1.0,0.0,1.0,1.0,1.0
57.783370171209754,1.0,0.0,0.0,0.0,1.0,1.0,1.0,1.0,0.0,1.0
30.94266196308032,1.0,1.0,1.0,1.0,0.0,0.0,0.0,1.0,1.0,0.0
7.581950666275365,1.0,1.0,1.0,0.0,0.0,1.0,0.0,1.0,0.0,0.0
30.445595178070757,0.0,0.0,0.0,0.0,0.0,0.0,0.0,1.0,1.0,1.0
69.29376590367802,1.0,1.0,1.0,0.0,0.0,0.0,0.0,1.0,0.0,0.0
22.700112617315682,0.0,0.0,1.0,0.0,1.0,1.0,0.0,0.0,1.0,1.0
19.989008545972183,0.0,0.0,0.0,0.0,0.0,0.0,0.0,1.0,0.0,1.0
9.092631816343976,0.0,0.0,0.0,0.0,1.0,1.0,0.0,1.0,1.0,0.0
36.80985131506133,1.0,1.0,0.0,1.0,1.0,1.0,0.0,0.0,1.0,0.0
36.90701065648752,1.0,0.0,0.0,0.0,0.0,0.0,0.0,1.0,1.0,1.0
9.025073788940555,0.0,0.0,0.0,1.0,0.0,1.0,1.0,0.0,0.0,0.0
14.044977042478575,0.0,0.0,0.0,1.0,1.0,0.0,1.0,0.0,1.0,0.0
44.428282213208774,0.0,0.0,1.0,0.0,1.0,1.0,1.0,1.0,0.0,0.0
70.2717711977595,0.0,0.0,0.0,0.0,0.0,0.0,0.0,0.0,1.0,1.0
47.351290391992734,1.0,1.0,1.0,1.0,0.0,1.0,0.0,0.0,1.0,0.0
10.179475004062766,1.0,1.0,1.0,1.0,1.0,1.0,0.0,1.0,0.0,0.0
10.826973569616875,1.0,0.0,0.0,0.0,1.0,1.0,0.0,0.0,0.0,0.0
41.05538169759983,1.0,0.0,1.0,1.0,0.0,0.0,0.0,0.0,0.0,1.0
7.0434452020053655,0.0,1.0,1.0,0.0,0.0,1.0,1.0,1.0,0.0,1.0
64.0079222201464,0.0,1.0,0.0,0.0,1.0,0.0,1.0,0.0,0.0,0.0
16.348035856464627,1.0,0.0,1.0,1.0,0.0,1.0,1.0,0.0,0.0,1.0
24.857915571165453,1.0,0.0,0.0,0.0,0.0,0.0,0.0,0.0,0.0,0.0
7.181241351440712,1.0,1.0,1.0,1.0,1.0,1.0,0.0,1.0,0.0,0.0
67.42773987932449,1.0,0.0,1.0,1.0,0.0,0.0,1.0,1.0,1.0,0.0
26.31668853972159,0.0,1.0,1.0,0.0,1.0,1.0,1.0,0.0,0.0,1.0
20.349646624962784,0.0,0.0,1.0,1.0,0.0,1.0,0.0,1.0,1.0,0.0
61.455191515344524,1.0,0.0,0.0,0.0,0.0,0.0,0.0,1.0,0.0,0.0
10.497256783714336,1.0,0.0,0.0,1.0,0.0,0.0,1.0,0.0,0.0,1.0
18.90424144658627,1.0,1.0,1.0,0.0,0.0,0.0,0.0,1.0,1.0,1.0
44.27450955560936,1.0,0.0,1.0,1.0,1.0,0.0,0.0,1.0,0.0,1.0
10.769075410301705,0.0,1.0,0.0,1.0,0.0,1.0,0.0,1.0,0.0,0.0
5.086728098383472,0.0,1.0,1.0,0.0,1.0,1.0,0.0,0.0,1.0,1.0
42.60911210495696,0.0,0.0,0.0,1.0,0.0,0.0,0.0,1.0,1.0,0.0
1.0,1.0,1.0,0.0,0.0,0.0,0.0,0.0,1.0,0.0,1.0
45.25254366461893,1.0,0.0,1.0,1.0,1.0,1.0,1.0,0.0,1.0,1.0
61.76615773943797,0.0,0.0,1.0,1.0,0.0,1.0,0.0,0.0,0.0,0.0
7.603802556480038,0.0,1.0,1.0,1.0,1.0,1.0,1.0,0.0,0.0,0.0
70.00606450645601,0.0,0.0,1.0,1.0,1.0,0.0,0.0,0.0,1.0,0.0
63.26434009887353,0.0,1.0,0.0,1.0,1.0,0.0,1.0,1.0,0.0,0.0
61.42429436204275,0.0,0.0,0.0,1.0,0.0,0.0,1.0,0.0,0.0,0.0
40.453542006115846,1.0,1.0,1.0,0.0,1.0,1.0,0.0,0.0,0.0,1.0
44.99906477482476,0.0,0.0,0.0,0.0,1.0,1.0,0.0,0.0,0.0,1.0
67.43119685966163,0.0,0.0,0.0,1.0,0.0,1.0,1.0,0.0,0.0,0.0
4.737180261511941,1.0,0.0,1.0,0.0,1.0,0.0,0.0,1.0,1.0,1.0
65.32003573091349,0.0,1.0,1.0,0.0,1.0,1.0,0.0,0.0,1.0,0.0
28.962741221979982,0.0,1.0,1.0,1.0,1.0,1.0,0.0,0.0,1.0,1.0
18.54712883968501,1.0,1.0,0.0,0.0,1.0,0.0,0.0,0.0,1.0,0.0
38.82480669812237,1.0,1.0,0.0,1.0,0.0,1.0,1.0,0.0,1.0,1.0
40.14573832024669,0.0,0.0,0.0,1.0,0.0,0.0,0.0,1.0,0.0,0.0
40.25278996109634,1.0,0.0,0.0,1.0,0.0,1.0,0.0,0.0,1.0,0.0
40.62612237747284,1.0,1.0,0.0,0.0,1.0,0.0,1.0,1.0,0.0,1.0
37.564635499153,1.0,0.0,1.0,0.0,1.0,1.0,0.0,0.0,0.0,1.0
48.38166757824357,0.0,1.0,0.0,1.0,0.0,0.0,1.0,0.0,0.0,0.0
31.247210784976122,1.0,1.0,0.0,1.0,0.0,1.0,1.0,1.0,0.0,0.0
38.35519034289821,1.0,1.0,0.0,0.0,1.0,0.0,1.0,1.0,0.0,1.0
41.20877575547431,1.0,1.0,0.0,0.0,1.0,0.0,0.0,1.0,0.0,1.0
50.44563112181004,0.0,1.0,0.0,0.0,0.0,0.0,1.0,1.0,0.0,0.0
22.834064495925116,1.0,0.0,0.0,0.0,1.0,0.0,0.0,0.0,1.0,1.0
67.62350506300078,1.0,0.0,0.0,1.0,1.0,0.0,0.0,1.0,0.0,1.0
35.072154139008205,1.0,1.0,1.0,1.0,1.0,1.0,0.0,1.0,0.0,1.0
3.9801721848477793,0.0,0.0,0.0,0.0,0.0,0.0,1.0,0.0,0.0,0.0
8.999441399304592,0.0,0.0,0.0,0.0,0.0,1.0,1.0,0.0,0.0,0.0
41.56086264643123,0.0,0.0,0.0,0.0,0.0,0.0,0.0,1.0,1.0,1.0
27.006057150157318,1.0,1.0,0.0,1.0,0.0,1.0,1.0,0.0,0.0,1.0
48.151150449716575,1.0,1.0,0.0,1.0,1.0,0.0,1.0,0.0,1.0,1.0
47.77577872091704,1.0,1.0,0.0,1.0,1.0,0.0,0.0,0.0,1.0,1.0
50.717659462698656,0.0,0.0,0.0,0.0,1.0,0.0,1.0,1.0,1.0,0.0
8.8741885683565,1.0,1.0,0.0,1.0,1.0,0.0,1.0,1.0,0.0,1.0
54.47971197401316,0.0,1.0,0.0,0.0,0.0,0.0,1.0,0.0,0.0,1.0
60.63934102088236,0.0,0.0,0.0,1.0,0.0,1.0,1.0,1.0,0.0,0.0
67.79263326876757,1.0,0.0,1.0,0.0,0.0,0.0,1.0,0.0,1.0,0.0
13.407858056691278,1.0,1.0,1.0,1.0,1.0,1.0,0.0,0.0,0.0,0.0
63.38407255648188,1.0,0.0,1.0,0.0,0.0,1.0,1.0,0.0,1.0,0.0
70.66658226978471,0.0,0.0,0.0,0.0,0.0,0.0,0.0,0.0,1.0,1.0
7.583450476045947,0.0,0.0,0.0,0.0,1.0,1.0,0.0,0.0,1.0,0.0
17.61506614675911,0.0,1.0,0.0,1.0,1.0,1.0,1.0,0.0,1.0,1.0
49.487019790785666,1.0,0.0,1.0,1.0,1.0,1.0,1.0,0.0,1.0,1.0
48.98115385023497,1.0,1.0,0.0,0.0,1.0,0.0,0.0,1.0,0.0,1.0
54.53796307454978,0.0,1.0,0.0,1.0,1.0,0.0,1.0,0.0,0.0,0.0
69.4474237522332,0.0,0.0,0.0,0.0,0.0,0.0,0.0,0.0,1.0,1.0
63.8756865655985,1.0,1.0,1.0,0.0,0.0,0.0,0.0,0.0,1.0,0.0
61.22738538832887,0.0,1.0,0.0,1.0,1.0,1.0,1.0,0.0,1.0,0.0
59.41724801830974,0.0,0.0,1.0,1.0,0.0,1.0,0.0,1.0,0.0,0.0
6.690854664423233,1.0,1.0,0.0,0.0,1.0,1.0,0.0,1.0,1.0,1.0
61.002488612603685,0.0,1.0,0.0,0.0,0.0,0.0,1.0,1.0,0.0,0.0
43.11598360570234,1.0,1.0,0.0,1.0,1.0,1.0,1.0,0.0,1.0,0.0
29.259891844277124,1.0,0.0,0.0,0.0,1.0,0.0,1.0,0.0,0.0,1.0
62.16402670252404,1.0,1.0,1.0,0.0,0.0,0.0,0.0,0.0,1.0,0.0
19.068207018450952,0.0,1.0,0.0,0.0,0.0,1.0,0.0,0.0,0.0,1.0
30.133225938288856,1.0,1.0,1.0,0.0,1.0,0.0,1.0,1.0,1.0,1.0
52.45924034329827,0.0,1.0,0.0,1.0,0.0,0.0,1.0,1.0,0.0,0.0
37.615212849207026,0.0,1.0,1.0,0.0,0.0,1.0,0.0,1.0,0.0,1.0
7.677152355148113,1.0,0.0,1.0,1.0,0.0,1.0,0.0,0.0,1.0,0.0
28.6624858598496,0.0,0.0,0.0,1.0,0.0,0.0,1.0,0.0,0.0,1.0
9.237301702730823,0.0,0.0,1.0,0.0,1.0,1.0,1.0,1.0,1.0,0.0
18.746039982023166,1.0,0.0,1.0,1.0,0.0,0.0,0.0,0.0,0.0,0.0
62.44146994972142,1.0,0.0,0.0,1.0,1.0,0.0,1.0,0.0,0.0,0.0
15.381916365715561,0.0,1.0,0.0,0.0,1.0,1.0,0.0,0.0,0.0,1.0
58.46088512886796,1.0,1.0,0.0,0.0,1.0,0.0,1.0,0.0,1.0,0.0
67.30695711510973,1.0,1.0,0.0,1.0,1.0,1.0,1.0,1.0,1.0,0.0
65.37794741632048,1.0,0.0,1.0,0.0,1.0,1.0,1.0,0.0,0.0,0.0
18.00179369305506,0.0,0.0,1.0,1.0,0.0,1.0,0.0,1.0,1.0,0.0
44.16199590038905,0.0,0.0,1.0,1.0,0.0,0.0,1.0,0.0,1.0,1.0
33.728313248864715,1.0,0.0,1.0,0.0,1.0,0.0,1.0,1.0,1.0,1.0
56.25019964899314,1.0,0.0,1.0,0.0,1.0,0.0,1.0,1.0,0.0,0.0
67.18158122338191,0.0,0.0,0.0,0.0,0.0,0.0,0.0,0.0,1.0,1.0
39.11070379535609,0.0,1.0,0.0,1.0,1.0,1.0,0.0,0.0,1.0,1.0
29.884964678290377,1.0,1.0,1.0,0.0,1.0,1.0,1.0,0.0,0.0,0.0
32.87473653977557,0.0,0.0,0.0,1.0,0.0,1.0,0.0,0.0,1.0,1.0
12.769473835828828,0.0,1.0,1.0,0.0,1.0,1.0,1.0,1.0,1.0,0.0
59.1818437785999,0.0,0.0,1.0,0.0,1.0,0.0,1.0,0.0,0.0,0.0
39.49060527439442,0.0,0.0,1.0,0.0,1.0,0.0,0.0,0.0,0.0,0.0
71.89271001468863,0.0,0.0,0.0,0.0,1.0,0.0,0.0,1.0,0.0,1.0
67.46330772305593,1.0,0.0,1.0,1.0,0.0,0.0,1.0,1.0,0.0,1.0
7.570432019675341,1.0,0.0,0.0,0.0,1.0,1.0,0.0,1.0,0.0,0.0
38.69004185466031,1.0,1.0,0.0,1.0,0.0,1.0,1.0,1.0,0.0,0.0
54.974144715414155,1.0,1.0,0.0,0.0,0.0,0.0,0.0,0.0,0.0,1.0
64.33840802125589,1.0,0.0,1.0,0.0,1.0,1.0,0.0,0.0,0.0,0.0
27.63710123471879,0.0,0.0,1.0,1.0,0.0,1.0,0.0,0.0,0.0,0.0
56.253594892521015,0.0,0.0,1.0,1.0,1.0,1.0,0.0,1.0,1.0,1.0
30.97408855319146,1.0,1.0,1.0,0.0,1.0,0.0,0.0,0.0,1.0,1.0
34.15865051059768,1.0,0.0,1.0,0.0,1.0,0.0,0.0,1.0,0.0,1.0
39.6947845444971,1.0,1.0,1.0,0.0,0.0,1.0,0.0,0.0,1.0,0.0
43.11424339467472,1.0,0.0,1.0,1.0,1.0,1.0,0.0,1.0,0.0,1.0
75.2967317088063,1.0,0.0,1.0,0.0,0.0,1.0,1.0,0.0,1.0,0.0
58.52785584523018,0.0,1.0,0.0,0.0,1.0,0.0,1.0,0.0,0.0,0.0
11.590976450060946,1.0,0.0,0.0,0.0,1.0,1.0,0.0,1.0,0.0,0.0
59.90481212528872,0.0,0.0,0.0,0.0,0.0,1.0,0.0,1.0,1.0,0.0
17.77985253476049,1.0,1.0,0.0,0.0,0.0,1.0,0.0,0.0,1.0,1.0
17.021260914857663,0.0,0.0,1.0,1.0,0.0,1.0,0.0,1.0,1.0,0.0
42.97504214035811,1.0,0.0,1.0,0.0,0.0,1.0,1.0,1.0,1.0,0.0
1.5318562292251974,0.0,0.0,0.0,0.0,0.0,1.0,1.0,1.0,0.0,0.0
29.32708382381351,0.0,0.0,1.0,0.0,1.0,0.0,1.0,1.0,0.0,1.0
68.65317119959035,0.0,1.0,0.0,1.0,1.0,0.0,1.0,1.0,1.0,0.0
51.374201563441865,1.0,0.0,0.0,0.0,1.0,0.0,0.0,1.0,0.0,0.0
62.913319381601454,0.0,1.0,0.0,1.0,1.0,0.0,1.0,0.0,0.0,0.0
9.720744097141036,1.0,1.0,0.0,0.0,1.0,0.0,1.0,1.0,1.0,0.0
23.4545458089964,1.0,1.0,0.0,0.0,1.0,0.0,0.0,0.0,1.0,0.0
3.690533657377747,0.0,1.0,0.0,0.0,1.0,1.0,0.0,1.0,1.0,0.0
47.50780502704194,1.0,1.0,1.0,1.0,0.0,1.0,0.0,0.0,1.0,1.0
65.59185327373265,1.0,1.0,1.0,0.0,0.0,0.0,0.0,0.0,1.0,0.0
8.93164929159159,1.0,1.0,0.0,1.0,0.0,0.0,1.0,1.0,1.0,1.0
50.03838855007823,0.0,0.0,1.0,0.0,0.0,1.0,0.0,0.0,0.0,1.0
39.832154948767474,1.0,1.0,0.0,0.0,0.0,1.0,0.0,1.0,1.0,1.0
33.71898526996383,1.0,1.0,1.0,0.0,1.0,0.0,0.0,1.0,1.0,0.0
45.992876864440134,0.0,0.0,0.0,0.0,1.0,1.0,0.0,0.0,0.0,1.0
33.91469072103744,1.0,1.0,1.0,1.0,1.0,0.0,0.0,0.0,1.0,0.0
23.197113705802114,1.0,0.0,1.0,1.0,0.0,1.0,1.0,1.0,1.0,0.0
7.121664553270828,1.0,1.0,1.0,1.0,1.0,1.0,0.0,1.0,0.0,0.0
61.29116178041383,1.0,0.0,1.0,1.0,0.0,0.0,0.0,1.0,0.0,1.0
13.779461375603276,0.0,1.0,0.0,0.0,0.0,0.0,0.0,1.0,1.0,1.0
59.8425963828268,1.0,0.0,1.0,0.0,0.0,0.0,0.0,1.0,0.0,1.0
6.6498364851354275,1.0,0.0,0.0,1.0,1.0,0.0,1.0,1.0,1.0,1.0
10.550787770788572,1.0,1.0,1.0,0.0,1.0,1.0,1.0,1.0,1.0,0.0
33.09982230349359,1.0,1.0,1.0,0.0,1.0,0.0,0.0,1.0,1.0,1.0
62.2253841199539,0.0,0.0,0.0,1.0,1.0,1.0,0.0,1.0,1.0,1.0
35.7002947541826,1.0,1.0,1.0,1.0,1.0,1.0,0.0,1.0,0.0,1.0
9.997227896536742,0.0,0.0,0.0,0.0,0.0,1.0,0.0,0.0,1.0,0.0
9.306396785176698,1.0,1.0,0.0,1.0,0.0,1.0,1.0,1.0,1.0,1.0
5.38960207801991,0.0,1.0,0.0,0.0,1.0,0.0,1.0,0.0,0.0,1.0
69.8688330143739,0.0,0.0,0.0,1.0,1.0,0.0,0.0,1.0,0.0,1.0
4.038273672294449,1.0,0.0,1.0,0.0,1.0,0.0,0.0,1.0,1.0,1.0
7.477141737586439,1.0,0.0,1.0,1.0,0.0,0.0,1.0,1.0,1.0,1.0
45.493869645018336,0.0,1.0,1.0,1.0,0.0,0.0,0.0,0.0,0.0,1.0
45.043623087569756,1.0,1.0,0.0,0.0,1.0,0.0,1.0,1.0,0.0,1.0
54.71282603266435,0.0,0.0,1.0,1.0,1.0,1.0,0.0,1.0,1.0,1.0
6.776813369648761,1.0,0.0,0.0,0.0,1.0,0.0,0.0,1.0,1.0,1.0
18.586812560147546,0.0,0.0,0.0,0.0,1.0,0.0,1.0,0.0,0.0,0.0
63.851148204528755,1.0,1.0,0.0,0.0,1.0,1.0,0.0,1.0,0.0,0.0
52.441131262246834,1.0,0.0,0.0,0.0,1.0,0.0,0.0,0.0,1.0,1.0
14.709339903284413,0.0,1.0,1.0,0.0,1.0,1.0,1.0,1.0,1.0,0.0
60.41747880647935,1.0,0.0,1.0,0.0,0.0,0.0,1.0,0.0,1.0,1.0
21.35815632364457,0.0,1.0,1.0,0.0,1.0,1.0,0.0,0.0,0.0,1.0
35.891297031306955,0.0,1.0,1.0,0.0,1.0,0.0,0.0,0.0,0.0,0.0
45.85896519226444,0.0,1.0,0.0,0.0,1.0,0.0,1.0,1.0,1.0,0.0
67.67003605038988,1.0,0.0,1.0,1.0,0.0,0.0,1.0,1.0,0.0,1.0
1.1951596264016793,1.0,1.0,0.0,1.0,1.0,0.0,0.0,1.0,0.0,0.0
45.38136744598287,1.0,0.0,0.0,1.0,1.0,0.0,0.0,0.0,1.0,0.0
28.87275061701321,0.0,0.0,0.0,0.0,1.0,1.0,0.0,0.0,1.0,1.0
66.48519123506009,0.0,1.0,0.0,1.0,0.0,1.0,0.0,1.0,0.0,0.0
7.387421897740849,0.0,0.0,0.0,0.0,0.0,1.0,1.0,0.0,0.0,0.0
45.05745158779702,1.0,1.0,1.0,0.0,0.0,0.0,0.0,0.0,1.0,0.0
47.35673440338195,1.0,1.0,1.0,1.0,0.0,1.0,0.0,1.0,1.0,1.0
20.107105940298414,1.0,1.0,1.0,1.0,1.0,1.0,0.0,0.0,0.0,0.0
65.40614676906112,1.0,0.0,0.0,0.0,1.0,0.0,1.0,1.0,0.0,1.0
17.141320824588135,1.0,1.0,0.0,0.0,1.0,1.0,1.0,0.0,1.0,0.0
23.24442671158807,0.0,1.0,0.0,0.0,0.0,0.0,1.0,1.0,1.0,1.0
1.6652833663418622,1.0,0.0,1.0,1.0,0.0,1.0,0.0,0.0,1.0,0.0
24.472595759878928,0.0,0.0,0.0,1.0,0.0,1.0,0.0,0.0,1.0,1.0
5.789928974401794,0.0,1.0,0.0,0.0,0.0,0.0,1.0,1.0,1.0,1.0
18.747634224713742,0.0,1.0,0.0,0.0,0.0,1.0,1.0,1.0,0.0,1.0
69.49714438154243,1.0,1.0,1.0,0.0,1.0,0.0,1.0,0.0,0.0,0.0
62.09295307138424,1.0,1.0,0.0,1.0,0.0,1.0,1.0,0.0,1.0,0.0
61.99918092010473,0.0,0.0,1.0,0.0,1.0,0.0,1.0,0.0,1.0,0.0
62.017586693641235,1.0,1.0,1.0,0.0,0.0,0.0,0.0,1.0,0.0,0.0
63.57877943675438,1.0,0.0,1.0,0.0,0.0,1.0,1.0,0.0,1.0,0.0
38.300929115638475,1.0,1.0,0.0,0.0,1.0,0.0,0.0,1.0,1.0,1.0
50.94712834417093,0.0,1.0,0.0,1.0,0.0,0.0,1.0,0.0,0.0,0.0
9.38839460308611,1.0,0.0,0.0,1.0,0.0,0.0,0.0,1.0,0.0,1.0
40.29034826353097,1.0,0.0,1.0,1.0,1.0,0.0,0.0,0.0,1.0,1.0
12.499183485799103,1.0,1.0,1.0,1.0,1.0,1.0,0.0,0.0,0.0,0.0
1.3149783534306714,0.0,1.0,1.0,0.0,1.0,1.0,0.0,0.0,0.0,1.0
25.532534846333363,1.0,0.0,0.0,0.0,0.0,0.0,0.0,0.0,0.0,0.0
14.32929120805704,1.0,1.0,0.0,1.0,1.0,1.0,0.0,0.0,0.0,0.0
23.185600458494495,0.0,1.0,0.0,0.0,1.0,1.0,0.0,0.0,0.0,1.0
42.472527248118176,1.0,1.0,1.0,0.0,0.0,1.0,0.0,0.0,0.0,1.0
62.25068927945086,1.0,0.0,1.0,1.0,0.0,0.0,1.0,1.0,1.0,1.0
49.66245939080934,1.0,1.0,1.0,0.0,1.0,1.0,0.0,1.0,1.0,1.0
1.0,1.0,1.0,1.0,0.0,0.0,1.0,0.0,1.0,1.0,1.0
4.790841400147663,1.0,0.0,1.0,1.0,0.0,0.0,1.0,1.0,1.0,1.0
17.819472002049046,0.0,1.0,0.0,1.0,1.0,1.0,1.0,0.0,0.0,1.0
13.195190265934311,0.0,1.0,0.0,0.0,0.0,0.0,1.0,1.0,0.0,1.0
48.265370159269345,1.0,0.0,1.0,0.0,1.0,1.0,1.0,1.0,0.0,0.0
53.11813594101827,1.0,1.0,1.0,1.0,0.0,1.0,1.0,0.0,1.0,1.0
50.54554834844804,0.0,1.0,1.0,1.0,0.0,0.0,0.0,0.0,1.0,1.0
55.019582570171785,0.0,0.0,0.0,1.0,1.0,1.0,1.0,1.0,0.0,1.0
19.61125725612699,0.0,1.0,0.0,0.0,0.0,0.0,1.0,1.0,0.0,1.0
35.713327590958556,1.0,0.0,0.0,0.0,1.0,0.0,0.0,0.0,0.0,1.0
15.081026420657306,1.0,1.0,1.0,1.0,0.0,1.0,1.0,0.0,0.0,1.0
16.74087115378942,1.0,1.0,0.0,0.0,0.0,1.0,0.0,0.0,1.0,1.0
50.978214768802744,1.0,1.0,1.0,0.0,1.0,1.0,1.0,0.0,0.0,0.0
55.991676605487534,1.0,0.0,0.0,0.0,1.0,0.0,1.0,0.0,0.0,0.0
23.40973115059272,1.0,0.0,1.0,1.0,0.0,1.0,0.0,0.0,0.0,0.0
61.46516188258538,0.0,1.0,0.0,0.0,0.0,0.0,1.0,0.0,0.0,0.0
7.061743348000243,0.0,0.0,0.0,0.0,0.0,1.0,1.0,0.0,0.0,0.0
50.09722022808336,1.0,0.0,1.0,1.0,0.0,0.0,0.0,1.0,0.0,1.0
46.23105948753717,1.0,0.0,1.0,1.0,1.0,0.0,0.0,0.0,1.0,1.0
1.0,1.0,0.0,0.0,1.0,0.0,0.0,0.0,0.0,0.0,0.0
14.551573253546891,0.0,1.0,0.0,0.0,1.0,1.0,0.0,0.0,0.0,1.0
4.9483445974947085,0.0,0.0,0.0,1.0,0.0,0.0,1.0,0.0,0.0,0.0
62.40356777027831,1.0,0.0,0.0,0.0,0.0,0.0,0.0,1.0,0.0,0.0
4.827872976060378,1.0,1.0,0.0,1.0,0.0,1.0,1.0,1.0,1.0,1.0
5.730760665739057,1.0,1.0,1.0,1.0,0.0,0.0,1.0,1.0,1.0,1.0
54.87453892612924,1.0,1.0,0.0,0.0,0.0,0.0,1.0,1.0,0.0,0.0
9.771477983285546,0.0,0.0,0.0,0.0,0.0,1.0,0.0,1.0,0.0,0.0
22.952039598676134,1.0,1.0,0.0,1.0,0.0,1.0,0.0,1.0,0.0,0.0
53.0525193713472,0.0,0.0,0.0,0.0,0.0,1.0,0.0,0.0,0.0,1.0
35.858196256807354,1.0,1.0,1.0,0.0,1.0,0.0,0.0,0.0,1.0,1.0
17.865850227348908,1.0,1.0,1.0,1.0,1.0,1.0,0.0,1.0,0.0,0.0
28.26236498985544,1.0,1.0,0.0,0.0,0.0,1.0,1.0,1.0,0.0,1.0
41.23836003200335,0.0,1.0,0.0,1.0,1.0,0.0,1.0,1.0,0.0,0.0
60.24181976961029,1.0,1.0,1.0,0.0,1.0,1.0,1.0,1.0,0.0,0.0
44.20529630189636,0.0,1.0,1.0,1.0,0.0,0.0,0.0,0.0,1.0,1.0
14.504313697682429,1.0,1.0,0.0,0.0,1.0,1.0,1.0,0.0,1.0,0.0
14.521437420389299,1.0,0.0,0.0,0.0,0.0,0.0,1.0,0.0,0.0,1.0
9.287637239295018,1.0,0.0,0.0,0.0,1.0,1.0,0.0,1.0,0.0,0.0
16.326130345736505,1.0,1.0,0.0,1.0,1.0,1.0,0.0,0.0,0.0,0.0
64.25468370872699,1.0,1.0,1.0,0.0,0.0,0.0,0.0,1.0,0.0,0.0
19.18766417501905,0.0,1.0,1.0,0.0,1.0,1.0,1.0,1.0,1.0,1.0
26.43390164468159,1.0,1.0,1.0,0.0,1.0,0.0,0.0,1.0,1.0,0.0
35.61543869374,0.0,0.0,0.0,0.0,0.0,1.0,0.0,0.0,1.0,1.0
64.19900784473224,1.0,0.0,0.0,1.0,0.0,0.0,1.0,1.0,1.0,0.0
52.73518278238983,0.0,1.0,0.0,0.0,0.0,0.0,1.0,0.0,0.0,0.0
65.23586807976251,1.0,0.0,1.0,0.0,1.0,1.0,1.0,1.0,0.0,0.0
57.92856815593652,0.0,0.0,0.0,0.0,0.0,0.0,1.0,1.0,0.0,1.0
69.08622399274101,0.0,0.0,1.0,1.0,1.0,0.0,1.0,0.0,1.0,0.0
59.80360733276645,1.0,1.0,0.0,0.0,1.0,1.0,0.0,1.0,0.0,0.0
32.68909939029144,0.0,1.0,1.0,1.0,0.0,0.0,0.0,0.0,1.0,0.0
34.453625469438,1.0,0.0,1.0,0.0,1.0,0.0,1.0,1.0,1.0,1.0
11.373114909453365,0.0,0.0,1.0,1.0,1.0,1.0,1.0,1.0,0.0,0.0
13.62778663482343,0.0,1.0,1.0,1.0,1.0,0.0,1.0,0.0,0.0,1.0
64.78312378648297,0.0,0.0,0.0,0.0,0.0,1.0,1.0,1.0,1.0,0.0
59.9306748226515,1.0,1.0,1.0,0.0,1.0,1.0,1.0,1.0,0.0,0.0
16.73242539258566,0.0,1.0,1.0,0.0,1.0,1.0,1.0,1.0,1.0,1.0
55.531855804187735,0.0,1.0,0.0,1.0,0.0,1.0,1.0,1.0,0.0,0.0
64.83022729329882,1.0,1.0,1.0,0.0,1.0,1.0,1.0,0.0,1.0,0.0
21.381113276259644,1.0,1.0,1.0,0.0,0.0,0.0,0.0,1.0,1.0,1.0
62.84891839543056,0.0,1.0,1.0,0.0,1.0,0.0,1.0,0.0,0.0,0.0
47.71423413331196,0.0,1.0,0.0,1.0,0.0,0.0,1.0,0.0,0.0,0.0
19.864422182890145,0.0,1.0,0.0,1.0,1.0,1.0,0.0,0.0,0.0,1.0
69.58490749377114,0.0,0.0,0.0,0.0,0.0,1.0,1.0,1.0,1.0,0.0
20.485604433949646,0.0,1.0,1.0,0.0,0.0,0.0,0.0,1.0,1.0,1.0
18.834484831963596,0.0,1.0,0.0,0.0,0.0,0.0,1.0,1.0,0.0,1.0
61.39999173337905,1.0,1.0,1.0,1.0,0.0,0.0,1.0,1.0,0.0,1.0
66.52832555447245,0.0,0.0,1.0,1.0,0.0,0.0,0.0,0.0,0.0,1.0
64.93112706878036,0.0,0.0,0.0,1.0,0.0,0.0,0.0,1.0,0.0,1.0
55.50198489872014,0.0,0.0,0.0,0.0,0.0,1.0,0.0,0.0,0.0,1.0
36.47028639178442,1.0,1.0,1.0,0.0,0.0,0.0,0.0,0.0,1.0,0.0
38.36044304629748,1.0,0.0,0.0,1.0,0.0,1.0,0.0,0.0,1.0,0.0
45.291781620794104,1.0,1.0,1.0,0.0,1.0,0.0,1.0,0.0,0.0,0.0
9.44579680545807,1.0,1.0,1.0,1.0,0.0,1.0,0.0,1.0,0.0,0.0
66.29639544181357,1.0,1.0,1.0,1.0,1.0,0.0,1.0,1.0,0.0,0.0
15.648250333440092,0.0,1.0,1.0,0.0,1.0,0.0,0.0,1.0,1.0,1.0
37.51396829705422,1.0,0.0,0.0,1.0,0.0,1.0,0.0,1.0,1.0,0.0
13.24242150561676,1.0,0.0,0.0,0.0,1.0,0.0,1.0,0.0,0.0,0.0
32.6136192576966,0.0,1.0,1.0,1.0,0.0,0.0,0.0,0.0,1.0,0.0
40.51753058222322,1.0,0.0,0.0,1.0,0.0,1.0,0.0,0.0,1.0,0.0
13.07962279863979,0.0,0.0,0.0,0.0,0.0,1.0,0.0,0.0,1.0,0.0
43.65259184795859,1.0,1.0,1.0,1.0,0.0,1.0,0.0,0.0,1.0,0.0
26.553730938603664,1.0,1.0,0.0,1.0,0.0,1.0,0.0,1.0,0.0,0.0
62.41595179729488,1.0,1.0,1.0,0.0,0.0,0.0,0.0,1.0,0.0,0.0
33.887024015310544,1.0,0.0,1.0,0.0,0.0,0.0,1.0,1.0,1.0,0.0
49.54140045204777,1.0,1.0,1.0,0.0,1.0,1.0,1.0,0.0,0.0,0.0
66.73803574631386,1.0,1.0,1.0,0.0,1.0,1.0,1.0,0.0,1.0,0.0
57.57915724648132,0.0,0.0,1.0,0.0,1.0,1.0,0.0,1.0,1.0,1.0
62.58253907926604,1.0,0.0,1.0,1.0,0.0,0.0,0.0,1.0,0.0,1.0
68.7420025687144,1.0,0.0,0.0,1.0,0.0,0.0,1.0,0.0,1.0,0.0
69.06481346817037,0.0,0.0,1.0,1.0,0.0,0.0,0.0,0.0,1.0,0.0
6.446460812494103,0.0,1.0,0.0,1.0,0.0,1.0,1.0,1.0,0.0,0.0
27.81337642904145,1.0,1.0,0.0,0.0,1.0,0.0,1.0,0.0,1.0,0.0
41.015758321104016,1.0,1.0,0.0,0.0,1.0,1.0,1.0,1.0,1.0,1.0
45.36073012946051,0.0,0.0,0.0,0.0,0.0,0.0,0.0,1.0,1.0,1.0
50.55097578968651,0.0,0.0,0.0,1.0,0.0,0.0,1.0,1.0,1.0,0.0
57.75720426775689,1.0,0.0,0.0,0.0,0.0,1.0,0.0,0.0,0.0,1.0
39.93049740005424,1.0,1.0,1.0,1.0,1.0,0.0,0.0,1.0,0.0,0.0
42.56265343540903,1.0,1.0,0.0,0.0,1.0,0.0,0.0,0.0,1.0,1.0
52.630716224982805,0.0,1.0,0.0,0.0,0.0,0.0,0.0,1.0,1.0,0.0
8.844513532357396,0.0,1.0,1.0,0.0,0.0,1.0,0.0,1.0,0.0,1.0
35.70862788163951,1.0,1.0,1.0,0.0,1.0,0.0,0.0,1.0,1.0,1.0
61.801131658108204,1.0,1.0,1.0,0.0,0.0,0.0,0.0,1.0,0.0,0.0
13.614263998956757,0.0,1.0,0.0,0.0,1.0,1.0,1.0,1.0,1.0,0.0
44.940912384754704,1.0,0.0,0.0,0.0,0.0,0.0,1.0,0.0,0.0,1.0
12.61287495197221,0.0,1.0,0.0,1.0,0.0,1.0,1.0,1.0,0.0,0.0
8.97141486962012,0.0,1.0,1.0,0.0,1.0,1.0,0.0,0.0,0.0,1.0
53.567074186533205,1.0,0.0,1.0,1.0,1.0,0.0,0.0,1.0,0.0,1.0
6.447049288863517,1.0,1.0,0.0,0.0,0.0,1.0,0.0,0.0,0.0,0.0
9.213015450419656,0.0,0.0,1.0,1.0,0.0,0.0,1.0,1.0,1.0,1.0
31.49253558055332,1.0,1.0,1.0,1.0,0.0,0.0,0.0,0.0,1.0,0.0
28.66238824174773,0.0,1.0,1.0,0.0,1.0,1.0,0.0,0.0,0.0,1.0
7.054515127366186,0.0,0.0,0.0,1.0,0.0,0.0,1.0,0.0,1.0,0.0
60.24364486467351,1.0,0.0,1.0,1.0,1.0,1.0,0.0,1.0,1.0,1.0
61.07694610724713,0.0,1.0,1.0,0.0,1.0,1.0,0.0,0.0,1.0,0.0
12.681389033069165,1.0,0.0,0.0,0.0,1.0,1.0,1.0,1.0,0.0,0.0
59.02202645286656,1.0,1.0,1.0,0.0,1.0,1.0,1.0,1.0,0.0,0.0
60.80850118751736,1.0,0.0,0.0,1.0,1.0,0.0,1.0,0.0,0.0,0.0
49.3569553673137,1.0,0.0,0.0,1.0,0.0,1.0,1.0,1.0,1.0,1.0
51.545159471361714,1.0,0.0,0.0,0.0,1.0,1.0,1.0,1.0,0.0,1.0
54.89700143054452,0.0,1.0,0.0,0.0,0.0,0.0,0.0,1.0,0.0,0.0
60.98797712352036,1.0,1.0,1.0,1.0,0.0,0.0,1.0,1.0,1.0,1.0
30.35953153315832,1.0,0.0,1.0,0.0,1.0,0.0,1.0,1.0,1.0,1.0
31.349584045730175,0.0,0.0,0.0,1.0,0.0,0.0,1.0,0.0,0.0,1.0
12.849548502834564,0.0,1.0,1.0,1.0,0.0,1.0,1.0,1.0,1.0,0.0
68.95222271641634,1.0,0.0,1.0,0.0,1.0,1.0,1.0,1.0,0.0,0.0
13.757790012092508,1.0,1.0,0.0,0.0,0.0,1.0,1.0,1.0,1.0,1.0
32.57467423334619,0.0,0.0,0.0,0.0,0.0,0.0,0.0,1.0,1.0,1.0
28.025229966692798,1.0,0.0,1.0,1.0,1.0,0.0,0.0,0.0,1.0,1.0
33.70385033406378,0.0,1.0,1.0,1.0,1.0,1.0,0.0,0.0,0.0,1.0
45.60600498085928,0.0,0.0,0.0,0.0,0.0,0.0,0.0,1.0,1.0,1.0
45.11630651532773,0.0,1.0,0.0,0.0,0.0,0.0,1.0,1.0,1.0,0.0
59.25301122964846,0.0,0.0,1.0,1.0,1.0,1.0,0.0,1.0,1.0,1.0
37.29075175040435,1.0,1.0,0.0,0.0,1.0,0.0,0.0,0.0,0.0,1.0
64.84149558645409,0.0,0.0,0.0,0.0,0.0,1.0,1.0,0.0,0.0,0.0
56.44933731651545,0.0,1.0,1.0,0.0,0.0,0.0,1.0,1.0,0.0,0.0
37.68248407175641,0.0,1.0,1.0,0.0,1.0,0.0,0.0,0.0,0.0,0.0
24.229943020004008,1.0,0.0,0.0,1.0,0.0,0.0,0.0,1.0,0.0,0.0
9.606334658522094,1.0,0.0,1.0,1.0,0.0,1.0,1.0,0.0,0.0,1.0
61.17405387681876,1.0,0.0,0.0,1.0,1.0,0.0,1.0,0.0,0.0,0.0
44.74109539460465,1.0,1.0,1.0,0.0,0.0,0.0,0.0,0.0,1.0,0.0
59.35689428878665,1.0,0.0,1.0,0.0,1.0,1.0,0.0,0.0,0.0,0.0
48.95707108681916,0.0,1.0,0.0,1.0,0.0,1.0,1.0,0.0,0.0,0.0
37.22826563742414,0.0,1.0,1.0,0.0,0.0,1.0,0.0,1.0,0.0,1.0
28.645008715682422,0.0,0.0,0.0,1.0,0.0,1.0,0.0,0.0,1.0,1.0
10.507608775831036,0.0,1.0,0.0,0.0,0.0,1.0,1.0,1.0,1.0,1.0
37.160543031504645,1.0,1.0,0.0,1.0,0.0,1.0,0.0,1.0,0.0,0.0
4.919815265455888,0.0,0.0,1.0,1.0,0.0,0.0,1.0,1.0,1.0,1.0
18.88621007425137,1.0,1.0,0.0,0.0,1.0,1.0,1.0,0.0,1.0,0.0
29.94365554532518,0.0,0.0,0.0,1.0,0.0,1.0,0.0,0.0,1.0,1.0
46.06876186939126,0.0,0.0,0.0,1.0,1.0,0.0,0.0,0.0,1.0,0.0
1.8165740791232352,0.0,1.0,1.0,0.0,0.0,1.0,0.0,0.0,0.0,1.0
5.1193931257987355,1.0,1.0,0.0,1.0,0.0,1.0,1.0,1.0,1.0,1.0
48.5062136363012,0.0,1.0,1.0,1.0,0.0,0.0,0.0,0.0,1.0,1.0
23.045409036530135,1.0,1.0,0.0,1.0,0.0,1.0,1.0,1.0,0.0,1.0
8.46621634047544,0.0,1.0,1.0,1.0,0.0,1.0,1.0,1.0,1.0,0.0
53.008663570137315,0.0,1.0,0.0,1.0,0.0,0.0,0.0,1.0,1.0,0.0
12.221011725447921,1.0,1.0,0.0,1.0,0.0,1.0,1.0,1.0,1.0,1.0
43.00081806202275,0.0,1.0,0.0,0.0,1.0,0.0,1.0,0.0,1.0,0.0
24.135520532144533,0.0,1.0,1.0,1.0,1.0,1.0,1.0,1.0,1.0,1.0
23.900777906376042,0.0,0.0,0.0,0.0,1.0,1.0,0.0,0.0,1.0,1.0
9.07732826476687,0.0,0.0,1.0,1.0,1.0,1.0,1.0,1.0,0.0,0.0
21.720180701079702,0.0,0.0,0.0,0.0,1.0,1.0,0.0,0.0,1.0,1.0
63.33586641676859,1.0,1.0,0.0,1.0,1.0,1.0,1.0,0.0,1.0,0.0
55.18885537585625,1.0,1.0,0.0,0.0,1.0,0.0,1.0,0.0,1.0,0.0
69.7675961014309,1.0,1.0,0.0,0.0,1.0,0.0,0.0,1.0,0.0,0.0
10.234583328229686,0.0,0.0,0.0,0.0,1.0,0.0,0.0,0.0,1.0,1.0
16.590750221037702,0.0,1.0,0.0,0.0,1.0,0.0,1.0,0.0,1.0,0.0
18.775424133331956,0.0,1.0,0.0,0.0,0.0,0.0,1.0,1.0,0.0,1.0
67.66056761246332,0.0,0.0,0.0,0.0,0.0,0.0,0.0,0.0,1.0,1.0
52.721754180961135,1.0,0.0,0.0,0.0,0.0,0.0,0.0,0.0,1.0,0.0
34.12316821592978,1.0,0.0,0.0,1.0,0.0,0.0,1.0,0.0,0.0,1.0
23.738469281392906,0.0,1.0,1.0,1.0,1.0,1.0,0.0,0.0,1.0,0.0
63.861964899949946,1.0,0.0,0.0,0.0,1.0,0.0,1.0,1.0,0.0,1.0
26.469201312395015,1.0,0.0,0.0,0.0,1.0,0.0,1.0,0.0,1.0,0.0
15.929894643770655,0.0,0.0,0.0,0.0,1.0,1.0,0.0,0.0,1.0,0.0
31.774702985113706,1.0,1.0,1.0,1.0,1.0,1.0,0.0,1.0,0.0,1.0
67.9889347865829,1.0,0.0,1.0,0.0,1.0,1.0,0.0,0.0,0.0,0.0
36.927659444965066,1.0,0.0,1.0,0.0,0.0,0.0,1.0,1.0,1.0,0.0
53.32666098999566,1.0,1.0,1.0,1.0,0.0,1.0,0.0,0.0,1.0,1.0
25.745239489935138,1.0,0.0,1.0,1.0,1.0,1.0,1.0,0.0,0.0,0.0
43.28065977136089,1.0,1.0,1.0,0.0,1.0,1.0,0.0,0.0,1.0,1.0
9.122058897750241,1.0,1.0,0.0,1.0,0.0,0.0,1.0,0.0,1.0,1.0
1.3799534937800773,1.0,0.0,0.0,0.0,1.0,0.0,0.0,1.0,1.0,1.0
12.549690718039628,1.0,1.0,0.0,0.0,0.0,1.0,1.0,1.0,1.0,1.0
5.516349967187299,0.0,0.0,0.0,0.0,1.0,1.0,0.0,1.0,1.0,0.0
31.795602733425017,0.0,1.0,0.0,1.0,0.0,0.0,1.0,0.0,0.0,0.0
11.387736077185552,1.0,0.0,1.0,1.0,1.0,1.0,1.0,0.0,0.0,1.0
52.751927963450385,1.0,1.0,0.0,1.0,0.0,1.0,1.0,0.0,0.0,1.0
15.11409559125382,0.0,0.0,1.0,0.0,0.0,0.0,0.0,1.0,1.0,1.0
41.49383125211898,1.0,1.0,0.0,0.0,1.0,0.0,0.0,1.0,0.0,1.0
51.9583907301716,1.0,0.0,1.0,1.0,0.0,1.0,0.0,0.0,0.0,1.0
58.329070217890234,1.0,0.0,0.0,0.0,0.0,0.0,0.0,0.0,1.0,0.0
22.896044032085616,1.0,1.0,1.0,1.0,1.0,1.0,0.0,1.0,0.0,0.0
5.795626425452175,0.0,1.0,0.0,0.0,1.0,0.0,1.0,1.0,0.0,1.0
43.60500898386173,0.0,1.0,1.0,1.0,0.0,0.0,0.0,0.0,1.0,1.0
30.490801947416323,0.0,0.0,0.0,0.0,1.0,1.0,0.0,0.0,1.0,1.0
57.67978537086039,0.0,1.0,0.0,0.0,0.0,0.0,0.0,0.0,0.0,0.0
20.24014544420358,0.0,0.0,0.0,0.0,0.0,0.0,0.0,1.0,0.0,1.0
5.454300462464623,1.0,1.0,0.0,0.0,0.0,0.0,0.0,1.0,0.0,1.0
34.77759386894812,0.0,0.0,1.0,1.0,0.0,1.0,1.0,0.0,0.0,1.0
17.914427591673128,0.0,0.0,0.0,0.0,0.0,0.0,0.0,1.0,0.0,1.0
36.47845432941032,1.0,0.0,1.0,0.0,1.0,0.0,0.0,0.0,1.0,1.0
11.244591737891467,0.0,0.0,0.0,0.0,0.0,1.0,0.0,0.0,1.0,0.0
35.93046736245313,1.0,0.0,1.0,1.0,1.0,0.0,0.0,0.0,0.0,0.0
15.823855199209065,1.0,0.0,1.0,1.0,0.0,0.0,1.0,0.0,0.0,1.0
51.20862938928859,1.0,1.0,0.0,0.0,1.0,0.0,0.0,1.0,0.0,0.0
60.432401738229395,1.0,1.0,0.0,0.0,1.0,0.0,1.0,1.0,1.0,0.0
61.1666188932317,0.0,1.0,0.0,1.0,1.0,1.0,0.0,0.0,1.0,0.0
40.20604303110386,0.0,1.0,0.0,0.0,0.0,0.0,1.0,0.0,0.0,0.0
75.20580447676517,1.0,0.0,1.0,0.0,1.0,0.0,1.0,1.0,0.0,1.0
60.5893679537011,0.0,1.0,0.0,1.0,1.0,0.0,1.0,1.0,0.0,0.0
50.71524718455217,0.0,1.0,0.0,0.0,0.0,0.0,1.0,1.0,0.0,0.0
62.05939850848895,1.0,0.0,0.0,0.0,1.0,0.0,1.0,1.0,0.0,1.0
44.59427245347433,1.0,1.0,0.0,0.0,1.0,0.0,0.0,1.0,0.0,1.0
8.896664656382473,1.0,1.0,0.0,0.0,1.0,1.0,0.0,1.0,1.0,0.0
66.03390887157157,1.0,1.0,1.0,0.0,1.0,0.0,1.0,0.0,0.0,0.0
51.82067481177462,1.0,1.0,0.0,0.0,1.0,0.0,0.0,0.0,1.0,0.0
25.00828879762031,0.0,1.0,1.0,0.0,1.0,1.0,0.0,0.0,1.0,1.0
62.15223705808133,1.0,1.0,1.0,1.0,0.0,0.0,1.0,1.0,0.0,1.0
13.499313055178288,0.0,1.0,1.0,0.0,1.0,1.0,0.0,1.0,1.0,1.0
59.211110652550296,1.0,0.0,0.0,0.0,0.0,0.0,0.0,1.0,0.0,0.0
24.708138861393344,0.0,0.0,1.0,1.0,0.0,1.0,0.0,0.0,0.0,0.0
47.97609348890222,1.0,1.0,1.0,1.0,1.0,1.0,0.0,1.0,0.0,1.0
37.45226241916986,0.0,1.0,1.0,0.0,0.0,1.0,0.0,1.0,1.0,1.0
52.38509625685569,0.0,1.0,0.0,1.0,1.0,0.0,0.0,1.0,0.0,0.0
66.67467687827178,1.0,0.0,1.0,0.0,1.0,1.0,0.0,0.0,0.0,0.0
37.943293662508665,1.0,1.0,0.0,0.0,1.0,0.0,1.0,1.0,0.0,1.0
11.379562032459507,0.0,0.0,0.0,0.0,0.0,1.0,1.0,0.0,0.0,0.0
29.081133678414293,1.0,1.0,1.0,0.0,1.0,0.0,1.0,0.0,0.0,0.0
65.38840507887102,1.0,1.0,1.0,0.0,1.0,1.0,1.0,0.0,1.0,0.0
41.79254021428526,1.0,1.0,1.0,0.0,0.0,1.0,0.0,0.0,1.0,0.0
54.69783217196233,1.0,1.0,1.0,1.0,0.0,1.0,0.0,0.0,1.0,1.0
20.856557175008735,1.0,0.0,0.0,0.0,1.0,0.0,0.0,0.0,1.0,1.0
44.9836647015004,1.0,0.0,1.0,0.0,1.0,1.0,1.0,1.0,1.0,0.0
27.225138562005068,0.0,0.0,0.0,1.0,1.0,0.0,0.0,0.0,0.0,1.0
67.59872677151459,1.0,0.0,0.0,1.0,0.0,0.0,1.0,1.0,1.0,0.0
49.071729532114055,1.0,0.0,1.0,1.0,0.0,0.0,1.0,1.0,0.0,1.0
61.95764723548168,1.0,1.0,1.0,0.0,0.0,0.0,0.0,1.0,0.0,0.0
30.429272880577074,1.0,1.0,1.0,1.0,1.0,0.0,0.0,0.0,1.0,1.0
71.55061647841447,1.0,0.0,1.0,1.0,1.0,1.0,1.0,1.0,1.0,0.0
42.88183151514066,1.0,1.0,0.0,1.0,0.0,1.0,1.0,0.0,1.0,1.0
23.81538558009657,1.0,1.0,1.0,1.0,1.0,1.0,1.0,0.0,1.0,0.0
9.233681351676122,0.0,0.0,1.0,1.0,1.0,0.0,1.0,1.0,0.0,1.0
28.70764656838712,1.0,0.0,0.0,0.0,1.0,0.0,0.0,0.0,1.0,1.0
66.11427059307024,1.0,1.0,1.0,0.0,0.0,0.0,0.0,1.0,0.0,0.0
55.92207315836146,0.0,0.0,1.0,0.0,1.0,0.0,1.0,1.0,1.0,0.0
68.03168369198151,0.0,0.0,0.0,1.0,0.0,1.0,0.0,0.0,1.0,1.0
56.37822630244153,0.0,1.0,0.0,0.0,0.0,1.0,1.0,1.0,0.0,1.0
5.51711139449186,0.0,1.0,1.0,0.0,0.0,1.0,0.0,1.0,0.0,1.0
18.459371328310915,0.0,1.0,1.0,0.0,0.0,0.0,0.0,1.0,1.0,1.0
13.38955546745458,0.0,1.0,1.0,0.0,1.0,1.0,0.0,1.0,1.0,1.0
57.070587176300954,1.0,0.0,0.0,0.0,0.0,1.0,1.0,1.0,0.0,1.0
43.53532743777066,1.0,1.0,0.0,0.0,1.0,1.0,1.0,1.0,1.0,1.0
40.81033544728656,1.0,1.0,1.0,0.0,1.0,1.0,0.0,0.0,0.0,1.0
19.832921687219002,0.0,1.0,0.0,1.0,1.0,1.0,1.0,0.0,0.0,1.0
61.463517781824315,1.0,0.0,0.0,0.0,1.0,1.0,1.0,1.0,0.0,1.0
45.219112380113444,1.0,0.0,0.0,0.0,1.0,0.0,0.0,0.0,1.0,1.0
65.64996964781999,0.0,0.0,0.0,0.0,1.0,0.0,1.0,1.0,0.0,1.0
63.22871561619491,1.0,1.0,0.0,0.0,0.0,0.0,0.0,0.0,0.0,1.0
11.291759881085897,0.0,0.0,1.0,1.0,1.0,0.0,1.0,0.0,0.0,1.0
24.540658291721705,0.0,0.0,0.0,0.0,0.0,0.0,0.0,1.0,0.0,1.0
46.863687880552035,0.0,1.0,0.0,1.0,0.0,0.0,1.0,0.0,0.0,0.0
19.336167461431607,0.0,1.0,0.0,0.0,0.0,0.0,1.0,1.0,0.0,1.0
37.096690638751696,1.0,0.0,1.0,0.0,0.0,0.0,1.0,1.0,1.0,0.0
23.511611107498155,1.0,1.0,1.0,1.0,1.0,1.0,0.0,0.0,0.0,0.0
49.41780845372857,1.0,0.0,1.0,1.0,0.0,0.0,1.0,1.0,0.0,1.0
63.63127138117921,1.0,1.0,0.0,0.0,1.0,1.0,1.0,0.0,0.0,0.0
50.93143075109668,1.0,1.0,0.0,1.0,0.0,0.0,1.0,1.0,0.0,0.0
54.39359333090149,0.0,0.0,0.0,0.0,0.0,0.0,1.0,0.0,0.0,1.0
65.9532812922886,1.0,1.0,0.0,0.0,1.0,1.0,0.0,1.0,0.0,0.0
43.29651867849699,1.0,1.0,1.0,0.0,1.0,1.0,1.0,0.0,0.0,0.0
67.48446825391545,1.0,1.0,0.0,1.0,1.0,1.0,1.0,1.0,1.0,0.0
12.935023660239299,1.0,1.0,0.0,1.0,0.0,1.0,1.0,1.0,1.0,1.0
25.74324191335321,1.0,1.0,1.0,1.0,0.0,0.0,0.0,0.0,1.0,1.0
58.23119130733104,1.0,1.0,0.0,1.0,0.0,0.0,0.0,0.0,0.0,1.0
6.247911980839008,0.0,1.0,0.0,0.0,1.0,0.0,1.0,1.0,0.0,1.0
60.430778303438004,0.0,0.0,1.0,1.0,1.0,0.0,0.0,1.0,1.0,0.0
5.567726205966714,0.0,0.0,0.0,0.0,1.0,1.0,0.0,1.0,1.0,0.0
22.270079599336434,1.0,0.0,0.0,0.0,1.0,0.0,0.0,0.0,1.0,1.0
6.201394362225777,1.0,1.0,1.0,1.0,0.0,1.0,0.0,1.0,0.0,0.0
24.743096202088257,0.0,1.0,1.0,1.0,1.0,1.0,0.0,0.0,1.0,0.0
68.76841705301442,1.0,1.0,1.0,0.0,1.0,0.0,1.0,0.0,0.0,0.0
33.88377843756681,1.0,0.0,1.0,0.0,0.0,0.0,1.0,0.0,0.0,1.0
66.3072208135666,1.0,0.0,1.0,1.0,1.0,1.0,1.0,1.0,0.0,0.0
28.56290660804834,1.0,0.0,0.0,1.0,0.0,0.0,1.0,0.0,0.0,0.0
66.18086758796468,0.0,0.0,0.0,1.0,1.0,0.0,0.0,1.0,0.0,1.0
64.459258467978,0.0,0.0,0.0,1.0,0.0,1.0,1.0,0.0,1.0,0.0
68.17820857906759,1.0,1.0,1.0,0.0,1.0,0.0,1.0,1.0,0.0,0.0
71.36988188753274,1.0,1.0,1.0,0.0,1.0,0.0,1.0,1.0,1.0,1.0
65.24708062368934,1.0,0.0,0.0,1.0,1.0,1.0,1.0,0.0,0.0,0.0
51.855090891547114,0.0,1.0,0.0,1.0,0.0,0.0,1.0,0.0,0.0,0.0
49.776653894750204,1.0,0.0,0.0,0.0,1.0,0.0,0.0,0.0,1.0,1.0
8.231707836650623,1.0,0.0,1.0,1.0,1.0,1.0,1.0,1.0,0.0,1.0
36.923356268991725,0.0,1.0,0.0,1.0,1.0,1.0,0.0,0.0,1.0,1.0
65.07733251468235,0.0,0.0,0.0,0.0,0.0,1.0,1.0,1.0,1.0,0.0
13.813725286149008,1.0,1.0,0.0,1.0,0.0,0.0,1.0,1.0,0.0,1.0
5.433199847658571,1.0,1.0,1.0,0.0,1.0,0.0,0.0,1.0,1.0,1.0
67.14361118483,1.0,1.0,1.0,0.0,1.0,0.0,1.0,0.0,0.0,0.0
55.92334558456608,1.0,1.0,0.0,1.0,1.0,0.0,0.0,0.0,1.0,0.0
23.814426405862076,0.0,1.0,1.0,0.0,0.0,0.0,0.0,0.0,1.0,0.0
32.82518850617498,0.0,1.0,1.0,0.0,0.0,1.0,0.0,1.0,0.0,1.0
46.22413671660776,1.0,0.0,1.0,1.0,1.0,0.0,0.0,0.0,1.0,1.0
23.291054014631055,0.0,1.0,0.0,0.0,1.0,1.0,0.0,0.0,0.0,1.0
29.522610742762666,1.0,0.0,1.0,0.0,1.0,0.0,1.0,1.0,0.0,1.0
14.570511883018574,0.0,1.0,1.0,1.0,1.0,0.0,1.0,0.0,0.0,1.0
53.91711045235116,1.0,0.0,0.0,0.0,1.0,0.0,0.0,1.0,0.0,0.0
17.896447764115685,0.0,1.0,0.0,1.0,1.0,1.0,1.0,0.0,0.0,1.0
64.74440969473531,0.0,1.0,0.0,1.0,0.0,1.0,0.0,0.0,0.0,0.0
65.0950033558662,1.0,0.0,1.0,0.0,1.0,0.0,1.0,1.0,0.0,1.0
8.331656965364395,0.0,1.0,1.0,0.0,1.0,1.0,1.0,1.0,1.0,1.0
16.86696391079574,0.0,1.0,1.0,0.0,1.0,1.0,1.0,1.0,1.0,0.0
19.75511147068134,0.0,0.0,1.0,1.0,0.0,1.0,0.0,1.0,0.0,0.0
61.86202008841197,0.0,0.0,0.0,1.0,1.0,0.0,1.0,1.0,0.0,0.0
7.8320784591163894,1.0,0.0,1.0,1.0,0.0,1.0,0.0,0.0,1.0,0.0
65.73497342379709,0.0,0.0,1.0,0.0,1.0,0.0,1.0,0.0,0.0,0.0
7.954331111466343,0.0,0.0,0.0,1.0,0.0,0.0,1.0,0.0,1.0,0.0
64.4781187171915,1.0,1.0,0.0,1.0,1.0,0.0,1.0,1.0,0.0,0.0
28.104933724947273,0.0,0.0,0.0,1.0,0.0,1.0,0.0,0.0,1.0,1.0
10.30798827331571,0.0,0.0,0.0,1.0,1.0,0.0,1.0,1.0,1.0,0.0
7.129143028409416,0.0,0.0,0.0,1.0,1.0,0.0,1.0,1.0,1.0,0.0
65.60267097808006,0.0,1.0,0.0,0.0,1.0,0.0,1.0,0.0,0.0,0.0
6.1990376710795845,0.0,1.0,1.0,0.0,1.0,1.0,0.0,1.0,0.0,1.0
64.0561903559411,1.0,1.0,0.0,0.0,0.0,0.0,0.0,1.0,0.0,0.0
28.808990596532748,1.0,1.0,1.0,1.0,1.0,0.0,0.0,0.0,1.0,1.0
41.85437999710811,1.0,0.0,0.0,0.0,0.0,0.0,1.0,0.0,1.0,1.0
62.51248903875951,1.0,0.0,1.0,0.0,0.0,0.0,1.0,0.0,1.0,1.0
27.341831198889658,1.0,1.0,1.0,0.0,0.0,1.0,0.0,1.0,0.0,1.0
10.43511772011488,1.0,1.0,0.0,1.0,0.0,0.0,1.0,1.0,0.0,1.0
29.66074342432144,0.0,1.0,1.0,0.0,1.0,0.0,1.0,0.0,0.0,1.0
7.177125483351934,1.0,1.0,1.0,1.0,1.0,1.0,0.0,1.0,0.0,0.0
16.32656570558424,1.0,1.0,1.0,0.0,0.0,1.0,0.0,0.0,1.0,1.0
67.37647034600613,0.0,0.0,1.0,1.0,0.0,0.0,0.0,0.0,0.0,1.0
59.91401270163022,1.0,1.0,0.0,1.0,0.0,0.0,0.0,0.0,1.0,1.0
40.35430595255825,1.0,1.0,0.0,0.0,0.0,1.0,0.0,0.0,1.0,1.0
13.210913333802889,1.0,1.0,1.0,1.0,1.0,1.0,1.0,0.0,0.0,0.0
47.850919171722126,0.0,0.0,0.0,0.0,0.0,0.0,0.0,0.0,0.0,1.0
48.812009396534165,1.0,1.0,1.0,0.0,1.0,1.0,1.0,0.0,0.0,0.0
31.585228582518283,1.0,0.0,0.0,0.0,1.0,0.0,1.0,0.0,1.0,0.0
69.79189138003188,1.0,1.0,1.0,0.0,1.0,0.0,1.0,0.0,0.0,0.0
28.502095074884032,0.0,0.0,0.0,1.0,0.0,1.0,0.0,0.0,1.0,1.0
26.164058117257,0.0,0.0,0.0,1.0,0.0,1.0,0.0,0.0,0.0,1.0
13.031725863405143,1.0,1.0,0.0,0.0,1.0,1.0,0.0,0.0,1.0,0.0
10.655191851669027,1.0,1.0,0.0,1.0,0.0,1.0,0.0,0.0,1.0,1.0
34.15523417188649,0.0,1.0,1.0,1.0,0.0,0.0,0.0,0.0,1.0,0.0
21.20109340311416,0.0,0.0,0.0,1.0,1.0,1.0,0.0,1.0,1.0,0.0
31.52521303389399,0.0,1.0,1.0,0.0,1.0,1.0,0.0,0.0,0.0,0.0
44.12790661861567,1.0,1.0,1.0,0.0,0.0,0.0,0.0,0.0,1.0,0.0
50.01966408191322,1.0,1.0,0.0,0.0,1.0,0.0,0.0,0.0,1.0,0.0
1.3849679485001243,0.0,1.0,0.0,0.0,1.0,0.0,1.0,1.0,0.0,1.0
43.28673423215878,1.0,0.0,0.0,0.0,0.0,0.0,1.0,0.0,1.0,1.0
62.51405924999139,1.0,0.0,1.0,0.0,1.0,0.0,1.0,1.0,0.0,1.0
38.90111363770251,0.0,0.0,1.0,1.0,0.0,0.0,1.0,0.0,1.0,1.0
69.24271690450732,1.0,1.0,1.0,0.0,1.0,0.0,1.0,0.0,0.0,0.0
53.64313718050832,0.0,1.0,0.0,0.0,1.0,1.0,0.0,1.0,0.0,0.0
27.41267804934484,0.0,1.0,1.0,1.0,1.0,1.0,0.0,0.0,1.0,1.0
17.915369956883517,0.0,1.0,1.0,0.0,1.0,0.0,1.0,1.0,1.0,1.0
36.08134361534689,0.0,1.0,0.0,0.0,0.0,0.0,1.0,0.0,0.0,0.0
46.70140289967058,0.0,1.0,0.0,1.0,0.0,0.0,1.0,0.0,0.0,0.0
4.393658581947765,1.0,0.0,1.0,1.0,0.0,1.0,0.0,0.0,1.0,0.0
23.132775215696867,1.0,1.0,1.0,1.0,0.0,0.0,1.0,1.0,0.0,1.0
66.85683476307663,0.0,0.0,1.0,1.0,1.0,0.0,0.0,1.0,1.0,0.0
12.727326586032436,1.0,0.0,1.0,1.0,0.0,0.0,0.0,0.0,1.0,0.0
31.416343269300995,1.0,1.0,1.0,1.0,1.0,1.0,0.0,1.0,0.0,1.0
38.6077156428333,1.0,1.0,0.0,0.0,0.0,1.0,1.0,0.0,1.0,1.0
32.56379413062166,0.0,0.0,0.0,1.0,0.0,0.0,1.0,0.0,0.0,1.0
28.295739973291166,0.0,0.0,0.0,0.0,1.0,0.0,1.0,0.0,0.0,1.0
67.00975491214238,1.0,0.0,1.0,0.0,1.0,0.0,1.0,0.0,0.0,1.0
38.66755108449599,0.0,0.0,1.0,1.0,1.0,0.0,0.0,1.0,1.0,1.0
26.95396279091066,0.0,0.0,0.0,1.0,0.0,1.0,0.0,0.0,1.0,1.0
4.737738663936915,1.0,1.0,1.0,0.0,1.0,0.0,1.0,1.0,1.0,0.0
11.204472092298687,0.0,1.0,1.0,1.0,1.0,0.0,1.0,0.0,0.0,1.0
43.66245906826178,1.0,0.0,0.0,0.0,0.0,0.0,1.0,1.0,1.0,1.0
32.03602153900263,1.0,1.0,0.0,0.0,0.0,0.0,1.0,1.0,1.0,0.0
40.26353001109913,1.0,1.0,0.0,0.0,0.0,1.0,0.0,1.0,1.0,1.0
24.146179431705793,0.0,1.0,1.0,1.0,1.0,1.0,0.0,0.0,1.0,0.0
9.022958973354887,1.0,0.0,0.0,1.0,0.0,0.0,1.0,0.0,0.0,0.0
68.75534197286605,1.0,0.0,1.0,0.0,0.0,1.0,1.0,0.0,1.0,0.0
34.216683476371536,1.0,0.0,0.0,1.0,0.0,1.0,0.0,0.0,1.0,0.0
2.6766304637414065,1.0,0.0,0.0,1.0,0.0,0.0,1.0,0.0,0.0,0.0
18.637123848244606,0.0,0.0,0.0,0.0,0.0,0.0,0.0,0.0,0.0,0.0
4.494954002865688,1.0,1.0,1.0,1.0,1.0,1.0,0.0,1.0,0.0,0.0
29.623923165569444,0.0,0.0,0.0,0.0,1.0,1.0,0.0,0.0,1.0,1.0
15.52790017294843,0.0,1.0,0.0,1.0,1.0,1.0,1.0,0.0,0.0,1.0
52.19226012220012,1.0,0.0,0.0,0.0,1.0,1.0,1.0,1.0,0.0,0.0
7.697103694136648,1.0,1.0,0.0,0.0,1.0,0.0,1.0,1.0,1.0,0.0
7.354729704946958,1.0,1.0,1.0,1.0,1.0,1.0,0.0,1.0,0.0,0.0
16.730357435029365,1.0,1.0,0.0,0.0,1.0,0.0,0.0,0.0,1.0,0.0
14.054326912102763,1.0,1.0,0.0,0.0,0.0,1.0,0.0,1.0,1.0,1.0
30.754721153009555,1.0,0.0,1.0,0.0,0.0,0.0,1.0,0.0,0.0,1.0
32.79233755064398,1.0,1.0,1.0,1.0,0.0,0.0,0.0,0.0,1.0,0.0
53.492603025723675,1.0,1.0,1.0,1.0,0.0,1.0,0.0,0.0,1.0,1.0
46.550293021489786,0.0,0.0,1.0,1.0,0.0,0.0,1.0,0.0,1.0,1.0
45.26748675821316,0.0,0.0,0.0,0.0,0.0,0.0,0.0,1.0,1.0,1.0
25.55039482692442,0.0,0.0,1.0,1.0,0.0,1.0,0.0,0.0,0.0,0.0
41.08132404193267,1.0,1.0,0.0,0.0,1.0,0.0,0.0,1.0,0.0,1.0
42.358267592093114,1.0,0.0,1.0,1.0,1.0,0.0,0.0,0.0,1.0,1.0
30.911419329207884,0.0,1.0,0.0,1.0,0.0,1.0,0.0,0.0,0.0,0.0
3.174971435633325,1.0,0.0,0.0,1.0,0.0,0.0,0.0,1.0,1.0,1.0
66.96939146208595,1.0,1.0,0.0,1.0,1.0,1.0,1.0,0.0,0.0,0.0
3.890785440826871,1.0,1.0,0.0,1.0,1.0,1.0,0.0,0.0,0.0,0.0
72.37337130190681,1.0,0.0,0.0,0.0,1.0,0.0,1.0,1.0,0.0,1.0
28.936319941580937,0.0,1.0,1.0,1.0,1.0,1.0,0.0,0.0,0.0,1.0
31.111986236602718,0.0,0.0,1.0,1.0,0.0,0.0,1.0,1.0,1.0,0.0
7.2717536278091925,0.0,0.0,0.0,0.0,0.0,1.0,1.0,0.0,0.0,0.0
68.99778807940724,1.0,0.0,1.0,0.0,1.0,0.0,1.0,1.0,0.0,1.0
30.766099885331542,0.0,0.0,0.0,1.0,0.0,1.0,0.0,0.0,1.0,1.0
39.254627557594944,1.0,1.0,0.0,1.0,0.0,1.0,1.0,0.0,1.0,1.0
20.221761630996248,1.0,1.0,1.0,1.0,1.0,1.0,0.0,1.0,0.0,0.0
4.183505626680979,0.0,1.0,1.0,1.0,0.0,1.0,1.0,1.0,1.0,0.0
67.78565184920068,1.0,1.0,0.0,1.0,1.0,1.0,1.0,0.0,1.0,0.0
48.58651806695278,0.0,0.0,0.0,1.0,1.0,1.0,1.0,1.0,1.0,1.0
29.422278003055247,1.0,0.0,1.0,0.0,1.0,0.0,1.0,1.0,0.0,1.0
36.40775980605026,0.0,1.0,1.0,0.0,0.0,1.0,0.0,1.0,0.0,1.0
6.06801566452247,0.0,1.0,1.0,0.0,1.0,1.0,1.0,1.0,1.0,0.0
64.46743683498171,0.0,0.0,0.0,0.0,1.0,0.0,0.0,1.0,0.0,1.0
6.007198531544487,1.0,0.0,0.0,1.0,0.0,1.0,0.0,0.0,1.0,0.0
56.934613734946275,1.0,1.0,0.0,1.0,0.0,0.0,0.0,1.0,1.0,1.0
50.721834929121655,0.0,0.0,0.0,0.0,0.0,1.0,0.0,1.0,0.0,0.0
36.87475135590339,1.0,1.0,0.0,0.0,0.0,1.0,0.0,1.0,1.0,1.0
72.76907921392846,1.0,0.0,1.0,0.0,1.0,1.0,1.0,1.0,0.0,0.0
45.62434552197522,0.0,0.0,0.0,1.0,0.0,0.0,0.0,1.0,0.0,0.0
55.35411960939622,1.0,1.0,0.0,0.0,0.0,1.0,0.0,0.0,0.0,1.0
42.63539826937265,1.0,1.0,1.0,0.0,0.0,0.0,0.0,0.0,1.0,0.0
34.22030974517166,0.0,0.0,0.0,0.0,1.0,0.0,1.0,0.0,0.0,1.0
55.578001559337565,0.0,0.0,1.0,0.0,1.0,0.0,1.0,0.0,1.0,0.0
35.220889102084,1.0,0.0,1.0,0.0,1.0,0.0,1.0,1.0,1.0,1.0
68.09710106486405,0.0,0.0,0.0,0.0,1.0,0.0,0.0,1.0,0.0,1.0
64.00774906876579,1.0,1.0,1.0,0.0,0.0,0.0,0.0,1.0,0.0,0.0
17.814084515403344,0.0,0.0,0.0,0.0,0.0,0.0,0.0,1.0,0.0,1.0
11.021287575937503,1.0,0.0,1.0,1.0,0.0,1.0,1.0,0.0,0.0,1.0
22.8070328571998,1.0,0.0,1.0,1.0,0.0,1.0,1.0,1.0,1.0,0.0
7.524982899006585,1.0,1.0,0.0,0.0,1.0,1.0,0.0,1.0,0.0,0.0
5.6421978767357475,1.0,0.0,1.0,1.0,0.0,1.0,0.0,0.0,1.0,0.0
60.422235306815104,0.0,0.0,1.0,0.0,1.0,0.0,1.0,0.0,1.0,0.0
67.96663741392082,1.0,0.0,1.0,1.0,1.0,1.0,1.0,1.0,0.0,0.0
52.042526430235284,1.0,0.0,1.0,0.0,1.0,0.0,1.0,0.0,0.0,0.0
5.535596544500489,1.0,0.0,1.0,1.0,0.0,0.0,1.0,1.0,1.0,1.0
9.0948308050535,0.0,0.0,1.0,1.0,1.0,0.0,0.0,0.0,1.0,0.0
62.84111999305178,1.0,0.0,0.0,0.0,1.0,1.0,0.0,1.0,0.0,0.0
35.2282949275796,1.0,0.0,0.0,1.0,0.0,1.0,0.0,0.0,1.0,0.0
5.616895147961182,0.0,1.0,1.0,1.0,0.0,1.0,1.0,1.0,1.0,0.0
64.58830622081081,0.0,0.0,0.0,0.0,1.0,0.0,1.0,1.0,0.0,1.0
16.708203405893787,1.0,0.0,0.0,0.0,0.0,0.0,0.0,0.0,0.0,0.0
55.800832551011304,1.0,1.0,0.0,0.0,1.0,0.0,1.0,0.0,1.0,0.0
65.92215589842228,1.0,1.0,1.0,0.0,1.0,0.0,1.0,0.0,0.0,0.0
60.5433630917948,0.0,0.0,1.0,0.0,1.0,0.0,1.0,0.0,1.0,0.0
49.205733786132726,0.0,1.0,0.0,0.0,1.0,0.0,1.0,0.0,1.0,0.0
59.15307398133632,1.0,1.0,1.0,0.0,1.0,0.0,1.0,1.0,0.0,0.0
17.331522611419008,1.0,1.0,1.0,1.0,1.0,1.0,1.0,0.0,0.0,0.0
21.17660741037491,0.0,1.0,1.0,0.0,0.0,0.0,0.0,0.0,1.0,0.0
28.397482536366937,0.0,1.0,0.0,1.0,0.0,0.0,1.0,0.0,1.0,0.0
59.165117569864094,1.0,1.0,1.0,1.0,0.0,0.0,1.0,1.0,0.0,1.0
61.47019527113233,1.0,0.0,1.0,0.0,1.0,0.0,1.0,0.0,1.0,0.0
8.417528217493654,1.0,0.0,0.0,1.0,0.0,0.0,0.0,1.0,0.0,1.0
7.751676194812899,1.0,0.0,0.0,1.0,0.0,1.0,0.0,0.0,1.0,0.0
46.44967163401529,0.0,0.0,1.0,1.0,0.0,0.0,1.0,1.0,1.0,1.0
31.21636511070697,1.0,0.0,0.0,1.0,1.0,0.0,1.0,0.0,1.0,1.0
1.3754389529579978,1.0,1.0,0.0,0.0,1.0,0.0,0.0,1.0,0.0,1.0
6.9001058234671175,0.0,1.0,1.0,0.0,1.0,1.0,1.0,0.0,0.0,0.0
6.726368525351242,0.0,1.0,1.0,0.0,1.0,0.0,1.0,1.0,1.0,1.0
69.92174785017721,1.0,0.0,1.0,0.0,0.0,0.0,1.0,1.0,0.0,1.0
7.791665024871935,1.0,1.0,0.0,0.0,0.0,0.0,0.0,1.0,0.0,1.0
39.529305989903065,1.0,1.0,0.0,1.0,0.0,1.0,1.0,0.0,1.0,1.0
65.09043269546797,0.0,0.0,0.0,0.0,0.0,0.0,1.0,1.0,0.0,1.0
27.888778954744126,0.0,0.0,0.0,0.0,1.0,0.0,1.0,0.0,1.0,0.0
62.743837909395644,1.0,0.0,0.0,0.0,0.0,1.0,1.0,1.0,0.0,1.0
56.71524233981316,1.0,0.0,1.0,1.0,0.0,1.0,0.0,0.0,0.0,1.0
48.463662504104406,0.0,0.0,1.0,0.0,1.0,1.0,1.0,1.0,0.0,0.0
12.62551521350134,0.0,1.0,1.0,0.0,1.0,1.0,0.0,1.0,1.0,1.0
68.43354632993962,0.0,0.0,0.0,0.0,0.0,0.0,0.0,0.0,1.0,1.0
58.34114023530571,1.0,1.0,1.0,0.0,0.0,0.0,0.0,0.0,1.0,0.0
29.398009322161798,1.0,1.0,0.0,1.0,0.0,1.0,1.0,0.0,0.0,1.0
38.46993400365091,1.0,0.0,1.0,0.0,0.0,0.0,1.0,0.0,0.0,1.0
57.64404828684698,0.0,0.0,1.0,0.0,1.0,0.0,1.0,0.0,1.0,0.0
30.42502866604549,0.0,0.0,0.0,0.0,1.0,0.0,1.0,0.0,0.0,1.0
47.98701547130616,1.0,0.0,0.0,1.0,1.0,1.0,1.0,0.0,1.0,0.0
43.7202647883461,1.0,1.0,0.0,0.0,1.0,0.0,0.0,1.0,1.0,1.0
67.17868079990774,1.0,0.0,0.0,1.0,0.0,0.0,1.0,1.0,1.0,0.0
13.639912370209759,0.0,0.0,0.0,1.0,1.0,0.0,1.0,0.0,1.0,0.0
40.69184107790387,1.0,0.0,1.0,0.0,1.0,0.0,1.0,1.0,1.0,1.0
15.988717563979481,1.0,1.0,1.0,1.0,1.0,1.0,0.0,0.0,0.0,0.0
2.588756259126249,1.0,1.0,1.0,0.0,0.0,1.0,0.0,1.0,0.0,0.0
60.04522080642149,0.0,0.0,1.0,1.0,1.0,1.0,0.0,1.0,1.0,1.0
32.82067273097058,0.0,0.0,0.0,0.0,0.0,0.0,0.0,1.0,1.0,1.0
4.536115374599151,0.0,0.0,0.0,0.0,0.0,0.0,1.0,0.0,0.0,0.0
71.23267732750477,1.0,0.0,1.0,0.0,0.0,0.0,1.0,0.0,1.0,1.0
41.939984971087036,1.0,1.0,0.0,0.0,1.0,0.0,0.0,1.0,0.0,1.0
54.3394432199936,1.0,1.0,1.0,1.0,0.0,1.0,0.0,0.0,0.0,1.0
47.107376969267925,1.0,0.0,1.0,1.0,1.0,1.0,0.0,1.0,0.0,0.0
7.833127904040296,1.0,0.0,1.0,1.0,0.0,1.0,1.0,0.0,1.0,0.0
3.0177213242425553,0.0,1.0,0.0,0.0,0.0,0.0,1.0,1.0,1.0,1.0
6.2900651198334065,0.0,1.0,0.0,0.0,1.0,1.0,0.0,1.0,1.0,0.0
21.71313932149628,0.0,0.0,0.0,0.0,1.0,0.0,1.0,0.0,0.0,0.0
63.441061354596435,0.0,0.0,0.0,0.0,1.0,0.0,0.0,1.0,0.0,1.0
13.703951720723182,0.0,1.0,1.0,0.0,1.0,1.0,0.0,1.0,1.0,1.0
19.659997276335936,0.0,1.0,0.0,0.0,1.0,1.0,0.0,0.0,0.0,1.0
63.27043188254366,1.0,0.0,1.0,0.0,1.0,1.0,1.0,1.0,0.0,0.0
54.32105159667326,1.0,1.0,1.0,0.0,0.0,1.0,0.0,0.0,1.0,1.0
36.89618914276007,1.0,1.0,0.0,0.0,0.0,1.0,0.0,1.0,1.0,1.0
9.23966604506872,1.0,0.0,1.0,1.0,0.0,0.0,1.0,1.0,1.0,1.0
7.684102540412496,0.0,1.0,1.0,1.0,0.0,1.0,1.0,0.0,0.0,0.0
39.00317450455627,1.0,0.0,0.0,1.0,1.0,1.0,1.0,0.0,1.0,0.0
36.60978665110727,1.0,0.0,0.0,1.0,0.0,1.0,0.0,0.0,1.0,0.0
26.918305700400495,0.0,1.0,0.0,0.0,0.0,1.0,0.0,0.0,0.0,1.0
41.07861165022949,1.0,0.0,1.0,0.0,0.0,0.0,1.0,1.0,1.0,1.0
43.024762386064005,1.0,0.0,0.0,1.0,1.0,1.0,1.0,0.0,1.0,0.0
11.043832941926006,1.0,0.0,0.0,0.0,1.0,1.0,1.0,1.0,1.0,0.0
41.48987139559615,0.0,0.0,1.0,1.0,0.0,0.0,1.0,1.0,1.0,1.0
15.04916438694898,1.0,1.0,0.0,1.0,1.0,1.0,0.0,0.0,0.0,0.0
55.03823389583746,0.0,0.0,0.0,0.0,0.0,1.0,0.0,1.0,0.0,0.0
13.837604596127651,1.0,0.0,1.0,1.0,0.0,1.0,1.0,0.0,0.0,1.0
22.74199791585188,0.0,1.0,1.0,1.0,1.0,1.0,0.0,0.0,1.0,0.0
7.05323780648554,0.0,1.0,0.0,1.0,1.0,1.0,0.0,1.0,1.0,1.0
42.08770040929893,1.0,1.0,0.0,1.0,0.0,1.0,1.0,0.0,1.0,1.0
27.525384411368606,0.0,1.0,1.0,1.0,1.0,1.0,1.0,1.0,1.0,1.0
38.06700024693546,1.0,0.0,0.0,1.0,0.0,1.0,1.0,0.0,1.0,1.0
28.435224829538456,0.0,0.0,0.0,1.0,0.0,0.0,1.0,1.0,0.0,1.0
35.42546526832268,1.0,0.0,1.0,0.0,0.0,0.0,1.0,0.0,0.0,1.0
62.05812385526023,1.0,1.0,0.0,0.0,1.0,0.0,1.0,0.0,1.0,0.0
28.089052935871557,1.0,0.0,0.0,0.0,0.0,0.0,1.0,0.0,1.0,0.0
2.629396278650195,0.0,0.0,0.0,0.0,1.0,0.0,0.0,1.0,1.0,0.0
44.049024619772325,1.0,0.0,0.0,1.0,1.0,1.0,1.0,1.0,1.0,0.0
64.64984393528476,1.0,0.0,1.0,1.0,0.0,1.0,1.0,1.0,1.0,1.0
54.9860182272756,1.0,0.0,1.0,1.0,0.0,0.0,1.0,1.0,0.0,1.0
16.780935519258346,1.0,0.0,1.0,0.0,0.0,0.0,1.0,0.0,0.0,1.0
65.69872232247515,1.0,0.0,0.0,1.0,1.0,0.0,1.0,0.0,1.0,0.0
5.931358700692601,0.0,1.0,0.0,0.0,1.0,1.0,0.0,1.0,1.0,0.0
7.250101217254453,0.0,0.0,1.0,1.0,0.0,1.0,1.0,1.0,1.0,0.0
36.41863718063516,1.0,0.0,1.0,1.0,1.0,0.0,1.0,1.0,0.0,0.0
45.19229855019075,1.0,0.0,0.0,1.0,1.0,1.0,1.0,1.0,1.0,0.0
47.23085975020975,0.0,0.0,0.0,1.0,1.0,0.0,1.0,0.0,1.0,0.0
63.565303064349685,0.0,1.0,0.0,0.0,1.0,0.0,1.0,0.0,0.0,0.0
40.96676428649336,1.0,1.0,0.0,0.0,0.0,1.0,0.0,0.0,1.0,1.0
11.155522775680556,0.0,0.0,0.0,0.0,1.0,0.0,0.0,0.0,1.0,1.0
14.527456968570943,0.0,1.0,0.0,1.0,0.0,1.0,1.0,1.0,0.0,0.0
26.927662540466706,1.0,0.0,1.0,0.0,0.0,0.0,0.0,0.0,0.0,1.0
53.32130260419793,0.0,1.0,0.0,0.0,0.0,1.0,0.0,0.0,0.0,1.0
21.539282923023233,1.0,1.0,1.0,0.0,1.0,0.0,0.0,0.0,0.0,1.0
42.90900739273727,1.0,0.0,1.0,0.0,1.0,1.0,0.0,1.0,0.0,0.0
31.531365603953784,0.0,1.0,1.0,1.0,1.0,1.0,0.0,1.0,0.0,1.0
11.174255147709134,0.0,1.0,1.0,1.0,1.0,1.0,1.0,0.0,0.0,0.0
56.52608845601643,0.0,0.0,1.0,0.0,1.0,0.0,0.0,1.0,1.0,0.0
60.20269032005251,0.0,0.0,0.0,1.0,0.0,1.0,1.0,0.0,0.0,0.0
38.186385841290864,1.0,1.0,1.0,0.0,1.0,0.0,0.0,0.0,1.0,1.0
34.8965807351294,0.0,0.0,0.0,0.0,1.0,0.0,1.0,0.0,0.0,1.0
29.21795420991468,0.0,1.0,1.0,1.0,0.0,1.0,0.0,0.0,1.0,0.0
18.363150755667416,0.0,0.0,0.0,0.0,1.0,0.0,1.0,0.0,0.0,0.0
8.481181986814564,1.0,0.0,0.0,1.0,0.0,0.0,1.0,0.0,0.0,1.0
4.599233564937178,1.0,0.0,0.0,1.0,0.0,0.0,1.0,0.0,0.0,0.0
53.4962134371928,0.0,0.0,0.0,1.0,0.0,1.0,0.0,0.0,0.0,1.0
14.20031276108064,0.0,1.0,1.0,1.0,1.0,0.0,1.0,0.0,0.0,1.0
47.58129022518518,0.0,0.0,1.0,1.0,1.0,0.0,0.0,0.0,0.0,1.0
26.457318678023643,1.0,1.0,1.0,1.0,1.0,1.0,0.0,1.0,1.0,0.0
26.448837661786055,1.0,1.0,1.0,1.0,0.0,0.0,0.0,0.0,1.0,1.0
50.32159373310431,0.0,1.0,0.0,1.0,0.0,0.0,1.0,0.0,0.0,0.0
31.71582354711354,1.0,0.0,0.0,1.0,0.0,0.0,0.0,0.0,0.0,0.0
32.5071807374753,1.0,1.0,1.0,0.0,0.0,1.0,0.0,1.0,0.0,1.0
23.835874401543524,1.0,0.0,0.0,0.0,1.0,0.0,0.0,0.0,1.0,1.0
35.50324051955756,1.0,0.0,0.0,1.0,0.0,1.0,0.0,0.0,1.0,0.0
17.525028852514108,1.0,1.0,0.0,0.0,0.0,0.0,0.0,0.0,1.0,0.0
5.645693543221093,0.0,1.0,1.0,0.0,1.0,1.0,0.0,0.0,0.0,1.0
65.31300354774068,0.0,1.0,1.0,0.0,1.0,1.0,0.0,0.0,1.0,0.0
61.50548115785432,1.0,0.0,0.0,0.0,1.0,0.0,1.0,0.0,0.0,0.0
67.35733821745875,1.0,1.0,1.0,0.0,0.0,0.0,0.0,1.0,0.0,0.0
22.759861866916143,1.0,1.0,1.0,0.0,1.0,0.0,1.0,0.0,0.0,1.0
10.285687819076303,1.0,1.0,0.0,0.0,0.0,1.0,1.0,1.0,1.0,1.0
71.28769994982474,0.0,0.0,0.0,1.0,0.0,1.0,0.0,0.0,1.0,1.0
40.42144064775908,1.0,0.0,1.0,1.0,1.0,0.0,0.0,1.0,0.0,0.0
32.61901126702551,0.0,0.0,0.0,0.0,1.0,0.0,1.0,0.0,0.0,1.0
59.73986931379911,0.0,0.0,1.0,0.0,1.0,1.0,1.0,1.0,1.0,1.0
16.427606756413706,1.0,0.0,1.0,0.0,0.0,0.0,1.0,0.0,0.0,1.0
28.318211246615732,1.0,1.0,1.0,0.0,1.0,1.0,1.0,0.0,0.0,0.0
27.95105933761367,1.0,1.0,0.0,1.0,0.0,1.0,1.0,0.0,0.0,1.0
13.629035413434497,0.0,1.0,1.0,1.0,1.0,0.0,1.0,1.0,0.0,1.0
63.07886730212504,1.0,1.0,0.0,0.0,1.0,1.0,0.0,1.0,0.0,0.0
11.923528516232878,0.0,0.0,1.0,1.0,0.0,1.0,1.0,1.0,0.0,1.0
58.2188402435294,0.0,0.0,0.0,1.0,1.0,1.0,0.0,1.0,1.0,1.0
4.873066075357504,1.0,1.0,1.0,1.0,1.0,1.0,0.0,1.0,0.0,0.0
61.74832612208532,0.0,1.0,0.0,0.0,1.0,0.0,1.0,0.0,0.0,0.0
55.24169846450914,1.0,0.0,0.0,0.0,0.0,1.0,0.0,0.0,0.0,1.0
55.8432888274192,1.0,0.0,0.0,1.0,0.0,1.0,1.0,0.0,0.0,1.0
68.33435425401967,1.0,0.0,1.0,0.0,1.0,1.0,1.0,1.0,0.0,0.0
44.51085821910271,1.0,0.0,1.0,1.0,1.0,0.0,0.0,0.0,1.0,1.0
61.038390598233434,0.0,0.0,0.0,1.0,0.0,1.0,1.0,0.0,0.0,0.0
68.47964692711835,1.0,0.0,1.0,0.0,1.0,1.0,0.0,0.0,0.0,0.0
36.57983916560937,1.0,1.0,0.0,0.0,1.0,0.0,1.0,1.0,0.0,1.0
18.816036410945667,1.0,1.0,1.0,0.0,1.0,0.0,1.0,0.0,0.0,1.0
31.455437825945623,0.0,1.0,0.0,1.0,0.0,0.0,1.0,0.0,0.0,0.0
14.930173031365307,0.0,1.0,0.0,1.0,0.0,1.0,1.0,0.0,0.0,1.0
40.325328228065004,1.0,0.0,0.0,0.0,0.0,1.0,0.0,1.0,1.0,1.0
4.5238894668752305,1.0,0.0,1.0,0.0,1.0,0.0,0.0,1.0,1.0,1.0
7.8228923161814565,0.0,1.0,0.0,1.0,1.0,0.0,0.0,1.0,0.0,1.0
12.862670206392886,0.0,0.0,0.0,1.0,0.0,1.0,1.0,1.0,0.0,0.0
37.332067202897605,0.0,1.0,1.0,0.0,1.0,0.0,0.0,0.0,0.0,0.0
62.63911228044588,1.0,1.0,0.0,0.0,0.0,1.0,1.0,0.0,1.0,1.0
53.88528013837731,0.0,1.0,0.0,0.0,0.0,0.0,0.0,1.0,0.0,0.0
50.1254335033663,0.0,0.0,0.0,1.0,0.0,1.0,0.0,1.0,1.0,0.0
66.66868837800249,1.0,1.0,1.0,1.0,1.0,1.0,1.0,0.0,1.0,0.0
50.48115885336364,0.0,0.0,0.0,0.0,1.0,1.0,0.0,1.0,0.0,1.0
29.557544723957925,1.0,1.0,1.0,0.0,1.0,0.0,0.0,0.0,1.0,1.0
43.45398136912807,1.0,1.0,1.0,0.0,1.0,1.0,0.0,0.0,0.0,1.0
51.58199265035528,1.0,1.0,1.0,1.0,1.0,1.0,0.0,0.0,1.0,1.0
63.79512679954457,1.0,1.0,0.0,1.0,1.0,1.0,0.0,0.0,1.0,0.0
58.01096316983955,1.0,0.0,0.0,0.0,1.0,0.0,0.0,0.0,1.0,1.0
59.053753216614304,1.0,0.0,1.0,1.0,0.0,1.0,0.0,0.0,0.0,1.0
42.04505991042832,1.0,1.0,1.0,0.0,1.0,0.0,1.0,0.0,0.0,1.0
70.56752850544363,1.0,0.0,1.0,0.0,1.0,1.0,0.0,1.0,0.0,0.0
64.3845189380416,1.0,1.0,1.0,0.0,1.0,0.0,1.0,0.0,0.0,0.0
50.82174207311644,0.0,1.0,0.0,1.0,0.0,0.0,1.0,0.0,0.0,0.0
50.34271561436684,0.0,0.0,0.0,1.0,1.0,0.0,0.0,0.0,1.0,0.0
14.317432206061955,0.0,0.0,0.0,0.0,1.0,0.0,1.0,0.0,0.0,0.0
67.16550654588447,0.0,0.0,0.0,0.0,1.0,0.0,0.0,1.0,0.0,1.0
10.712094888431677,0.0,1.0,1.0,0.0,1.0,0.0,1.0,1.0,1.0,1.0
5.368537634805689,1.0,1.0,1.0,1.0,0.0,1.0,1.0,0.0,0.0,1.0
43.022843119707325,0.0,0.0,0.0,1.0,0.0,0.0,0.0,1.0,0.0,0.0
24.74537215784781,1.0,1.0,1.0,1.0,1.0,1.0,1.0,1.0,0.0,0.0
31.80711961735735,0.0,0.0,0.0,1.0,0.0,1.0,0.0,0.0,1.0,1.0
18.318386716583717,1.0,0.0,0.0,0.0,1.0,1.0,1.0,1.0,1.0,0.0
47.59247192461361,1.0,1.0,1.0,0.0,1.0,1.0,1.0,0.0,0.0,0.0
21.763210429453554,1.0,1.0,1.0,1.0,1.0,1.0,0.0,1.0,0.0,0.0
15.39445781485985,1.0,1.0,1.0,0.0,1.0,0.0,0.0,0.0,1.0,0.0
62.76127366102137,0.0,1.0,0.0,0.0,1.0,1.0,1.0,0.0,0.0,0.0
62.95649889055952,0.0,0.0,0.0,0.0,1.0,0.0,0.0,1.0,0.0,1.0
59.853292962088624,1.0,0.0,0.0,0.0,0.0,0.0,0.0,1.0,0.0,0.0
60.899129306061056,1.0,0.0,1.0,1.0,1.0,0.0,0.0,0.0,1.0,1.0
8.346216646459602,1.0,0.0,1.0,1.0,0.0,0.0,1.0,0.0,0.0,0.0
63.2217325067637,1.0,0.0,0.0,1.0,1.0,0.0,1.0,0.0,0.0,0.0
10.956163868292192,0.0,1.0,0.0,1.0,1.0,1.0,1.0,0.0,0.0,1.0
42.26813552265201,1.0,1.0,0.0,0.0,1.0,0.0,0.0,1.0,0.0,1.0
40.731286634858364,0.0,1.0,0.0,0.0,0.0,1.0,0.0,1.0,1.0,1.0
1.0,1.0,1.0,0.0,1.0,0.0,0.0,1.0,1.0,1.0,1.0
54.41889770841503,1.0,0.0,1.0,0.0,1.0,0.0,1.0,0.0,0.0,0.0
65.77620819718867,1.0,0.0,0.0,1.0,0.0,0.0,1.0,1.0,1.0,0.0
28.132666578647335,1.0,0.0,0.0,1.0,0.0,1.0,0.0,0.0,1.0,1.0
30.71100938097761,0.0,1.0,1.0,0.0,1.0,0.0,0.0,0.0,0.0,0.0
63.81728797267309,0.0,0.0,0.0,1.0,1.0,1.0,0.0,1.0,1.0,1.0
52.81450657825267,1.0,1.0,1.0,1.0,0.0,1.0,0.0,0.0,1.0,1.0
36.10784183645447,1.0,0.0,1.0,0.0,1.0,0.0,1.0,1.0,0.0,1.0
50.95832569188879,1.0,1.0,0.0,1.0,0.0,0.0,0.0,0.0,0.0,1.0
26.459148526364032,1.0,1.0,0.0,0.0,1.0,0.0,0.0,1.0,1.0,0.0
45.03309788406742,1.0,0.0,1.0,1.0,1.0,1.0,1.0,0.0,1.0,1.0
65.65428066117919,1.0,0.0,1.0,1.0,1.0,1.0,1.0,1.0,0.0,0.0
44.33234362002842,1.0,1.0,1.0,1.0,0.0,1.0,0.0,0.0,1.0,0.0
68.9410437948123,0.0,0.0,1.0,0.0,0.0,0.0,0.0,0.0,1.0,1.0
14.133185142657233,0.0,1.0,1.0,0.0,1.0,1.0,1.0,0.0,0.0,0.0
47.7097656357473,1.0,0.0,0.0,1.0,1.0,1.0,1.0,0.0,1.0,1.0
32.86714614317665,1.0,0.0,1.0,0.0,1.0,0.0,1.0,1.0,0.0,1.0
6.2698015476895135,0.0,1.0,0.0,0.0,1.0,1.0,0.0,1.0,1.0,0.0
11.634604750500486,1.0,0.0,0.0,0.0,1.0,1.0,1.0,1.0,0.0,0.0
55.22440308998377,0.0,0.0,1.0,0.0,1.0,1.0,1.0,1.0,1.0,0.0
21.84979346440835,1.0,1.0,0.0,0.0,1.0,0.0,0.0,0.0,1.0,0.0
19.436126714552202,0.0,0.0,0.0,0.0,1.0,1.0,1.0,0.0,0.0,1.0
39.09025882909067,1.0,1.0,0.0,0.0,1.0,0.0,1.0,1.0,0.0,1.0
6.0579186303845,0.0,1.0,1.0,0.0,0.0,1.0,0.0,1.0,0.0,1.0
30.792065657728706,1.0,0.0,1.0,0.0,0.0,0.0,1.0,1.0,1.0,0.0
50.59843864008434,1.0,1.0,0.0,0.0,1.0,0.0,0.0,0.0,1.0,0.0
4.155608914149214,0.0,0.0,0.0,0.0,0.0,1.0,1.0,0.0,0.0,0.0
61.61133683703889,1.0,0.0,1.0,0.0,1.0,0.0,1.0,1.0,0.0,1.0
55.583688540315,0.0,1.0,0.0,1.0,0.0,1.0,0.0,1.0,0.0,0.0
66.12995239823009,1.0,1.0,1.0,0.0,1.0,1.0,1.0,0.0,1.0,0.0
8.736947313779229,1.0,0.0,0.0,0.0,1.0,1.0,0.0,1.0,0.0,0.0
47.44023770018447,0.0,0.0,0.0,1.0,0.0,0.0,0.0,1.0,1.0,0.0
55.130441601685746,0.0,1.0,0.0,1.0,0.0,0.0,0.0,1.0,1.0,0.0
18.612665561473356,1.0,1.0,0.0,0.0,0.0,1.0,1.0,1.0,0.0,1.0
33.27601182322275,1.0,0.0,1.0,0.0,0.0,0.0,1.0,0.0,1.0,1.0
52.40326034529732,0.0,1.0,0.0,0.0,0.0,0.0,1.0,1.0,0.0,0.0
7.001352147427077,0.0,0.0,0.0,0.0,1.0,0.0,0.0,0.0,1.0,1.0
7.364649980364813,1.0,1.0,0.0,0.0,0.0,0.0,1.0,1.0,0.0,1.0
18.86094067836254,0.0,1.0,1.0,1.0,1.0,0.0,1.0,0.0,0.0,1.0
45.638101404464436,0.0,0.0,1.0,1.0,0.0,1.0,1.0,0.0,1.0,1.0
52.42850043229178,1.0,0.0,1.0,0.0,1.0,0.0,1.0,1.0,0.0,0.0
49.11108598443313,1.0,1.0,1.0,0.0,1.0,1.0,1.0,0.0,0.0,0.0
6.122024610603859,1.0,0.0,1.0,0.0,1.0,0.0,0.0,1.0,1.0,1.0
23.63241476549129,1.0,0.0,0.0,0.0,0.0,0.0,0.0,0.0,0.0,0.0
56.65569361253002,0.0,1.0,0.0,0.0,0.0,0.0,0.0,1.0,0.0,0.0
57.74034910676447,0.0,1.0,0.0,1.0,0.0,0.0,1.0,1.0,0.0,0.0
35.20339953141593,1.0,1.0,0.0,1.0,0.0,1.0,1.0,1.0,0.0,0.0
55.60081572121449,1.0,0.0,1.0,1.0,0.0,1.0,0.0,0.0,0.0,1.0
34.31913920695678,0.0,0.0,0.0,0.0,0.0,1.0,0.0,0.0,1.0,1.0
64.72806829540853,1.0,1.0,1.0,1.0,1.0,1.0,0.0,1.0,1.0,1.0
42.37111658303993,0.0,0.0,1.0,1.0,0.0,0.0,1.0,0.0,1.0,1.0
60.30899572938711,1.0,1.0,0.0,0.0,1.0,1.0,0.0,1.0,0.0,0.0
6.263190756380098,0.0,0.0,1.0,1.0,1.0,1.0,1.0,1.0,0.0,0.0
25.677630502230265,0.0,1.0,1.0,1.0,1.0,1.0,0.0,0.0,1.0,0.0
54.27074671989932,1.0,0.0,1.0,0.0,1.0,0.0,1.0,0.0,0.0,0.0
55.19266091589523,0.0,1.0,0.0,1.0,0.0,0.0,1.0,1.0,0.0,0.0
20.89744972163158,1.0,1.0,1.0,0.0,0.0,0.0,0.0,0.0,0.0,0.0
69.12944380091515,1.0,1.0,0.0,1.0,1.0,1.0,1.0,0.0,1.0,0.0
56.4873858283388,0.0,1.0,1.0,1.0,0.0,0.0,0.0,1.0,0.0,0.0
69.72981329751732,0.0,0.0,1.0,1.0,1.0,0.0,0.0,0.0,1.0,0.0
65.96816566087978,0.0,1.0,0.0,1.0,0.0,0.0,1.0,1.0,0.0,0.0
54.64162669625746,0.0,0.0,0.0,0.0,1.0,0.0,0.0,0.0,1.0,1.0
34.87344898884503,1.0,0.0,1.0,0.0,0.0,0.0,1.0,1.0,1.0,0.0
16.1696349406551,0.0,1.0,0.0,0.0,1.0,0.0,0.0,0.0,0.0,1.0
35.8783853716655,0.0,1.0,1.0,0.0,1.0,0.0,1.0,1.0,1.0,1.0
56.10834792376441,1.0,0.0,1.0,0.0,1.0,0.0,1.0,0.0,0.0,0.0
24.104651066968717,1.0,1.0,1.0,0.0,1.0,0.0,0.0,1.0,1.0,0.0
32.507098710679294,1.0,0.0,1.0,0.0,1.0,0.0,1.0,1.0,1.0,1.0
32.71735576631143,1.0,1.0,1.0,1.0,1.0,1.0,0.0,1.0,0.0,1.0
12.820225413128004,1.0,1.0,0.0,1.0,1.0,0.0,0.0,0.0,0.0,0.0
7.269749518575573,1.0,1.0,1.0,1.0,0.0,1.0,0.0,1.0,0.0,0.0
62.69796802698572,0.0,1.0,0.0,1.0,1.0,0.0,1.0,1.0,0.0,0.0
10.319123438558927,1.0,0.0,0.0,0.0,0.0,0.0,1.0,0.0,0.0,1.0
73.63193585175866,1.0,0.0,1.0,0.0,1.0,1.0,1.0,1.0,1.0,0.0
15.514859476358215,1.0,1.0,0.0,0.0,1.0,1.0,1.0,0.0,1.0,0.0
20.098565583966128,0.0,1.0,0.0,0.0,1.0,1.0,0.0,0.0,0.0,1.0
56.043185649287224,1.0,0.0,0.0,0.0,1.0,1.0,1.0,1.0,0.0,1.0
63.9958217478119,0.0,1.0,0.0,0.0,1.0,0.0,1.0,0.0,0.0,0.0
64.57013720009171,0.0,0.0,0.0,1.0,1.0,0.0,0.0,0.0,1.0,1.0
18.7216751458868,0.0,1.0,1.0,0.0,0.0,0.0,0.0,1.0,1.0,1.0
10.850764435154332,1.0,1.0,1.0,1.0,0.0,1.0,0.0,1.0,0.0,0.0
27.212127311873964,0.0,0.0,0.0,1.0,0.0,1.0,0.0,0.0,1.0,1.0
18.250084291071964,1.0,1.0,0.0,1.0,1.0,0.0,0.0,0.0,0.0,0.0
72.77185861547683,1.0,1.0,1.0,0.0,1.0,0.0,1.0,0.0,0.0,0.0
46.673099343735515,0.0,1.0,0.0,0.0,1.0,0.0,1.0,1.0,1.0,0.0
5.008894898139377,1.0,1.0,0.0,1.0,0.0,0.0,0.0,1.0,0.0,1.0
33.80211932143383,1.0,1.0,1.0,1.0,0.0,0.0,0.0,0.0,1.0,0.0
28.19330094887467,0.0,0.0,0.0,1.0,0.0,0.0,0.0,1.0,1.0,1.0
7.1301115374064175,1.0,0.0,0.0,1.0,0.0,0.0,1.0,0.0,0.0,0.0
60.063678816666965,0.0,1.0,1.0,1.0,1.0,1.0,0.0,1.0,1.0,1.0
56.079084359540985,1.0,0.0,0.0,0.0,0.0,1.0,0.0,0.0,0.0,1.0
69.03566324130762,1.0,1.0,1.0,0.0,1.0,1.0,1.0,1.0,0.0,0.0
42.502866482381705,1.0,0.0,1.0,1.0,1.0,0.0,0.0,0.0,1.0,1.0
36.99498985198682,1.0,0.0,1.0,1.0,1.0,0.0,0.0,1.0,0.0,0.0
16.110388735489913,1.0,0.0,1.0,1.0,0.0,0.0,1.0,1.0,1.0,1.0
68.65757175620162,0.0,0.0,1.0,0.0,1.0,0.0,1.0,1.0,1.0,0.0
35.616007290095986,0.0,1.0,0.0,1.0,0.0,0.0,1.0,0.0,0.0,0.0
50.260504756829036,1.0,0.0,1.0,1.0,0.0,0.0,1.0,1.0,0.0,1.0
56.069793694273926,1.0,0.0,1.0,1.0,0.0,0.0,0.0,1.0,0.0,1.0
44.02458007912773,0.0,1.0,0.0,1.0,0.0,0.0,0.0,1.0,0.0,0.0
11.573886710232173,0.0,0.0,0.0,0.0,1.0,0.0,0.0,0.0,1.0,1.0
18.33093308575648,0.0,1.0,0.0,0.0,0.0,0.0,1.0,1.0,0.0,1.0
66.27660488150016,1.0,0.0,1.0,1.0,0.0,0.0,1.0,1.0,0.0,1.0
42.8116367085086,1.0,1.0,0.0,0.0,1.0,1.0,1.0,1.0,0.0,1.0
63.5803739086368,1.0,1.0,1.0,0.0,0.0,0.0,0.0,1.0,0.0,0.0
20.068674927547967,1.0,1.0,0.0,0.0,1.0,1.0,1.0,0.0,1.0,0.0
25.999489184037074,1.0,1.0,0.0,0.0,0.0,1.0,1.0,1.0,0.0,1.0
36.70041256520449,1.0,1.0,0.0,0.0,1.0,0.0,1.0,1.0,0.0,1.0
64.1139445610944,0.0,0.0,0.0,1.0,0.0,1.0,1.0,0.0,0.0,0.0
66.10026750892375,0.0,0.0,0.0,0.0,1.0,1.0,1.0,1.0,1.0,0.0
39.43642201055051,0.0,1.0,1.0,0.0,0.0,1.0,0.0,1.0,0.0,1.0
7.712167204435451,0.0,1.0,1.0,1.0,0.0,1.0,1.0,1.0,0.0,0.0
47.449125698047524,0.0,0.0,0.0,0.0,0.0,0.0,0.0,1.0,1.0,1.0
27.811357875727136,1.0,0.0,1.0,1.0,1.0,0.0,1.0,1.0,0.0,1.0
44.3703197025073,1.0,1.0,0.0,1.0,1.0,0.0,1.0,1.0,1.0,1.0
46.249546128456416,0.0,1.0,0.0,1.0,0.0,0.0,1.0,0.0,0.0,0.0
29.02351476121893,1.0,0.0,0.0,1.0,0.0,0.0,1.0,0.0,0.0,1.0
48.7897852729654,1.0,1.0,0.0,0.0,0.0,0.0,0.0,0.0,1.0,0.0
71.68260791427619,0.0,0.0,1.0,1.0,1.0,0.0,0.0,0.0,1.0,0.0
37.267409041951005,0.0,1.0,0.0,0.0,0.0,0.0,1.0,0.0,0.0,0.0
15.518185410170915,0.0,1.0,0.0,0.0,1.0,1.0,0.0,0.0,0.0,1.0
47.136467319365394,1.0,0.0,1.0,0.0,1.0,1.0,1.0,1.0,0.0,0.0
55.677287331762585,1.0,0.0,0.0,0.0,1.0,0.0,0.0,0.0,1.0,1.0
58.15897417840297,0.0,1.0,0.0,0.0,0.0,0.0,1.0,1.0,0.0,0.0
59.60769905243803,1.0,0.0,0.0,0.0,1.0,0.0,1.0,0.0,1.0,0.0
42.74007464389329,1.0,1.0,1.0,0.0,0.0,0.0,0.0,0.0,1.0,0.0
60.752918106082895,0.0,0.0,1.0,0.0,1.0,0.0,1.0,0.0,1.0,0.0
55.18571153908107,0.0,1.0,0.0,1.0,1.0,0.0,0.0,1.0,1.0,0.0
57.24474214580903,0.0,1.0,0.0,1.0,0.0,0.0,0.0,1.0,1.0,0.0
30.747879135001856,1.0,1.0,1.0,0.0,1.0,0.0,0.0,1.0,1.0,0.0
28.154911079117248,0.0,0.0,0.0,0.0,1.0,0.0,1.0,0.0,0.0,1.0
36.583115264220474,1.0,1.0,0.0,0.0,1.0,0.0,1.0,1.0,0.0,1.0
59.10420531571601,1.0,1.0,0.0,0.0,1.0,0.0,1.0,0.0,1.0,0.0
45.52289158458386,1.0,1.0,1.0,1.0,1.0,0.0,0.0,1.0,1.0,1.0
57.89763437985758,1.0,0.0,0.0,1.0,0.0,0.0,0.0,0.0,1.0,0.0
63.637484313791084,1.0,1.0,1.0,1.0,1.0,1.0,0.0,1.0,1.0,1.0
70.11825917154762,0.0,0.0,1.0,1.0,0.0,0.0,0.0,1.0,0.0,1.0
3.6886658451074115,1.0,0.0,1.0,0.0,0.0,0.0,0.0,1.0,1.0,1.0
49.38461924908685,1.0,0.0,1.0,1.0,0.0,0.0,1.0,1.0,0.0,1.0
35.840857130220165,1.0,0.0,1.0,0.0,0.0,0.0,1.0,0.0,0.0,1.0
9.321065304525074,1.0,0.0,0.0,0.0,1.0,0.0,0.0,1.0,1.0,0.0
44.329732118678905,0.0,1.0,1.0,0.0,0.0,1.0,0.0,0.0,1.0,1.0
68.51072980012819,1.0,0.0,1.0,0.0,0.0,1.0,1.0,0.0,0.0,0.0
39.61061530795513,1.0,1.0,1.0,1.0,1.0,1.0,0.0,0.0,0.0,1.0
32.145233960748634,1.0,1.0,1.0,0.0,1.0,0.0,0.0,1.0,1.0,0.0
63.049557614800776,1.0,1.0,1.0,0.0,1.0,0.0,1.0,0.0,0.0,0.0
65.6283272904489,0.0,0.0,0.0,1.0,0.0,1.0,1.0,0.0,0.0,0.0
49.24032931266917,1.0,0.0,1.0,1.0,0.0,1.0,0.0,1.0,0.0,1.0
55.615118634324006,1.0,0.0,0.0,1.0,0.0,1.0,1.0,0.0,0.0,1.0
54.77508010455683,0.0,0.0,1.0,1.0,1.0,1.0,0.0,1.0,1.0,1.0
1.0,0.0,1.0,1.0,0.0,0.0,1.0,0.0,1.0,0.0,1.0
67.24215787342013,1.0,1.0,1.0,0.0,0.0,0.0,0.0,0.0,0.0,0.0
46.51440582197606,0.0,0.0,1.0,0.0,1.0,1.0,0.0,0.0,0.0,1.0
54.41107568730943,0.0,1.0,0.0,0.0,0.0,0.0,1.0,0.0,0.0,0.0
61.60628125013163,1.0,0.0,1.0,1.0,0.0,0.0,0.0,1.0,0.0,1.0
32.83066714135406,1.0,1.0,1.0,1.0,0.0,0.0,0.0,0.0,1.0,0.0
42.904155131794646,1.0,0.0,1.0,1.0,1.0,0.0,0.0,0.0,1.0,1.0
64.94166287557343,0.0,0.0,0.0,1.0,1.0,0.0,0.0,1.0,0.0,1.0
7.759228912402559,1.0,0.0,0.0,1.0,0.0,0.0,1.0,0.0,0.0,0.0
7.129306193039242,0.0,0.0,0.0,0.0,1.0,0.0,0.0,1.0,1.0,0.0
54.13714365667265,1.0,0.0,0.0,0.0,1.0,0.0,0.0,0.0,1.0,1.0
13.685939969588112,0.0,1.0,1.0,0.0,1.0,1.0,1.0,1.0,1.0,0.0
58.05633121377746,1.0,1.0,0.0,1.0,0.0,0.0,0.0,1.0,1.0,1.0
57.5302944530816,1.0,1.0,1.0,1.0,1.0,1.0,1.0,0.0,0.0,0.0
34.94675039239517,1.0,0.0,0.0,1.0,0.0,1.0,0.0,0.0,1.0,0.0
43.847033850936285,1.0,1.0,0.0,0.0,1.0,0.0,0.0,1.0,0.0,1.0
4.345821852092714,0.0,1.0,1.0,1.0,0.0,1.0,0.0,1.0,1.0,0.0
50.70025789952934,0.0,1.0,0.0,0.0,0.0,1.0,1.0,1.0,0.0,1.0
44.91484015781088,1.0,0.0,0.0,1.0,1.0,1.0,1.0,0.0,1.0,0.0
65.8590201364034,0.0,0.0,1.0,1.0,0.0,0.0,0.0,0.0,0.0,1.0
47.70592726618441,1.0,0.0,1.0,1.0,1.0,1.0,0.0,1.0,0.0,1.0
9.683354236430525,0.0,0.0,1.0,0.0,1.0,1.0,1.0,1.0,0.0,0.0
53.063241611138444,0.0,0.0,0.0,0.0,0.0,1.0,0.0,0.0,0.0,1.0
10.46828412306516,0.0,1.0,1.0,0.0,0.0,1.0,1.0,1.0,0.0,0.0
21.141178082478607,1.0,1.0,1.0,0.0,1.0,1.0,1.0,0.0,0.0,0.0
7.908253621112993,1.0,1.0,0.0,1.0,0.0,0.0,1.0,1.0,1.0,1.0
2.9140870487397654,1.0,1.0,0.0,0.0,1.0,0.0,1.0,1.0,1.0,0.0
24.976408016478757,1.0,1.0,1.0,1.0,0.0,0.0,0.0,0.0,1.0,1.0
66.0172149450517,0.0,1.0,1.0,0.0,1.0,1.0,1.0,0.0,1.0,0.0
32.368440768274986,1.0,1.0,1.0,0.0,0.0,0.0,0.0,1.0,0.0,1.0
65.75503225729355,1.0,0.0,1.0,1.0,1.0,1.0,1.0,1.0,1.0,0.0
57.85948432364453,1.0,1.0,0.0,0.0,1.0,0.0,1.0,0.0,1.0,0.0
40.177014729460815,1.0,0.0,0.0,1.0,1.0,1.0,1.0,0.0,1.0,0.0
7.054185911629693,0.0,1.0,0.0,0.0,0.0,0.0,1.0,1.0,1.0,1.0
61.113686143216235,1.0,0.0,0.0,1.0,1.0,0.0,1.0,0.0,1.0,0.0
38.07148000340593,0.0,1.0,0.0,1.0,1.0,1.0,0.0,0.0,1.0,1.0
35.16304169573982,0.0,1.0,0.0,1.0,1.0,1.0,0.0,0.0,1.0,1.0
1.0,0.0,1.0,0.0,0.0,0.0,0.0,1.0,1.0,1.0,1.0
26.273771473708926,1.0,0.0,0.0,1.0,1.0,1.0,0.0,0.0,1.0,1.0
37.630373598938064,0.0,1.0,0.0,1.0,1.0,1.0,0.0,0.0,1.0,1.0
20.3385690735689,1.0,0.0,0.0,0.0,1.0,1.0,1.0,1.0,1.0,0.0
37.94565145461758,1.0,0.0,0.0,0.0,0.0,0.0,1.0,0.0,1.0,1.0
60.55309406889526,1.0,0.0,1.0,1.0,1.0,0.0,0.0,1.0,0.0,1.0
67.48716064529722,0.0,1.0,0.0,0.0,1.0,0.0,1.0,0.0,0.0,0.0
37.23302226787686,0.0,0.0,0.0,1.0,0.0,0.0,0.0,1.0,1.0,1.0
67.625689308408,1.0,0.0,1.0,0.0,0.0,1.0,1.0,0.0,1.0,0.0
66.55361394766702,1.0,0.0,1.0,0.0,0.0,0.0,1.0,0.0,1.0,1.0
12.031015038636884,1.0,0.0,0.0,1.0,1.0,1.0,0.0,1.0,0.0,0.0
21.763952153240968,1.0,1.0,1.0,0.0,1.0,0.0,0.0,1.0,1.0,0.0
61.48052747186267,1.0,0.0,0.0,0.0,0.0,0.0,0.0,1.0,0.0,0.0
68.25808668003677,1.0,1.0,1.0,0.0,1.0,0.0,0.0,0.0,1.0,0.0
34.40505702566417,1.0,1.0,0.0,0.0,1.0,0.0,0.0,1.0,0.0,1.0
11.468088516406029,1.0,1.0,1.0,0.0,1.0,0.0,0.0,0.0,1.0,0.0
71.9445974086802,0.0,0.0,0.0,0.0,0.0,1.0,1.0,1.0,1.0,0.0
12.218887452575347,0.0,1.0,0.0,1.0,0.0,1.0,1.0,1.0,0.0,0.0
61.66208745624541,1.0,1.0,1.0,0.0,1.0,1.0,1.0,0.0,1.0,0.0
3.002465800392767,0.0,0.0,1.0,1.0,1.0,1.0,1.0,1.0,0.0,1.0
42.05026092249757,1.0,0.0,0.0,0.0,0.0,0.0,1.0,0.0,1.0,1.0
33.180708099239475,1.0,0.0,1.0,0.0,1.0,0.0,1.0,1.0,1.0,1.0
28.49430491855891,0.0,0.0,1.0,0.0,0.0,1.0,1.0,1.0,1.0,0.0
47.89720070385051,1.0,0.0,1.0,1.0,1.0,1.0,1.0,0.0,1.0,1.0
12.431910694431108,0.0,1.0,1.0,1.0,0.0,0.0,1.0,0.0,0.0,1.0
70.30597872535401,1.0,1.0,0.0,1.0,0.0,0.0,1.0,1.0,1.0,0.0
44.10077473823935,1.0,1.0,1.0,0.0,0.0,0.0,0.0,0.0,1.0,0.0
36.443081642667515,0.0,1.0,0.0,0.0,1.0,0.0,1.0,0.0,1.0,0.0
67.00083794320302,0.0,0.0,1.0,1.0,1.0,0.0,0.0,0.0,1.0,0.0
51.20691683414557,0.0,1.0,0.0,0.0,0.0,1.0,0.0,1.0,0.0,0.0
58.07029482694048,0.0,0.0,1.0,1.0,1.0,1.0,0.0,1.0,1.0,1.0
17.094077924310326,1.0,1.0,0.0,0.0,1.0,1.0,1.0,0.0,1.0,0.0
53.937186176899274,0.0,0.0,0.0,0.0,0.0,1.0,1.0,1.0,0.0,1.0
52.85232399584017,1.0,0.0,1.0,1.0,0.0,1.0,1.0,0.0,0.0,1.0
48.30317494694866,0.0,1.0,0.0,1.0,0.0,0.0,1.0,0.0,0.0,0.0
45.57685828122393,1.0,1.0,0.0,1.0,1.0,0.0,1.0,0.0,0.0,1.0
27.661041258076562,1.0,0.0,1.0,0.0,1.0,0.0,1.0,0.0,1.0,0.0
33.241773713086914,1.0,0.0,1.0,0.0,0.0,0.0,1.0,1.0,1.0,0.0
47.566159085650966,0.0,0.0,0.0,1.0,0.0,0.0,0.0,1.0,1.0,0.0
20.433735572751623,1.0,0.0,0.0,0.0,0.0,0.0,0.0,0.0,0.0,0.0
25.33773230808893,0.0,1.0,1.0,1.0,1.0,1.0,1.0,0.0,1.0,0.0
58.533830202740674,1.0,1.0,0.0,0.0,1.0,0.0,1.0,1.0,1.0,0.0
19.771443302466714,0.0,0.0,0.0,0.0,0.0,0.0,0.0,1.0,0.0,1.0
54.64135232170975,1.0,0.0,0.0,1.0,0.0,1.0,1.0,0.0,0.0,1.0
14.034480977091937,1.0,0.0,0.0,0.0,0.0,0.0,0.0,1.0,0.0,1.0
15.866266332621631,1.0,1.0,0.0,1.0,1.0,0.0,0.0,0.0,0.0,0.0
48.52539145180553,1.0,0.0,1.0,1.0,0.0,0.0,1.0,1.0,0.0,1.0
19.46370112609436,1.0,1.0,1.0,1.0,1.0,1.0,1.0,0.0,0.0,0.0
31.167670895576723,1.0,1.0,0.0,1.0,0.0,1.0,1.0,0.0,0.0,1.0
31.984717893155256,1.0,1.0,1.0,0.0,1.0,0.0,0.0,0.0,1.0,1.0
65.20733285823025,0.0,0.0,0.0,0.0,1.0,0.0,0.0,1.0,0.0,1.0
46.89340981307137,0.0,1.0,0.0,0.0,1.0,0.0,1.0,1.0,1.0,0.0
12.510632575254387,1.0,0.0,1.0,1.0,0.0,1.0,1.0,1.0,0.0,1.0
23.425750146828406,1.0,1.0,1.0,1.0,0.0,0.0,0.0,0.0,1.0,1.0
49.10066247913464,1.0,1.0,0.0,0.0,1.0,0.0,0.0,1.0,1.0,1.0
62.2059372294142,1.0,0.0,1.0,0.0,0.0,0.0,0.0,1.0,0.0,0.0
5.495459362021355,1.0,0.0,1.0,1.0,0.0,0.0,1.0,1.0,1.0,1.0
15.452902346970642,0.0,0.0,0.0,1.0,1.0,0.0,1.0,0.0,1.0,0.0
18.919787241998957,1.0,1.0,1.0,1.0,0.0,0.0,1.0,1.0,0.0,1.0
38.51446231743035,1.0,0.0,1.0,1.0,1.0,0.0,0.0,1.0,0.0,0.0
12.071995382637684,1.0,1.0,0.0,0.0,0.0,0.0,0.0,1.0,0.0,1.0
32.28890914055818,1.0,1.0,1.0,1.0,0.0,0.0,0.0,0.0,1.0,0.0
1.0,1.0,0.0,1.0,1.0,0.0,1.0,0.0,0.0,1.0,0.0
18.337634396427752,1.0,1.0,0.0,1.0,1.0,0.0,1.0,1.0,0.0,1.0
63.90279034356212,1.0,0.0,0.0,1.0,0.0,0.0,1.0,0.0,1.0,0.0
55.505141850862906,1.0,0.0,0.0,0.0,1.0,1.0,1.0,1.0,0.0,1.0
36.34905688758644,0.0,1.0,0.0,0.0,1.0,0.0,1.0,1.0,0.0,1.0
8.012511833200334,0.0,1.0,0.0,1.0,1.0,1.0,0.0,1.0,1.0,1.0
11.00327740235453,0.0,1.0,0.0,1.0,1.0,0.0,1.0,0.0,0.0,1.0
66.53318609413267,0.0,0.0,0.0,1.0,0.0,1.0,0.0,1.0,1.0,1.0
23.341454172525193,1.0,1.0,0.0,0.0,1.0,0.0,0.0,0.0,1.0,0.0
45.082772197714874,1.0,0.0,1.0,1.0,1.0,1.0,1.0,0.0,0.0,1.0
70.59016526781912,1.0,0.0,1.0,0.0,0.0,1.0,1.0,1.0,1.0,0.0
69.13049071513491,0.0,1.0,1.0,0.0,0.0,0.0,0.0,0.0,0.0,0.0
63.68391792338356,0.0,0.0,0.0,0.0,1.0,0.0,0.0,1.0,0.0,1.0
69.05702694414533,1.0,0.0,0.0,0.0,1.0,0.0,1.0,0.0,1.0,0.0
47.877782081296296,1.0,0.0,1.0,1.0,1.0,1.0,1.0,0.0,1.0,1.0
52.47764426785042,1.0,0.0,1.0,1.0,1.0,1.0,0.0,1.0,0.0,1.0
48.85479813868604,1.0,0.0,1.0,1.0,0.0,0.0,1.0,1.0,0.0,1.0
65.68836002227265,0.0,0.0,0.0,1.0,1.0,1.0,0.0,1.0,1.0,1.0
22.69004007422957,1.0,0.0,0.0,0.0,1.0,1.0,0.0,1.0,1.0,0.0
67.56638538115463,0.0,0.0,0.0,0.0,0.0,1.0,1.0,1.0,1.0,0.0
42.18557749322552,0.0,0.0,0.0,0.0,1.0,1.0,0.0,0.0,0.0,1.0
22.305530490840894,0.0,1.0,0.0,0.0,1.0,1.0,0.0,0.0,0.0,1.0
65.66449166308642,1.0,1.0,0.0,1.0,1.0,1.0,1.0,0.0,1.0,0.0
23.005233040184983,1.0,1.0,0.0,1.0,1.0,0.0,0.0,0.0,1.0,0.0
7.423481195561375,0.0,1.0,1.0,0.0,1.0,1.0,0.0,1.0,1.0,1.0
27.630255469689615,0.0,1.0,1.0,0.0,0.0,0.0,0.0,0.0,1.0,0.0
63.96037064839459,0.0,1.0,0.0,1.0,1.0,0.0,1.0,1.0,0.0,0.0
23.66970925321237,0.0,0.0,1.0,0.0,1.0,1.0,1.0,1.0,1.0,1.0
7.767471682263038,0.0,0.0,1.0,1.0,0.0,1.0,0.0,1.0,1.0,0.0
60.73862170792883,0.0,0.0,1.0,0.0,1.0,1.0,0.0,1.0,1.0,1.0
67.86196240616741,1.0,0.0,1.0,0.0,0.0,1.0,1.0,0.0,1.0,0.0
50.22279775307304,0.0,1.0,0.0,1.0,0.0,0.0,1.0,0.0,0.0,0.0
31.654526509086228,0.0,1.0,0.0,1.0,0.0,0.0,1.0,1.0,0.0,1.0
58.69845153412878,0.0,0.0,0.0,1.0,1.0,1.0,0.0,1.0,1.0,1.0
11.287156680112275,0.0,1.0,1.0,0.0,1.0,1.0,0.0,1.0,1.0,1.0
50.80529996981212,0.0,1.0,0.0,0.0,0.0,0.0,0.0,1.0,1.0,0.0
13.381941481469532,0.0,0.0,0.0,1.0,1.0,0.0,1.0,0.0,1.0,0.0
9.067665138340498,0.0,1.0,1.0,0.0,0.0,1.0,0.0,1.0,0.0,1.0
12.309916413798346,1.0,0.0,1.0,1.0,0.0,0.0,0.0,0.0,0.0,0.0
36.68597551757476,1.0,1.0,1.0,1.0,0.0,0.0,0.0,0.0,1.0,0.0
28.83397603618979,1.0,1.0,0.0,1.0,0.0,1.0,1.0,1.0,0.0,0.0
41.59833278506787,1.0,1.0,0.0,0.0,1.0,0.0,0.0,1.0,0.0,1.0
49.45264929871011,0.0,0.0,0.0,1.0,1.0,0.0,0.0,0.0,1.0,0.0
29.743347235514992,0.0,0.0,1.0,1.0,0.0,0.0,1.0,1.0,1.0,0.0
5.524938483005465,0.0,1.0,1.0,1.0,1.0,1.0,0.0,0.0,0.0,1.0
11.197135315922539,0.0,1.0,0.0,1.0,0.0,1.0,1.0,1.0,0.0,0.0
4.997504535844016,1.0,1.0,1.0,1.0,1.0,1.0,0.0,0.0,1.0,0.0
28.956408718874208,0.0,0.0,1.0,1.0,0.0,0.0,1.0,1.0,1.0,0.0
12.765938472362778,1.0,1.0,0.0,1.0,0.0,1.0,1.0,1.0,0.0,0.0
33.01080304638057,0.0,0.0,0.0,0.0,0.0,1.0,0.0,0.0,1.0,1.0
4.080374068425521,1.0,0.0,0.0,0.0,0.0,0.0,1.0,0.0,0.0,1.0
47.091327191102195,0.0,1.0,0.0,1.0,1.0,0.0,1.0,1.0,1.0,0.0
5.202793468162653,0.0,1.0,0.0,0.0,0.0,1.0,0.0,1.0,0.0,0.0
27.73369917964468,1.0,1.0,0.0,1.0,0.0,1.0,0.0,1.0,0.0,0.0
63.41620060384854,0.0,0.0,0.0,0.0,1.0,0.0,0.0,1.0,0.0,1.0
7.72629389752032,0.0,1.0,0.0,0.0,0.0,0.0,1.0,1.0,1.0,1.0
18.54578016250149,1.0,0.0,0.0,0.0,1.0,0.0,0.0,0.0,1.0,1.0
58.787214554823855,1.0,0.0,1.0,1.0,0.0,0.0,0.0,0.0,0.0,1.0
48.89331476814155,0.0,0.0,0.0,0.0,0.0,0.0,0.0,1.0,1.0,1.0
8.741260798941509,0.0,0.0,0.0,0.0,0.0,1.0,1.0,0.0,1.0,0.0
11.100074718152054,0.0,1.0,0.0,0.0,0.0,1.0,0.0,1.0,0.0,0.0
25.49609015614388,1.0,0.0,0.0,0.0,1.0,0.0,1.0,0.0,1.0,0.0
39.49670891174964,0.0,0.0,0.0,0.0,0.0,0.0,0.0,0.0,1.0,1.0
44.1033651201995,0.0,0.0,0.0,1.0,1.0,0.0,0.0,0.0,0.0,0.0
9.566822006473636,1.0,0.0,1.0,1.0,1.0,1.0,0.0,1.0,1.0,1.0
17.479751468797684,1.0,1.0,1.0,1.0,1.0,1.0,1.0,0.0,0.0,0.0
4.051765441901541,0.0,1.0,1.0,0.0,0.0,1.0,0.0,1.0,0.0,1.0
20.263969130469324,0.0,0.0,0.0,0.0,1.0,0.0,0.0,1.0,0.0,1.0
8.156209593762108,0.0,1.0,0.0,1.0,1.0,1.0,0.0,1.0,1.0,1.0
3.906689609743067,1.0,0.0,1.0,1.0,0.0,0.0,1.0,1.0,1.0,1.0
61.70449218268909,1.0,1.0,1.0,1.0,1.0,1.0,0.0,0.0,1.0,0.0
67.41998754533591,1.0,0.0,1.0,0.0,1.0,1.0,0.0,0.0,0.0,0.0
5.270846363767635,0.0,0.0,0.0,0.0,1.0,1.0,0.0,1.0,1.0,0.0
5.430506031497234,0.0,0.0,0.0,0.0,1.0,0.0,0.0,0.0,1.0,1.0
34.73692284436984,1.0,0.0,1.0,0.0,0.0,0.0,1.0,0.0,0.0,1.0
61.89991239092273,0.0,1.0,0.0,1.0,1.0,0.0,1.0,1.0,0.0,0.0
30.211994027903394,1.0,1.0,0.0,1.0,0.0,1.0,1.0,0.0,0.0,1.0
32.49937335614227,1.0,0.0,0.0,1.0,0.0,0.0,0.0,0.0,0.0,0.0
12.135503188804734,1.0,1.0,1.0,0.0,0.0,1.0,0.0,0.0,1.0,1.0
16.50274747091106,1.0,0.0,1.0,1.0,0.0,1.0,1.0,0.0,0.0,1.0
13.850315741893457,0.0,1.0,1.0,1.0,1.0,0.0,1.0,0.0,0.0,1.0
57.89448544431648,0.0,1.0,0.0,0.0,0.0,0.0,0.0,1.0,0.0,0.0
9.51707268778598,1.0,1.0,0.0,0.0,0.0,1.0,1.0,1.0,1.0,1.0
11.987358634332772,1.0,1.0,1.0,1.0,0.0,1.0,1.0,1.0,1.0,0.0
58.9778474298133,0.0,1.0,0.0,0.0,0.0,0.0,0.0,1.0,0.0,0.0
35.17490171548338,1.0,0.0,0.0,0.0,0.0,1.0,0.0,0.0,1.0,0.0
13.643684811674747,1.0,0.0,1.0,1.0,0.0,0.0,0.0,0.0,0.0,0.0
14.906203273255798,0.0,0.0,1.0,0.0,0.0,1.0,1.0,0.0,0.0,1.0
37.49070624194946,1.0,0.0,0.0,1.0,0.0,0.0,1.0,0.0,0.0,1.0
53.6552096801101,1.0,1.0,1.0,1.0,0.0,1.0,0.0,0.0,1.0,1.0
7.1081462039886265,0.0,0.0,0.0,0.0,0.0,1.0,1.0,1.0,0.0,0.0
9.493898301421655,0.0,1.0,0.0,1.0,1.0,1.0,1.0,0.0,0.0,0.0
10.663727419100695,0.0,1.0,1.0,0.0,1.0,1.0,0.0,1.0,1.0,1.0
64.26598504419184,0.0,0.0,0.0,1.0,0.0,0.0,1.0,0.0,0.0,0.0
2.939073131676925,0.0,0.0,0.0,1.0,0.0,1.0,0.0,1.0,0.0,0.0
5.040206719052226,1.0,0.0,1.0,0.0,1.0,0.0,0.0,0.0,1.0,1.0
15.449596477132419,1.0,1.0,0.0,1.0,1.0,0.0,1.0,1.0,0.0,1.0
69.15085708419144,0.0,0.0,0.0,0.0,0.0,1.0,1.0,1.0,1.0,0.0
47.13516598938707,0.0,0.0,0.0,0.0,0.0,0.0,0.0,1.0,1.0,1.0
70.50440950316411,1.0,1.0,1.0,0.0,0.0,0.0,0.0,1.0,0.0,0.0
45.561506012102804,0.0,0.0,0.0,0.0,0.0,0.0,0.0,1.0,1.0,1.0
63.61065599394044,1.0,1.0,1.0,0.0,1.0,0.0,1.0,0.0,0.0,0.0
6.366786946379115,0.0,1.0,0.0,1.0,1.0,1.0,0.0,1.0,1.0,1.0
9.440914949929118,1.0,1.0,0.0,0.0,1.0,0.0,1.0,1.0,1.0,0.0
19.302928552153638,1.0,1.0,1.0,1.0,1.0,1.0,0.0,1.0,0.0,0.0
64.01673589255823,0.0,1.0,1.0,0.0,1.0,1.0,0.0,0.0,1.0,0.0
67.76544740448341,1.0,0.0,1.0,1.0,0.0,0.0,1.0,1.0,0.0,1.0
32.51278514756041,1.0,1.0,1.0,1.0,0.0,0.0,0.0,0.0,1.0,1.0
11.083742013028152,1.0,1.0,0.0,1.0,0.0,0.0,1.0,1.0,1.0,1.0
66.16779163085036,1.0,0.0,1.0,1.0,0.0,0.0,1.0,1.0,0.0,1.0
65.24976687793688,1.0,0.0,0.0,1.0,1.0,1.0,1.0,1.0,0.0,0.0
50.0014115681637,1.0,1.0,1.0,1.0,0.0,1.0,0.0,0.0,0.0,1.0
17.76875262037324,0.0,1.0,0.0,1.0,1.0,1.0,1.0,0.0,0.0,1.0
68.1348889136976,0.0,0.0,0.0,0.0,0.0,1.0,1.0,0.0,1.0,0.0
59.58928274233947,1.0,0.0,0.0,0.0,0.0,1.0,0.0,0.0,0.0,1.0
25.18597380875231,1.0,1.0,1.0,0.0,0.0,0.0,0.0,0.0,1.0,0.0
50.84318525200359,0.0,1.0,0.0,0.0,0.0,0.0,1.0,1.0,0.0,0.0
5.106684589184403,0.0,1.0,0.0,0.0,0.0,0.0,1.0,1.0,0.0,1.0
65.83848732971273,0.0,0.0,1.0,0.0,1.0,0.0,1.0,1.0,0.0,1.0
47.059515476405934,1.0,1.0,0.0,0.0,1.0,0.0,0.0,1.0,0.0,1.0
53.27557024230062,0.0,1.0,0.0,1.0,0.0,0.0,1.0,0.0,0.0,0.0
12.102136220673856,0.0,0.0,1.0,0.0,1.0,1.0,0.0,1.0,1.0,1.0
41.38106970718563,1.0,1.0,1.0,1.0,0.0,0.0,1.0,1.0,0.0,0.0
23.469989943614284,1.0,1.0,1.0,1.0,1.0,1.0,1.0,0.0,0.0,0.0
21.387510805464466,0.0,0.0,1.0,1.0,0.0,1.0,0.0,1.0,1.0,0.0
36.877677760112725,1.0,1.0,0.0,0.0,0.0,1.0,0.0,1.0,1.0,1.0
51.69092754439914,1.0,1.0,1.0,1.0,1.0,1.0,0.0,1.0,1.0,1.0
50.5300105736311,1.0,1.0,0.0,0.0,1.0,0.0,0.0,0.0,1.0,1.0
65.93032943983633,1.0,1.0,0.0,0.0,1.0,1.0,0.0,1.0,0.0,0.0
38.181568824414256,1.0,1.0,1.0,1.0,1.0,1.0,0.0,1.0,0.0,1.0
52.53455154872049,0.0,0.0,0.0,1.0,0.0,0.0,0.0,1.0,1.0,0.0
15.278493865494905,1.0,1.0,0.0,0.0,0.0,1.0,1.0,1.0,1.0,1.0
10.94522846623682,0.0,0.0,0.0,0.0,0.0,1.0,1.0,0.0,0.0,0.0
11.414545690737068,1.0,1.0,1.0,1.0,1.0,0.0,0.0,0.0,1.0,0.0
64.94344020588984,0.0,0.0,1.0,1.0,0.0,0.0,1.0,0.0,0.0,1.0
61.16121430175678,0.0,0.0,0.0,1.0,1.0,0.0,1.0,1.0,0.0,0.0
50.53032130942066,1.0,0.0,1.0,0.0,1.0,1.0,1.0,1.0,0.0,0.0
65.53287291439402,1.0,0.0,1.0,1.0,0.0,0.0,1.0,1.0,0.0,1.0
38.758565835265514,1.0,1.0,0.0,0.0,1.0,0.0,1.0,1.0,0.0,1.0
44.61611710243003,1.0,0.0,1.0,1.0,0.0,0.0,0.0,1.0,0.0,1.0
35.737095406616106,1.0,0.0,0.0,0.0,0.0,1.0,0.0,0.0,1.0,0.0
50.10073537948763,0.0,1.0,0.0,0.0,0.0,0.0,0.0,1.0,1.0,0.0
34.54350472006558,0.0,1.0,1.0,0.0,0.0,1.0,1.0,1.0,0.0,1.0
53.13765123141938,0.0,1.0,0.0,0.0,1.0,0.0,1.0,0.0,0.0,0.0
62.413454973830476,0.0,1.0,1.0,1.0,1.0,1.0,1.0,0.0,1.0,0.0
43.05923154522259,1.0,0.0,1.0,1.0,1.0,0.0,0.0,0.0,1.0,1.0
58.75968252958047,1.0,1.0,1.0,0.0,0.0,0.0,0.0,0.0,0.0,0.0
11.606669100249638,1.0,1.0,0.0,1.0,1.0,0.0,0.0,0.0,1.0,0.0
23.034478314753564,1.0,0.0,0.0,0.0,0.0,0.0,0.0,0.0,0.0,0.0
49.08280826483341,1.0,1.0,0.0,1.0,1.0,0.0,1.0,0.0,1.0,1.0
27.00050785297533,1.0,1.0,0.0,0.0,0.0,1.0,1.0,1.0,0.0,1.0
42.77703192201196,1.0,1.0,0.0,0.0,1.0,0.0,1.0,1.0,0.0,1.0
20.178047925397866,1.0,1.0,1.0,0.0,1.0,0.0,0.0,0.0,1.0,0.0
39.25908892861283,1.0,0.0,0.0,0.0,0.0,0.0,1.0,0.0,1.0,1.0
65.01240017386436,0.0,1.0,0.0,0.0,1.0,0.0,1.0,0.0,0.0,0.0
59.804837333645935,0.0,0.0,1.0,1.0,0.0,1.0,0.0,1.0,0.0,0.0
49.1677133729155,1.0,1.0,0.0,0.0,1.0,1.0,1.0,1.0,1.0,1.0
60.99177003510611,0.0,0.0,1.0,1.0,0.0,0.0,0.0,0.0,1.0,1.0
31.416798435196835,1.0,0.0,1.0,0.0,0.0,0.0,1.0,0.0,0.0,1.0
65.57803187285371,1.0,0.0,0.0,1.0,1.0,0.0,1.0,0.0,0.0,0.0
11.554242003659557,0.0,1.0,0.0,0.0,0.0,1.0,0.0,1.0,0.0,0.0
63.32380573208199,0.0,0.0,1.0,1.0,0.0,1.0,0.0,1.0,0.0,0.0
30.720287815680702,1.0,1.0,1.0,0.0,1.0,0.0,0.0,1.0,1.0,0.0
38.17726616228889,0.0,1.0,1.0,1.0,0.0,0.0,1.0,0.0,1.0,0.0
43.33371711632691,1.0,1.0,1.0,1.0,0.0,1.0,0.0,0.0,1.0,0.0
20.68912879996232,1.0,1.0,0.0,0.0,1.0,0.0,0.0,0.0,1.0,0.0
42.56427233790399,1.0,0.0,1.0,1.0,0.0,0.0,0.0,0.0,1.0,1.0
15.774988903366397,1.0,1.0,0.0,0.0,1.0,0.0,0.0,0.0,1.0,0.0
20.595237861910764,0.0,1.0,1.0,0.0,0.0,0.0,0.0,1.0,1.0,1.0
63.40234734588844,0.0,0.0,1.0,1.0,0.0,1.0,0.0,0.0,0.0,1.0
52.81541318362045,0.0,1.0,0.0,1.0,0.0,0.0,1.0,0.0,0.0,0.0
39.773517386513326,0.0,1.0,1.0,0.0,1.0,1.0,0.0,0.0,0.0,1.0
14.842116384828538,0.0,0.0,0.0,0.0,1.0,0.0,1.0,0.0,0.0,0.0
6.594789337141465,1.0,0.0,0.0,0.0,1.0,1.0,0.0,1.0,0.0,0.0
14.799395279922516,0.0,1.0,1.0,0.0,0.0,1.0,1.0,1.0,1.0,1.0
6.3438858399988565,1.0,0.0,0.0,0.0,1.0,1.0,0.0,1.0,0.0,0.0
60.626034115121826,1.0,1.0,1.0,1.0,1.0,1.0,0.0,1.0,1.0,1.0
64.3730102874979,1.0,0.0,1.0,1.0,0.0,0.0,0.0,0.0,0.0,1.0
24.410151546162872,1.0,0.0,1.0,0.0,0.0,1.0,0.0,1.0,1.0,0.0
38.51261061154229,0.0,0.0,1.0,1.0,1.0,1.0,0.0,0.0,1.0,1.0
3.0492717300218133,0.0,1.0,1.0,0.0,0.0,1.0,0.0,1.0,0.0,1.0
31.563182301765625,1.0,1.0,1.0,0.0,1.0,1.0,0.0,1.0,1.0,1.0
67.28872457222786,0.0,0.0,0.0,1.0,1.0,1.0,0.0,1.0,1.0,1.0
34.291129441013574,0.0,0.0,1.0,1.0,0.0,1.0,1.0,0.0,0.0,1.0
66.9901557913677,0.0,1.0,1.0,0.0,0.0,0.0,0.0,1.0,1.0,0.0
28.964811959252987,1.0,1.0,1.0,0.0,1.0,1.0,1.0,0.0,0.0,0.0
66.36093035541103,0.0,0.0,1.0,1.0,0.0,0.0,0.0,0.0,0.0,1.0
49.170980500766035,1.0,0.0,1.0,1.0,1.0,0.0,0.0,0.0,1.0,1.0
55.17291679546548,1.0,0.0,0.0,0.0,1.0,1.0,1.0,1.0,0.0,1.0
1.6390472075558113,1.0,1.0,0.0,0.0,0.0,0.0,0.0,1.0,0.0,1.0
19.197992574691952,0.0,0.0,0.0,1.0,1.0,1.0,0.0,0.0,0.0,1.0
26.920895839018957,1.0,1.0,0.0,1.0,0.0,1.0,0.0,1.0,0.0,0.0
47.85775228866435,0.0,0.0,0.0,1.0,1.0,1.0,1.0,1.0,0.0,1.0
17.58470774987707,0.0,0.0,0.0,0.0,0.0,0.0,0.0,1.0,0.0,1.0
19.957836379283293,1.0,1.0,0.0,0.0,1.0,0.0,1.0,0.0,0.0,1.0
67.8697112861947,1.0,1.0,1.0,0.0,1.0,0.0,1.0,0.0,0.0,0.0
33.28904937081579,1.0,0.0,1.0,0.0,1.0,0.0,1.0,1.0,0.0,1.0
40.39041017022769,0.0,1.0,0.0,0.0,0.0,0.0,1.0,0.0,0.0,0.0
42.77447516935915,1.0,1.0,0.0,0.0,1.0,0.0,1.0,1.0,0.0,1.0
66.17282866866833,0.0,0.0,0.0,0.0,1.0,0.0,0.0,1.0,0.0,1.0
67.52458724538823,0.0,0.0,0.0,0.0,1.0,0.0,0.0,1.0,0.0,1.0
34.82433084380952,0.0,1.0,1.0,1.0,0.0,1.0,0.0,1.0,0.0,1.0
57.419365432328,0.0,1.0,0.0,0.0,0.0,0.0,0.0,1.0,1.0,0.0
10.477543826518048,1.0,0.0,1.0,1.0,1.0,1.0,0.0,1.0,0.0,0.0
40.04646293377227,0.0,1.0,1.0,1.0,0.0,0.0,1.0,0.0,1.0,0.0
59.5794550775289,0.0,0.0,1.0,0.0,1.0,1.0,0.0,0.0,1.0,0.0
4.586237905103941,0.0,1.0,0.0,0.0,1.0,0.0,1.0,1.0,0.0,1.0
50.746136255645254,1.0,0.0,0.0,0.0,1.0,1.0,1.0,1.0,0.0,1.0
44.57605476388437,0.0,0.0,0.0,0.0,0.0,0.0,0.0,1.0,1.0,1.0
39.692314010405646,1.0,1.0,1.0,1.0,0.0,1.0,1.0,1.0,1.0,0.0
29.687996107481872,0.0,0.0,0.0,1.0,0.0,1.0,0.0,0.0,1.0,1.0
67.0451912524124,0.0,0.0,1.0,1.0,0.0,1.0,0.0,1.0,0.0,0.0
28.21162386013807,1.0,1.0,1.0,1.0,0.0,0.0,0.0,0.0,1.0,1.0
36.060745650997674,0.0,1.0,1.0,0.0,1.0,1.0,0.0,0.0,0.0,0.0
62.53162068412338,1.0,0.0,1.0,0.0,0.0,1.0,1.0,0.0,1.0,0.0
39.52109551522342,1.0,1.0,1.0,1.0,1.0,1.0,0.0,1.0,0.0,1.0
42.412171399016785,1.0,1.0,0.0,0.0,0.0,1.0,0.0,1.0,1.0,1.0
65.26501595440632,0.0,0.0,0.0,1.0,0.0,1.0,0.0,0.0,1.0,1.0
52.86340099014991,0.0,0.0,1.0,1.0,0.0,1.0,0.0,0.0,0.0,1.0
55.76806870992589,1.0,0.0,0.0,0.0,1.0,0.0,0.0,0.0,1.0,0.0
14.122811384860835,0.0,0.0,0.0,0.0,1.0,0.0,0.0,0.0,1.0,1.0
35.99282347707499,1.0,1.0,0.0,1.0,0.0,0.0,1.0,0.0,0.0,0.0
58.988914097957576,1.0,0.0,1.0,1.0,0.0,0.0,0.0,1.0,0.0,1.0
34.6681880428025,1.0,1.0,1.0,1.0,1.0,1.0,0.0,1.0,0.0,1.0
7.718300053786951,0.0,1.0,1.0,0.0,0.0,1.0,0.0,1.0,0.0,1.0
66.09267735417721,1.0,1.0,1.0,1.0,1.0,1.0,0.0,0.0,1.0,0.0
55.02490170726138,0.0,0.0,0.0,0.0,0.0,1.0,0.0,1.0,0.0,1.0
43.91292818629414,0.0,0.0,1.0,1.0,0.0,0.0,1.0,0.0,0.0,1.0
64.89252737562704,1.0,1.0,0.0,1.0,1.0,1.0,1.0,0.0,0.0,1.0
8.419110134619594,0.0,1.0,0.0,0.0,1.0,1.0,0.0,1.0,1.0,0.0
38.86713908404745,1.0,0.0,1.0,1.0,0.0,1.0,0.0,0.0,1.0,0.0
68.01980396864498,1.0,0.0,1.0,0.0,0.0,0.0,1.0,1.0,0.0,1.0
34.21292835281738,0.0,0.0,1.0,1.0,0.0,0.0,1.0,0.0,1.0,0.0
42.354488530443334,0.0,0.0,1.0,1.0,0.0,0.0,1.0,0.0,1.0,0.0
57.52644520629344,0.0,1.0,0.0,0.0,0.0,0.0,0.0,0.0,0.0,0.0
62.149749675075896,1.0,1.0,0.0,0.0,0.0,1.0,1.0,0.0,0.0,0.0
69.20089767330198,0.0,1.0,1.0,0.0,1.0,1.0,0.0,0.0,1.0,0.0
21.73805795104384,1.0,1.0,0.0,0.0,1.0,0.0,0.0,0.0,1.0,0.0
44.10956928930034,1.0,0.0,1.0,1.0,1.0,1.0,0.0,0.0,1.0,1.0
9.24766839456429,0.0,1.0,0.0,1.0,0.0,1.0,1.0,1.0,0.0,0.0
6.771512600665869,1.0,1.0,1.0,1.0,1.0,1.0,0.0,0.0,0.0,0.0
30.541190528081096,0.0,0.0,0.0,1.0,0.0,1.0,0.0,1.0,1.0,1.0
71.02941889510498,0.0,0.0,0.0,1.0,0.0,1.0,0.0,0.0,0.0,0.0
5.3510825592256905,1.0,1.0,1.0,1.0,0.0,1.0,0.0,1.0,0.0,0.0
15.88609516018763,0.0,1.0,1.0,0.0,1.0,0.0,1.0,1.0,1.0,1.0
28.7280349159778,1.0,1.0,1.0,0.0,1.0,1.0,1.0,0.0,0.0,0.0
8.206059830950203,0.0,1.0,0.0,1.0,1.0,1.0,0.0,1.0,1.0,1.0
33.63069417716877,1.0,1.0,1.0,1.0,0.0,0.0,0.0,0.0,1.0,0.0
60.728184285162556,1.0,0.0,0.0,0.0,0.0,0.0,0.0,1.0,0.0,0.0
9.230731578602333,1.0,0.0,0.0,0.0,0.0,0.0,1.0,0.0,1.0,1.0
4.312189838588729,0.0,1.0,1.0,0.0,0.0,1.0,0.0,1.0,0.0,1.0
47.77437292786452,1.0,1.0,0.0,0.0,1.0,0.0,0.0,1.0,0.0,1.0
28.467839501390134,1.0,0.0,0.0,1.0,0.0,0.0,0.0,1.0,0.0,0.0
35.59215770107912,0.0,1.0,1.0,0.0,1.0,0.0,0.0,0.0,1.0,0.0
52.2656818759786,0.0,0.0,0.0,1.0,1.0,1.0,1.0,1.0,0.0,1.0
18.59977481799483,0.0,1.0,0.0,0.0,1.0,1.0,0.0,0.0,0.0,1.0
13.250233904364748,1.0,0.0,1.0,1.0,0.0,0.0,0.0,0.0,0.0,0.0
60.75775570784516,0.0,1.0,0.0,0.0,1.0,0.0,1.0,0.0,0.0,0.0
36.40226502731831,0.0,1.0,1.0,1.0,0.0,1.0,1.0,1.0,1.0,0.0
5.865469360557965,1.0,1.0,0.0,0.0,1.0,0.0,1.0,1.0,0.0,1.0
46.02438115902063,1.0,0.0,1.0,0.0,0.0,0.0,0.0,0.0,1.0,0.0
59.852920044372176,0.0,0.0,0.0,1.0,1.0,0.0,0.0,1.0,0.0,1.0
53.808501247300434,0.0,1.0,0.0,0.0,0.0,0.0,0.0,0.0,0.0,0.0
8.727252379758744,0.0,1.0,1.0,1.0,1.0,0.0,0.0,1.0,0.0,0.0
11.75685836383487,0.0,1.0,1.0,1.0,1.0,1.0,1.0,0.0,0.0,0.0
11.460575087755203,0.0,1.0,1.0,1.0,1.0,1.0,1.0,0.0,0.0,0.0
15.42412289517454,0.0,0.0,0.0,0.0,1.0,0.0,1.0,0.0,0.0,0.0
55.35044255678559,0.0,0.0,0.0,0.0,0.0,1.0,0.0,1.0,0.0,0.0
8.894328247081795,1.0,1.0,0.0,0.0,0.0,0.0,0.0,1.0,0.0,1.0
42.18988387137189,1.0,1.0,0.0,0.0,1.0,0.0,0.0,1.0,0.0,1.0
40.33521479524543,0.0,1.0,1.0,0.0,0.0,1.0,0.0,1.0,0.0,1.0
39.176248301650986,1.0,1.0,0.0,0.0,1.0,0.0,0.0,0.0,0.0,1.0
9.654800987572758,1.0,1.0,0.0,1.0,1.0,0.0,1.0,1.0,0.0,1.0
48.42055772573895,0.0,1.0,0.0,0.0,0.0,0.0,1.0,1.0,0.0,0.0
65.24815327109003,1.0,1.0,1.0,0.0,1.0,0.0,1.0,0.0,1.0,0.0
42.294396708748295,1.0,0.0,1.0,0.0,0.0,0.0,1.0,1.0,1.0,0.0
50.049076263023586,0.0,0.0,0.0,0.0,1.0,1.0,0.0,0.0,0.0,1.0
7.582213376692474,1.0,1.0,1.0,1.0,0.0,1.0,0.0,1.0,0.0,0.0
54.292656537520365,1.0,0.0,1.0,0.0,0.0,1.0,0.0,0.0,0.0,1.0
62.869676407752,1.0,1.0,1.0,0.0,1.0,1.0,1.0,1.0,0.0,0.0
18.94256400296368,1.0,1.0,1.0,1.0,1.0,0.0,1.0,0.0,0.0,0.0
28.044138463771727,1.0,1.0,1.0,1.0,0.0,0.0,1.0,1.0,0.0,1.0
52.31504476741716,1.0,0.0,0.0,1.0,0.0,1.0,1.0,0.0,0.0,1.0
31.48246699346236,1.0,0.0,1.0,0.0,1.0,0.0,1.0,1.0,0.0,1.0
17.159985942954457,1.0,1.0,0.0,0.0,1.0,0.0,0.0,0.0,1.0,0.0
68.44468017338339,1.0,0.0,1.0,0.0,0.0,1.0,1.0,0.0,1.0,0.0
38.67004474910058,1.0,1.0,1.0,0.0,1.0,0.0,0.0,0.0,1.0,1.0
62.64510450064747,1.0,1.0,1.0,1.0,0.0,0.0,1.0,1.0,0.0,1.0
2.991159200680337,0.0,0.0,0.0,0.0,1.0,1.0,0.0,1.0,1.0,0.0
54.92878546684987,1.0,1.0,0.0,1.0,0.0,0.0,0.0,1.0,1.0,1.0
38.220591945486326,1.0,1.0,0.0,0.0,0.0,1.0,1.0,1.0,0.0,0.0
33.62883336452597,1.0,1.0,1.0,0.0,1.0,1.0,1.0,0.0,0.0,0.0
52.24732912031949,0.0,0.0,0.0,1.0,0.0,0.0,1.0,1.0,0.0,0.0
47.79597686140293,1.0,0.0,0.0,1.0,1.0,1.0,1.0,0.0,1.0,0.0
63.50070843322169,0.0,0.0,0.0,1.0,0.0,1.0,1.0,0.0,0.0,0.0
47.22371393562926,1.0,1.0,1.0,1.0,1.0,1.0,0.0,1.0,0.0,1.0
47.438471538414184,0.0,1.0,0.0,0.0,1.0,0.0,1.0,1.0,1.0,0.0
21.203133424432703,1.0,1.0,1.0,0.0,1.0,0.0,0.0,1.0,0.0,0.0
4.1037854609584565,1.0,1.0,1.0,0.0,1.0,0.0,0.0,1.0,1.0,1.0
34.67606657897372,0.0,1.0,1.0,1.0,1.0,1.0,0.0,1.0,0.0,1.0
55.694020085062064,0.0,1.0,0.0,0.0,0.0,0.0,1.0,1.0,0.0,0.0
14.964437193404995,1.0,1.0,0.0,0.0,1.0,1.0,1.0,0.0,1.0,0.0
39.25240806020105,0.0,0.0,1.0,1.0,0.0,1.0,1.0,0.0,0.0,1.0
63.12994093812897,1.0,0.0,1.0,0.0,0.0,0.0,1.0,0.0,1.0,1.0
5.392285538312235,1.0,1.0,0.0,1.0,0.0,0.0,1.0,1.0,1.0,1.0
69.6019304445534,1.0,1.0,1.0,0.0,1.0,0.0,1.0,0.0,0.0,0.0
65.48957317684652,1.0,0.0,1.0,0.0,1.0,1.0,1.0,1.0,0.0,0.0
24.669075491767934,0.0,1.0,0.0,1.0,1.0,1.0,0.0,0.0,1.0,0.0
51.27771677871867,1.0,0.0,0.0,0.0,0.0,0.0,0.0,0.0,1.0,0.0
5.8567438926299165,0.0,1.0,0.0,1.0,0.0,0.0,1.0,1.0,0.0,1.0
60.54556671495477,1.0,1.0,0.0,0.0,0.0,1.0,0.0,1.0,0.0,0.0
61.34199781819844,1.0,0.0,1.0,0.0,0.0,0.0,1.0,0.0,1.0,1.0
64.77431374889429,1.0,1.0,1.0,0.0,1.0,1.0,0.0,0.0,1.0,0.0
11.951864953362655,0.0,1.0,1.0,0.0,1.0,1.0,0.0,1.0,1.0,0.0
47.32356048861101,0.0,1.0,0.0,1.0,0.0,0.0,1.0,0.0,0.0,0.0
20.94721171089287,0.0,1.0,1.0,0.0,0.0,1.0,0.0,0.0,1.0,0.0
70.8223772668612,1.0,1.0,1.0,0.0,1.0,0.0,0.0,0.0,0.0,0.0
16.755108996983537,0.0,1.0,1.0,0.0,1.0,0.0,1.0,1.0,1.0,1.0
18.172111056684457,1.0,1.0,0.0,1.0,1.0,0.0,1.0,1.0,0.0,1.0
51.134665274463494,1.0,1.0,0.0,0.0,1.0,0.0,0.0,0.0,1.0,0.0
17.34204278509361,1.0,0.0,1.0,1.0,0.0,1.0,1.0,0.0,0.0,1.0
7.652613228048175,0.0,0.0,0.0,0.0,0.0,1.0,0.0,0.0,1.0,0.0
35.46330896744935,1.0,0.0,1.0,0.0,0.0,0.0,1.0,1.0,1.0,0.0
29.349033475591092,1.0,1.0,1.0,1.0,0.0,0.0,0.0,0.0,1.0,1.0
62.48507302018251,1.0,1.0,0.0,0.0,0.0,0.0,0.0,0.0,0.0,1.0
6.885257728146931,0.0,0.0,0.0,0.0,1.0,0.0,0.0,0.0,1.0,1.0
38.133953662155726,0.0,1.0,1.0,0.0,1.0,0.0,0.0,0.0,1.0,1.0
6.1580104254198655,0.0,1.0,1.0,1.0,0.0,1.0,1.0,0.0,0.0,0.0
38.40626792140029,0.0,1.0,1.0,1.0,0.0,0.0,1.0,0.0,1.0,0.0
9.839957862362038,0.0,1.0,1.0,1.0,1.0,1.0,1.0,0.0,0.0,0.0
58.81210900347221,0.0,1.0,0.0,0.0,1.0,0.0,0.0,1.0,0.0,0.0
66.23829319053422,1.0,1.0,1.0,0.0,1.0,0.0,1.0,0.0,0.0,0.0
21.987599857254782,1.0,0.0,0.0,0.0,1.0,0.0,0.0,0.0,1.0,1.0
7.349610263092982,1.0,0.0,0.0,1.0,0.0,1.0,1.0,1.0,1.0,1.0
31.616572563148047,0.0,1.0,1.0,1.0,0.0,1.0,0.0,0.0,1.0,1.0
32.29355311620214,0.0,1.0,1.0,1.0,1.0,1.0,0.0,0.0,1.0,1.0
9.97372668533745,0.0,1.0,0.0,1.0,0.0,1.0,1.0,1.0,0.0,0.0
21.62822429568261,0.0,1.0,0.0,1.0,1.0,1.0,1.0,0.0,0.0,1.0
37.98035342716136,1.0,1.0,0.0,0.0,0.0,1.0,0.0,1.0,1.0,1.0
62.87571049701042,0.0,1.0,0.0,1.0,1.0,0.0,1.0,1.0,0.0,0.0
32.10767249038842,1.0,1.0,1.0,0.0,1.0,0.0,0.0,0.0,1.0,1.0
38.00820742881228,0.0,0.0,0.0,0.0,0.0,0.0,0.0,1.0,1.0,1.0
34.02468821728247,1.0,1.0,1.0,1.0,0.0,0.0,0.0,0.0,1.0,0.0
52.457438290663795,1.0,0.0,0.0,0.0,0.0,0.0,0.0,0.0,1.0,0.0
24.84833366112749,0.0,1.0,1.0,0.0,0.0,0.0,0.0,0.0,1.0,0.0
51.28877484130822,0.0,0.0,0.0,1.0,1.0,0.0,0.0,0.0,0.0,0.0
46.51285626088686,1.0,0.0,1.0,0.0,1.0,1.0,1.0,1.0,0.0,0.0
40.203725805181676,1.0,1.0,0.0,1.0,0.0,1.0,1.0,0.0,1.0,1.0
31.157254279502585,0.0,0.0,0.0,1.0,0.0,0.0,0.0,0.0,0.0,1.0
42.41040657365064,0.0,1.0,1.0,0.0,0.0,1.0,0.0,1.0,0.0,1.0
34.47679639941146,1.0,1.0,0.0,0.0,1.0,0.0,1.0,1.0,0.0,1.0
16.237481624604793,1.0,1.0,0.0,1.0,1.0,0.0,1.0,0.0,0.0,1.0
17.23698937551996,0.0,1.0,1.0,1.0,1.0,1.0,0.0,1.0,1.0,0.0
50.78354888907341,1.0,1.0,1.0,0.0,0.0,1.0,1.0,0.0,0.0,0.0
13.466236900474144,0.0,1.0,0.0,1.0,0.0,1.0,1.0,1.0,0.0,0.0
63.69117405409001,1.0,1.0,1.0,0.0,0.0,0.0,0.0,1.0,0.0,0.0
12.539594807103281,1.0,0.0,1.0,1.0,0.0,0.0,0.0,0.0,1.0,0.0
25.742274581153136,1.0,1.0,1.0,0.0,1.0,1.0,1.0,0.0,0.0,0.0
61.041240573191615,0.0,0.0,1.0,1.0,0.0,1.0,0.0,1.0,0.0,0.0
3.3336298620345945,0.0,1.0,1.0,1.0,1.0,1.0,1.0,1.0,1.0,0.0
38.47353666441856,0.0,0.0,0.0,0.0,1.0,1.0,0.0,0.0,0.0,1.0
12.42211971699803,0.0,1.0,0.0,1.0,1.0,1.0,0.0,0.0,1.0,1.0
53.940693896378576,0.0,0.0,0.0,1.0,1.0,1.0,1.0,1.0,0.0,1.0
4.142499885136307,0.0,0.0,1.0,1.0,1.0,1.0,1.0,1.0,0.0,0.0
26.62871453473491,1.0,1.0,1.0,1.0,0.0,1.0,0.0,1.0,0.0,1.0
56.95795611721897,1.0,1.0,0.0,1.0,0.0,0.0,0.0,1.0,1.0,1.0
56.49822109367755,1.0,1.0,0.0,0.0,0.0,0.0,0.0,0.0,1.0,0.0
53.10871283358706,1.0,0.0,1.0,0.0,1.0,1.0,1.0,1.0,0.0,0.0
40.63735725576365,1.0,1.0,0.0,0.0,0.0,1.0,0.0,1.0,1.0,1.0
32.74525139997777,0.0,1.0,0.0,1.0,0.0,0.0,1.0,0.0,0.0,0.0
18.42461540814303,1.0,1.0,0.0,0.0,0.0,1.0,0.0,1.0,1.0,1.0
64.15107464634964,1.0,1.0,1.0,0.0,1.0,0.0,1.0,0.0,0.0,0.0
64.3896970295767,1.0,1.0,1.0,0.0,0.0,0.0,1.0,1.0,0.0,1.0
49.851661702145265,1.0,1.0,1.0,1.0,1.0,1.0,0.0,1.0,1.0,1.0
10.710806854266572,0.0,0.0,0.0,1.0,1.0,1.0,1.0,1.0,0.0,0.0
67.3757427452432,1.0,0.0,0.0,0.0,1.0,0.0,1.0,1.0,0.0,1.0
37.21382442697573,1.0,0.0,1.0,1.0,0.0,1.0,1.0,1.0,1.0,1.0
13.110659293883693,0.0,0.0,0.0,0.0,0.0,1.0,0.0,0.0,1.0,0.0
31.719523583047774,0.0,1.0,1.0,1.0,1.0,1.0,0.0,0.0,0.0,1.0
60.42144664978961,0.0,0.0,0.0,1.0,0.0,0.0,0.0,0.0,1.0,1.0
67.8233072014226,0.0,0.0,0.0,1.0,1.0,1.0,0.0,1.0,1.0,1.0
10.303385904052497,0.0,0.0,0.0,1.0,1.0,0.0,1.0,1.0,1.0,0.0
59.65802218886821,1.0,1.0,0.0,0.0,1.0,0.0,1.0,0.0,0.0,0.0
12.8029708677661,0.0,1.0,1.0,1.0,1.0,1.0,1.0,1.0,1.0,0.0
65.97644880094981,0.0,1.0,1.0,0.0,1.0,1.0,0.0,0.0,1.0,0.0
8.906086813242798,0.0,0.0,1.0,1.0,0.0,1.0,1.0,1.0,1.0,0.0
67.16258857759448,1.0,1.0,1.0,0.0,0.0,0.0,0.0,1.0,0.0,0.0
6.341557584904724,0.0,1.0,1.0,0.0,1.0,1.0,0.0,1.0,0.0,1.0
58.7272867764521,0.0,0.0,0.0,0.0,0.0,1.0,1.0,1.0,0.0,1.0
27.423753044369384,0.0,0.0,0.0,0.0,0.0,0.0,0.0,0.0,1.0,1.0
12.680312499471093,1.0,1.0,0.0,0.0,0.0,1.0,1.0,1.0,1.0,1.0
37.677882397510935,1.0,0.0,1.0,1.0,1.0,0.0,0.0,1.0,0.0,0.0
66.66512056169489,1.0,0.0,0.0,1.0,1.0,1.0,1.0,0.0,1.0,1.0
22.62230693772411,1.0,0.0,0.0,1.0,1.0,0.0,0.0,1.0,1.0,0.0
60.63633061561737,1.0,1.0,1.0,0.0,1.0,1.0,1.0,1.0,0.0,0.0
68.40647252361656,1.0,1.0,0.0,1.0,1.0,1.0,1.0,0.0,1.0,0.0
29.663080611095907,1.0,1.0,0.0,1.0,0.0,1.0,0.0,0.0,1.0,1.0
37.86030009578623,0.0,0.0,1.0,1.0,0.0,1.0,1.0,0.0,0.0,1.0
18.728389120530473,1.0,0.0,0.0,1.0,1.0,1.0,1.0,0.0,1.0,0.0
63.59440700506798,1.0,1.0,1.0,1.0,1.0,1.0,0.0,1.0,1.0,1.0
34.09834904527366,1.0,1.0,1.0,1.0,0.0,0.0,0.0,0.0,1.0,0.0
65.14789525720579,1.0,1.0,1.0,0.0,0.0,0.0,0.0,1.0,0.0,0.0
62.34248142396827,1.0,1.0,1.0,0.0,1.0,1.0,0.0,0.0,1.0,0.0
54.78733474819632,0.0,1.0,0.0,1.0,0.0,0.0,0.0,1.0,1.0,0.0
15.020286551071413,0.0,1.0,0.0,0.0,1.0,1.0,1.0,0.0,0.0,1.0
17.70183493552578,0.0,1.0,0.0,0.0,1.0,1.0,0.0,1.0,0.0,1.0
36.01015734793689,1.0,1.0,1.0,1.0,0.0,0.0,0.0,0.0,1.0,0.0
62.64200682977715,1.0,0.0,0.0,0.0,0.0,0.0,1.0,0.0,1.0,1.0
28.55944237071997,1.0,0.0,0.0,1.0,0.0,0.0,0.0,0.0,0.0,0.0
20.332145273421546,1.0,1.0,1.0,0.0,1.0,0.0,1.0,0.0,0.0,1.0
42.16854947545567,1.0,0.0,1.0,1.0,0.0,0.0,1.0,0.0,1.0,1.0
7.142107322953816,0.0,1.0,1.0,0.0,1.0,1.0,1.0,1.0,1.0,0.0
39.883866135337676,1.0,0.0,0.0,1.0,0.0,1.0,0.0,0.0,1.0,0.0
41.30341161048716,1.0,0.0,0.0,1.0,1.0,0.0,1.0,0.0,1.0,0.0
26.242936405662117,1.0,0.0,1.0,1.0,0.0,1.0,1.0,0.0,1.0,0.0
34.56404587383245,0.0,0.0,1.0,1.0,0.0,1.0,1.0,0.0,0.0,1.0
45.972615407917715,1.0,0.0,0.0,0.0,1.0,1.0,0.0,0.0,0.0,1.0
16.852460755492974,1.0,1.0,1.0,0.0,1.0,0.0,0.0,0.0,1.0,0.0
9.709914971981686,0.0,0.0,0.0,0.0,0.0,1.0,0.0,0.0,1.0,0.0
24.1779558878206,1.0,1.0,1.0,0.0,1.0,0.0,0.0,1.0,1.0,0.0
54.606163165391166,1.0,0.0,0.0,0.0,1.0,0.0,0.0,1.0,0.0,0.0
58.15148220408568,0.0,1.0,0.0,1.0,0.0,0.0,1.0,1.0,0.0,0.0
8.914333359109497,1.0,0.0,0.0,0.0,1.0,1.0,0.0,1.0,0.0,0.0
45.85578946576327,0.0,0.0,0.0,0.0,0.0,0.0,1.0,1.0,1.0,0.0
32.35609216884048,0.0,1.0,0.0,1.0,1.0,1.0,0.0,0.0,1.0,1.0
9.922153538029898,0.0,1.0,1.0,1.0,0.0,1.0,1.0,1.0,1.0,0.0
61.108699604302984,1.0,1.0,1.0,1.0,0.0,1.0,0.0,1.0,0.0,1.0
11.01659992125959,1.0,0.0,0.0,0.0,0.0,0.0,1.0,0.0,0.0,1.0
60.177383137207656,1.0,1.0,0.0,0.0,1.0,0.0,0.0,0.0,0.0,1.0
29.15752029734054,0.0,1.0,0.0,1.0,0.0,0.0,1.0,0.0,0.0,1.0
57.6775524361152,1.0,0.0,1.0,0.0,1.0,1.0,1.0,1.0,0.0,1.0
20.323118408947973,1.0,1.0,0.0,1.0,1.0,0.0,1.0,1.0,0.0,1.0
61.58154641439087,1.0,0.0,1.0,0.0,0.0,1.0,0.0,1.0,0.0,0.0
66.70927600553253,0.0,0.0,0.0,1.0,0.0,0.0,0.0,0.0,0.0,1.0
50.31579912749647,0.0,1.0,0.0,1.0,0.0,0.0,0.0,1.0,1.0,0.0
40.634053255911596,1.0,0.0,1.0,1.0,1.0,0.0,0.0,1.0,0.0,0.0
63.08302294646885,1.0,0.0,0.0,1.0,0.0,1.0,1.0,0.0,0.0,0.0
39.65051072380761,1.0,0.0,1.0,0.0,1.0,0.0,1.0,1.0,1.0,1.0
19.147701404724707,1.0,1.0,1.0,1.0,1.0,1.0,1.0,0.0,0.0,0.0
10.005014742793145,0.0,1.0,1.0,0.0,0.0,1.0,0.0,1.0,0.0,1.0
24.195535465006536,1.0,1.0,0.0,0.0,0.0,0.0,0.0,0.0,0.0,0.0
10.34493417219761,0.0,0.0,0.0,0.0,1.0,1.0,0.0,1.0,1.0,0.0
56.94342780977169,1.0,1.0,0.0,1.0,0.0,0.0,0.0,1.0,1.0,1.0
64.40973390151797,0.0,0.0,1.0,0.0,0.0,1.0,0.0,1.0,1.0,0.0
62.45596054764213,1.0,0.0,1.0,1.0,1.0,1.0,1.0,1.0,0.0,0.0
36.54629787646084,1.0,1.0,1.0,1.0,0.0,0.0,0.0,0.0,1.0,0.0
17.05894330102371,1.0,1.0,0.0,1.0,1.0,0.0,1.0,1.0,0.0,1.0
45.348979011760775,1.0,0.0,1.0,1.0,1.0,0.0,0.0,1.0,0.0,1.0
40.87003091438106,1.0,1.0,0.0,1.0,0.0,1.0,0.0,0.0,1.0,0.0
20.466384261682403,0.0,1.0,1.0,0.0,1.0,1.0,1.0,1.0,1.0,1.0
11.079135546453738,1.0,0.0,0.0,0.0,0.0,0.0,1.0,0.0,0.0,1.0
58.66941639039374,1.0,0.0,1.0,1.0,1.0,0.0,1.0,0.0,1.0,0.0
31.434451106185925,1.0,0.0,0.0,0.0,1.0,0.0,0.0,0.0,0.0,1.0
43.569900355766926,0.0,0.0,0.0,0.0,1.0,1.0,0.0,0.0,0.0,1.0
62.552181229509124,1.0,1.0,1.0,1.0,1.0,1.0,0.0,1.0,1.0,1.0
51.99167489287062,1.0,1.0,0.0,1.0,0.0,0.0,1.0,0.0,1.0,1.0
13.421646928536012,1.0,1.0,1.0,1.0,1.0,1.0,0.0,0.0,0.0,0.0
16.314987733796933,1.0,1.0,0.0,1.0,1.0,0.0,0.0,0.0,0.0,0.0
29.03079295526598,0.0,1.0,0.0,1.0,0.0,0.0,1.0,0.0,0.0,0.0
36.571456140078844,1.0,1.0,1.0,1.0,0.0,1.0,0.0,1.0,0.0,1.0
40.13378611646423,1.0,1.0,1.0,0.0,1.0,1.0,0.0,0.0,0.0,1.0
30.27203641735518,1.0,0.0,0.0,1.0,0.0,0.0,0.0,0.0,0.0,0.0
8.272763183564965,0.0,1.0,1.0,0.0,1.0,1.0,0.0,1.0,1.0,1.0
22.566354929030023,1.0,1.0,1.0,1.0,1.0,1.0,0.0,1.0,0.0,0.0
67.72568984889087,1.0,1.0,0.0,0.0,1.0,1.0,0.0,1.0,0.0,0.0
7.323859526429454,0.0,0.0,0.0,0.0,1.0,0.0,0.0,0.0,1.0,1.0
17.27240983252579,0.0,1.0,1.0,0.0,0.0,0.0,0.0,1.0,1.0,1.0
37.05696505867237,0.0,0.0,1.0,0.0,0.0,1.0,1.0,0.0,0.0,1.0
64.15903734180816,1.0,1.0,1.0,0.0,1.0,0.0,1.0,1.0,1.0,0.0
8.8832453052939,1.0,0.0,0.0,1.0,0.0,0.0,0.0,1.0,0.0,1.0
60.65291618445671,0.0,0.0,0.0,1.0,0.0,1.0,0.0,0.0,1.0,1.0
25.11596298851128,0.0,1.0,0.0,0.0,0.0,1.0,0.0,0.0,0.0,1.0
37.11786493999519,1.0,1.0,0.0,0.0,1.0,0.0,1.0,1.0,0.0,1.0
64.2499734045504,1.0,1.0,1.0,0.0,0.0,0.0,0.0,1.0,0.0,0.0
74.40017520741995,1.0,1.0,1.0,0.0,1.0,0.0,1.0,0.0,0.0,0.0
31.912632497201688,1.0,0.0,1.0,0.0,0.0,0.0,1.0,0.0,0.0,1.0
4.458403231507877,0.0,0.0,0.0,0.0,1.0,1.0,0.0,1.0,1.0,0.0
35.9624213113572,0.0,0.0,1.0,0.0,0.0,0.0,1.0,1.0,1.0,0.0
31.18946225727256,0.0,0.0,0.0,0.0,0.0,0.0,0.0,1.0,1.0,1.0
30.380163164315068,1.0,1.0,1.0,0.0,0.0,1.0,0.0,1.0,0.0,1.0
12.75258666148315,0.0,1.0,1.0,0.0,1.0,1.0,0.0,1.0,1.0,1.0
3.7954723260691834,0.0,0.0,0.0,1.0,1.0,1.0,0.0,1.0,1.0,0.0
28.66127810388245,1.0,0.0,1.0,0.0,1.0,0.0,1.0,1.0,0.0,1.0
68.19597154376542,0.0,0.0,1.0,1.0,1.0,0.0,0.0,0.0,1.0,0.0
52.01814556513934,1.0,0.0,1.0,1.0,0.0,0.0,1.0,1.0,0.0,1.0
61.82418133362456,0.0,1.0,0.0,1.0,1.0,0.0,1.0,1.0,0.0,0.0
46.58025829720732,1.0,0.0,1.0,0.0,1.0,1.0,1.0,1.0,0.0,0.0
65.8149584142026,1.0,0.0,1.0,0.0,1.0,0.0,0.0,0.0,0.0,0.0
23.003517112530332,1.0,1.0,0.0,1.0,0.0,1.0,1.0,0.0,0.0,1.0
67.2243940328287,0.0,0.0,0.0,1.0,1.0,0.0,0.0,1.0,0.0,1.0
5.507495210073804,1.0,1.0,0.0,0.0,0.0,0.0,0.0,0.0,0.0,1.0
43.96149785332588,0.0,0.0,1.0,1.0,0.0,0.0,1.0,0.0,1.0,0.0
56.286363630236046,1.0,0.0,1.0,1.0,0.0,1.0,0.0,0.0,0.0,1.0
62.942855975105104,0.0,1.0,0.0,1.0,1.0,0.0,1.0,1.0,0.0,0.0
51.176458592214324,1.0,1.0,0.0,0.0,1.0,0.0,0.0,0.0,1.0,0.0
58.89583205240719,1.0,1.0,0.0,0.0,0.0,0.0,0.0,1.0,1.0,1.0
63.06309672743657,1.0,1.0,1.0,0.0,0.0,0.0,0.0,1.0,0.0,0.0
42.105779924288235,1.0,1.0,1.0,1.0,0.0,0.0,0.0,0.0,1.0,0.0
37.936612812257046,0.0,1.0,0.0,0.0,0.0,0.0,1.0,0.0,0.0,0.0
26.799958568116164,1.0,0.0,1.0,0.0,0.0,1.0,1.0,1.0,1.0,0.0
62.48279010153722,1.0,0.0,1.0,0.0,1.0,1.0,1.0,0.0,0.0,0.0
66.55457378646113,0.0,1.0,1.0,0.0,1.0,1.0,1.0,0.0,1.0,0.0
65.36115565498679,0.0,0.0,0.0,0.0,0.0,0.0,0.0,0.0,0.0,1.0
29.17874127436379,1.0,0.0,1.0,0.0,1.0,0.0,1.0,1.0,1.0,1.0
63.99850243451495,1.0,0.0,1.0,0.0,0.0,1.0,1.0,0.0,1.0,1.0
69.91484208705641,1.0,1.0,0.0,0.0,1.0,0.0,1.0,0.0,0.0,0.0
54.11587290824605,0.0,1.0,0.0,0.0,0.0,0.0,0.0,1.0,0.0,0.0
15.877463157607696,0.0,1.0,0.0,0.0,1.0,1.0,0.0,0.0,0.0,1.0
23.09749116817331,0.0,1.0,0.0,0.0,1.0,1.0,0.0,0.0,0.0,1.0
17.22323166659034,0.0,0.0,0.0,0.0,1.0,0.0,1.0,0.0,0.0,0.0
10.502734010905039,0.0,1.0,1.0,0.0,1.0,1.0,1.0,0.0,0.0,0.0
61.75267323199833,1.0,1.0,0.0,1.0,0.0,0.0,0.0,1.0,1.0,1.0
45.847525815917244,0.0,1.0,0.0,1.0,0.0,0.0,1.0,0.0,0.0,0.0
3.2852701099649932,1.0,1.0,0.0,1.0,0.0,1.0,1.0,1.0,1.0,1.0
62.771082625586786,1.0,0.0,1.0,0.0,0.0,0.0,1.0,0.0,1.0,1.0
7.062486801315757,0.0,0.0,1.0,1.0,1.0,1.0,1.0,1.0,0.0,0.0
42.930235848313544,1.0,1.0,0.0,1.0,0.0,1.0,1.0,0.0,1.0,1.0
26.605084218717113,0.0,0.0,0.0,1.0,0.0,1.0,0.0,0.0,1.0,1.0
69.65252680716777,0.0,0.0,0.0,0.0,0.0,0.0,0.0,0.0,1.0,1.0
61.97596200034009,1.0,0.0,1.0,1.0,0.0,0.0,0.0,1.0,0.0,1.0
56.07887530618378,0.0,0.0,0.0,0.0,0.0,1.0,1.0,1.0,0.0,1.0
44.76342766369883,1.0,1.0,0.0,0.0,1.0,1.0,1.0,1.0,0.0,1.0
64.49326703348719,0.0,0.0,1.0,1.0,1.0,0.0,1.0,0.0,1.0,0.0
54.32444413550234,0.0,1.0,0.0,0.0,0.0,0.0,1.0,0.0,1.0,0.0
27.34202582328777,0.0,1.0,0.0,1.0,0.0,1.0,1.0,0.0,0.0,1.0
36.05126855876482,1.0,1.0,1.0,0.0,1.0,1.0,0.0,1.0,0.0,1.0
8.087490265009686,1.0,1.0,1.0,1.0,0.0,1.0,0.0,1.0,0.0,0.0
31.33639520422807,1.0,0.0,1.0,0.0,1.0,0.0,1.0,1.0,1.0,1.0
57.038631720616095,1.0,0.0,1.0,1.0,0.0,1.0,0.0,0.0,1.0,1.0
8.861518039944217,0.0,0.0,0.0,0.0,1.0,1.0,0.0,0.0,1.0,0.0
56.34284827774541,0.0,0.0,0.0,0.0,0.0,1.0,1.0,1.0,0.0,1.0
23.739289506364514,0.0,1.0,1.0,0.0,0.0,0.0,0.0,0.0,1.0,0.0
16.186117761195383,1.0,0.0,1.0,0.0,0.0,0.0,1.0,0.0,0.0,1.0
54.43579550676934,0.0,1.0,0.0,1.0,0.0,0.0,0.0,1.0,1.0,0.0
39.22984576893736,1.0,0.0,0.0,1.0,0.0,1.0,0.0,0.0,1.0,0.0
56.72421616359103,1.0,1.0,1.0,1.0,0.0,1.0,0.0,0.0,1.0,1.0
63.97543375287521,1.0,0.0,0.0,1.0,0.0,1.0,1.0,0.0,0.0,0.0
34.89546391747861,1.0,1.0,1.0,1.0,1.0,1.0,0.0,1.0,0.0,1.0
55.423324937932,1.0,1.0,0.0,0.0,1.0,1.0,1.0,1.0,0.0,1.0
62.977378805760445,0.0,1.0,0.0,1.0,1.0,0.0,1.0,0.0,0.0,0.0
59.332022818642486,1.0,0.0,1.0,0.0,0.0,0.0,1.0,0.0,1.0,1.0
54.97629312850128,0.0,0.0,0.0,0.0,0.0,1.0,1.0,1.0,0.0,1.0
25.048173094640802,1.0,1.0,1.0,1.0,1.0,1.0,0.0,1.0,0.0,0.0
15.432067077195835,0.0,0.0,0.0,0.0,1.0,1.0,0.0,0.0,1.0,1.0
25.26192961572311,1.0,1.0,0.0,0.0,1.0,1.0,1.0,1.0,0.0,1.0
28.525995439456967,0.0,0.0,1.0,1.0,0.0,1.0,0.0,0.0,0.0,0.0
7.7241068223607625,1.0,1.0,1.0,1.0,1.0,1.0,0.0,1.0,0.0,0.0
43.33405774298253,0.0,0.0,0.0,0.0,0.0,0.0,0.0,1.0,1.0,1.0
16.163575814233567,1.0,0.0,1.0,0.0,0.0,0.0,0.0,0.0,0.0,1.0
4.3335887235885755,0.0,0.0,1.0,1.0,1.0,1.0,1.0,1.0,0.0,1.0
43.24008960377118,0.0,1.0,0.0,0.0,1.0,0.0,1.0,0.0,1.0,0.0
34.420033495281075,1.0,0.0,0.0,1.0,0.0,1.0,0.0,0.0,1.0,0.0
44.26904884613067,0.0,1.0,1.0,0.0,0.0,0.0,0.0,0.0,1.0,0.0
63.81960084390976,1.0,0.0,1.0,1.0,0.0,1.0,0.0,1.0,0.0,1.0
17.974651568240127,0.0,1.0,0.0,1.0,1.0,1.0,1.0,0.0,0.0,1.0
17.287012910010922,1.0,0.0,1.0,0.0,1.0,0.0,1.0,0.0,0.0,1.0
13.643476736075055,1.0,0.0,1.0,1.0,0.0,1.0,1.0,0.0,0.0,1.0
60.5972311899037,0.0,0.0,1.0,0.0,1.0,0.0,1.0,0.0,1.0,0.0
20.650641009951052,1.0,0.0,0.0,0.0,0.0,0.0,0.0,0.0,0.0,0.0
62.50397772609413,1.0,1.0,0.0,0.0,0.0,0.0,0.0,1.0,0.0,0.0
64.08401596179199,0.0,0.0,1.0,1.0,0.0,1.0,1.0,0.0,1.0,1.0
26.244789713499653,1.0,1.0,0.0,1.0,0.0,1.0,0.0,0.0,1.0,1.0
46.31121385154456,0.0,0.0,1.0,0.0,0.0,0.0,1.0,0.0,1.0,1.0
9.102631600481153,1.0,0.0,0.0,1.0,0.0,0.0,1.0,0.0,0.0,0.0
1.5276598740385792,0.0,1.0,0.0,0.0,0.0,0.0,1.0,1.0,0.0,1.0
13.478526809598874,0.0,1.0,1.0,1.0,1.0,0.0,1.0,0.0,0.0,1.0
57.69096539995626,0.0,0.0,1.0,0.0,0.0,1.0,1.0,1.0,0.0,1.0
23.81115861721368,1.0,1.0,0.0,0.0,0.0,1.0,0.0,1.0,0.0,0.0
34.5336474187598,1.0,0.0,1.0,1.0,1.0,0.0,0.0,1.0,0.0,0.0
59.624139800931104,0.0,0.0,0.0,1.0,1.0,0.0,0.0,1.0,0.0,1.0
38.00483344023777,1.0,1.0,1.0,0.0,1.0,0.0,0.0,0.0,1.0,1.0
41.40899323430703,1.0,0.0,0.0,1.0,1.0,1.0,1.0,0.0,1.0,0.0
13.431626955271664,0.0,1.0,1.0,1.0,0.0,1.0,1.0,0.0,1.0,0.0
29.7339057074294,1.0,1.0,0.0,0.0,1.0,0.0,0.0,0.0,1.0,1.0
68.56660825540222,0.0,0.0,1.0,1.0,0.0,0.0,0.0,0.0,0.0,1.0
14.638957947220248,0.0,0.0,0.0,1.0,1.0,1.0,1.0,0.0,0.0,0.0
46.169859897642574,1.0,1.0,1.0,1.0,0.0,0.0,1.0,0.0,1.0,1.0
2.9021927484732517,1.0,0.0,0.0,0.0,1.0,0.0,0.0,1.0,0.0,1.0
28.125723745838783,1.0,1.0,0.0,0.0,1.0,1.0,1.0,1.0,0.0,1.0
50.47659992589809,1.0,0.0,1.0,0.0,1.0,0.0,1.0,1.0,0.0,1.0
25.847805382855203,0.0,0.0,0.0,1.0,0.0,1.0,0.0,0.0,1.0,1.0
24.0438976715024,1.0,1.0,0.0,1.0,0.0,1.0,0.0,1.0,0.0,1.0
64.89741135951789,0.0,0.0,0.0,0.0,0.0,0.0,0.0,0.0,1.0,1.0
58.8555046531348,0.0,0.0,0.0,0.0,0.0,1.0,1.0,1.0,0.0,1.0
20.031705084643374,1.0,0.0,1.0,1.0,0.0,1.0,1.0,1.0,1.0,0.0
49.036933860277976,0.0,1.0,0.0,1.0,1.0,0.0,1.0,1.0,1.0,0.0
18.96394826965483,1.0,1.0,0.0,0.0,1.0,1.0,1.0,0.0,1.0,0.0
52.39294613766124,1.0,0.0,0.0,0.0,1.0,0.0,0.0,1.0,1.0,1.0
8.110783874143374,0.0,1.0,0.0,0.0,0.0,1.0,0.0,1.0,0.0,0.0
6.733596090813713,1.0,1.0,1.0,1.0,1.0,1.0,0.0,1.0,0.0,0.0
27.263775607918923,1.0,1.0,0.0,0.0,0.0,1.0,1.0,1.0,0.0,0.0
12.088100836625365,1.0,0.0,0.0,0.0,0.0,1.0,1.0,0.0,0.0,1.0
64.87516783134816,1.0,0.0,1.0,1.0,0.0,0.0,1.0,1.0,1.0,1.0
57.282088681652226,1.0,0.0,0.0,1.0,0.0,1.0,1.0,0.0,1.0,1.0
18.444415040827757,0.0,1.0,1.0,0.0,1.0,0.0,1.0,1.0,1.0,1.0
36.76253927162296,1.0,1.0,1.0,0.0,0.0,1.0,0.0,1.0,0.0,1.0
48.124803020093275,1.0,1.0,1.0,0.0,0.0,1.0,1.0,0.0,0.0,0.0
9.770148877494684,1.0,1.0,0.0,1.0,1.0,1.0,0.0,1.0,1.0,0.0
16.210535642566093,1.0,1.0,0.0,0.0,1.0,1.0,1.0,0.0,1.0,0.0
63.88596551706297,1.0,1.0,1.0,0.0,1.0,1.0,1.0,1.0,0.0,0.0
3.8760054257566687,1.0,1.0,0.0,0.0,1.0,0.0,1.0,1.0,1.0,0.0
22.489958786454903,1.0,1.0,1.0,0.0,1.0,1.0,0.0,1.0,0.0,0.0
15.767514250478502,0.0,1.0,1.0,1.0,1.0,0.0,1.0,0.0,0.0,1.0
20.52298888657314,1.0,1.0,0.0,0.0,1.0,1.0,1.0,0.0,1.0,0.0
10.027302753301324,1.0,0.0,0.0,0.0,1.0,1.0,0.0,1.0,0.0,0.0
31.37772521921635,1.0,1.0,1.0,1.0,0.0,0.0,0.0,0.0,1.0,1.0
11.548431145295801,1.0,0.0,1.0,1.0,0.0,1.0,1.0,0.0,0.0,1.0
26.06208061079305,0.0,1.0,1.0,0.0,0.0,0.0,0.0,0.0,1.0,0.0
17.884531123539396,0.0,1.0,1.0,0.0,1.0,1.0,0.0,1.0,1.0,1.0
48.881744640965216,1.0,0.0,0.0,0.0,1.0,1.0,1.0,1.0,0.0,1.0
55.1090569613099,1.0,0.0,0.0,1.0,0.0,1.0,1.0,0.0,0.0,1.0
8.671048142696332,0.0,0.0,1.0,1.0,1.0,1.0,1.0,1.0,0.0,0.0
65.04470348103074,1.0,0.0,1.0,1.0,1.0,0.0,1.0,0.0,0.0,0.0
44.266009920401125,1.0,1.0,0.0,0.0,1.0,0.0,0.0,1.0,0.0,1.0
37.14810989180867,1.0,0.0,1.0,1.0,0.0,0.0,1.0,0.0,1.0,1.0
59.1210469067635,1.0,0.0,0.0,0.0,1.0,1.0,1.0,1.0,0.0,1.0
49.23491778180397,0.0,0.0,0.0,1.0,1.0,0.0,0.0,0.0,1.0,0.0
46.86942303024034,0.0,1.0,1.0,1.0,0.0,0.0,0.0,0.0,1.0,1.0
4.092009574453038,0.0,1.0,1.0,0.0,0.0,1.0,0.0,1.0,0.0,1.0
30.352435967322872,1.0,1.0,1.0,1.0,0.0,0.0,1.0,0.0,1.0,1.0
51.99245121411871,1.0,1.0,0.0,0.0,1.0,0.0,0.0,0.0,1.0,1.0
26.53780328964289,1.0,1.0,0.0,0.0,1.0,0.0,0.0,0.0,1.0,0.0
8.85782262633668,0.0,1.0,0.0,0.0,0.0,0.0,1.0,1.0,1.0,1.0
37.47690554089052,1.0,1.0,0.0,0.0,0.0,1.0,0.0,1.0,1.0,1.0
51.80119269302547,0.0,0.0,0.0,0.0,0.0,1.0,0.0,0.0,0.0,0.0
6.7082647205672155,1.0,1.0,1.0,0.0,0.0,1.0,0.0,1.0,0.0,1.0
64.41964012750238,1.0,1.0,1.0,0.0,1.0,1.0,1.0,0.0,1.0,0.0
3.4705606039130643,1.0,0.0,0.0,1.0,0.0,0.0,1.0,0.0,0.0,0.0
15.960442199601282,1.0,0.0,1.0,1.0,0.0,0.0,0.0,0.0,0.0,0.0
52.97079535142863,0.0,1.0,0.0,1.0,0.0,0.0,1.0,0.0,0.0,0.0
65.69355026795836,0.0,1.0,0.0,1.0,1.0,1.0,1.0,0.0,0.0,0.0
62.7619478181073,1.0,0.0,1.0,0.0,1.0,0.0,1.0,1.0,0.0,1.0
47.79075625109938,1.0,1.0,1.0,0.0,1.0,0.0,1.0,0.0,0.0,0.0
31.007481172292273,0.0,0.0,1.0,1.0,0.0,0.0,1.0,1.0,1.0,0.0
22.71505907246626,0.0,1.0,1.0,0.0,0.0,0.0,0.0,1.0,1.0,0.0
12.265334916172467,0.0,1.0,0.0,1.0,1.0,0.0,1.0,1.0,0.0,1.0
27.499837007707733,1.0,0.0,1.0,1.0,0.0,1.0,1.0,1.0,1.0,0.0
11.238332569044516,0.0,0.0,0.0,1.0,0.0,0.0,1.0,0.0,1.0,0.0
37.287888297661375,1.0,1.0,0.0,1.0,0.0,1.0,1.0,1.0,0.0,0.0
47.26810168625842,0.0,1.0,0.0,1.0,0.0,0.0,1.0,0.0,0.0,0.0
27.03274070780083,0.0,1.0,1.0,1.0,1.0,1.0,0.0,0.0,1.0,0.0
8.92570359176279,0.0,1.0,0.0,0.0,0.0,1.0,0.0,1.0,0.0,0.0
37.26808973874016,1.0,1.0,1.0,0.0,1.0,1.0,0.0,0.0,0.0,1.0
48.4421288609556,1.0,0.0,0.0,1.0,1.0,0.0,0.0,0.0,1.0,1.0
38.835364503857775,0.0,1.0,1.0,0.0,0.0,1.0,0.0,1.0,0.0,1.0
38.805487991677666,0.0,1.0,0.0,1.0,1.0,1.0,0.0,0.0,1.0,1.0
36.913453239065475,1.0,1.0,0.0,0.0,1.0,1.0,0.0,0.0,0.0,1.0
23.963082144926247,0.0,1.0,0.0,0.0,0.0,1.0,0.0,0.0,0.0,1.0
59.852991130467935,1.0,1.0,0.0,1.0,1.0,1.0,1.0,0.0,1.0,1.0
46.42701905810742,0.0,0.0,0.0,0.0,1.0,0.0,1.0,1.0,1.0,0.0
8.157510515959956,0.0,0.0,0.0,0.0,0.0,1.0,1.0,0.0,0.0,0.0
9.215604808348942,0.0,0.0,1.0,1.0,1.0,1.0,1.0,1.0,0.0,0.0
17.179482250915207,1.0,0.0,0.0,1.0,1.0,1.0,0.0,1.0,1.0,0.0
5.728610017118722,1.0,0.0,1.0,1.0,0.0,1.0,0.0,0.0,1.0,0.0
31.450508486308248,1.0,0.0,1.0,0.0,1.0,0.0,1.0,1.0,1.0,1.0
1.1147622673772073,1.0,0.0,1.0,1.0,0.0,1.0,0.0,0.0,0.0,0.0
53.91576146076652,1.0,0.0,1.0,1.0,0.0,0.0,0.0,1.0,0.0,1.0
36.862531433242694,1.0,0.0,1.0,1.0,1.0,1.0,0.0,1.0,0.0,1.0
22.606373185427916,0.0,0.0,0.0,0.0,1.0,1.0,0.0,0.0,1.0,1.0
67.25437932712101,1.0,1.0,0.0,1.0,1.0,1.0,1.0,0.0,1.0,1.0
67.69273924044529,0.0,1.0,0.0,0.0,1.0,0.0,1.0,0.0,1.0,0.0
27.521921135765293,1.0,1.0,1.0,0.0,1.0,1.0,1.0,0.0,0.0,0.0
51.50481976863145,0.0,1.0,0.0,1.0,0.0,0.0,1.0,0.0,1.0,0.0
13.807366873900113,0.0,1.0,1.0,0.0,1.0,1.0,1.0,1.0,1.0,1.0
23.394730951674095,1.0,1.0,0.0,0.0,0.0,1.0,1.0,1.0,0.0,1.0
13.13296359459725,0.0,1.0,0.0,1.0,0.0,1.0,1.0,1.0,0.0,0.0
68.68791485767584,1.0,0.0,0.0,1.0,1.0,0.0,1.0,0.0,0.0,0.0
32.43358218223739,0.0,1.0,1.0,1.0,1.0,1.0,0.0,1.0,0.0,0.0
54.12725181171991,0.0,0.0,0.0,0.0,0.0,1.0,0.0,1.0,1.0,0.0
61.40185998891962,1.0,1.0,1.0,0.0,1.0,1.0,1.0,0.0,1.0,0.0
15.585735803303892,0.0,0.0,1.0,1.0,0.0,1.0,1.0,1.0,1.0,0.0
1.7978276086039173,1.0,1.0,0.0,1.0,0.0,0.0,1.0,1.0,1.0,1.0
27.457318685223388,1.0,1.0,0.0,1.0,0.0,1.0,1.0,0.0,0.0,1.0
52.83216151386739,1.0,0.0,1.0,1.0,1.0,1.0,0.0,1.0,0.0,1.0
32.26587950793034,0.0,0.0,1.0,1.0,0.0,0.0,1.0,1.0,1.0,0.0
59.89035408380868,0.0,0.0,0.0,0.0,0.0,1.0,1.0,1.0,0.0,1.0
63.23105700801393,1.0,1.0,1.0,0.0,1.0,0.0,0.0,1.0,0.0,0.0
23.496854904176747,1.0,0.0,0.0,0.0,1.0,0.0,0.0,0.0,1.0,1.0
35.473965301182126,0.0,1.0,0.0,0.0,1.0,1.0,0.0,0.0,1.0,1.0
35.4984622368259,1.0,1.0,0.0,0.0,0.0,1.0,0.0,1.0,1.0,1.0
16.853885429491456,0.0,1.0,1.0,1.0,1.0,0.0,1.0,0.0,0.0,1.0
7.30167215740386,0.0,1.0,0.0,0.0,0.0,1.0,0.0,1.0,0.0,0.0
6.031566144809221,0.0,1.0,0.0,0.0,1.0,1.0,0.0,1.0,1.0,1.0
31.947938472186863,1.0,0.0,1.0,0.0,0.0,0.0,1.0,1.0,1.0,0.0
1.542871056243083,0.0,0.0,1.0,1.0,1.0,1.0,1.0,1.0,0.0,1.0
13.714918787495103,1.0,1.0,0.0,1.0,1.0,0.0,0.0,0.0,0.0,0.0
49.08896665642011,1.0,0.0,1.0,0.0,1.0,1.0,1.0,1.0,0.0,0.0
26.706494642558845,0.0,1.0,1.0,1.0,0.0,1.0,0.0,0.0,1.0,1.0
65.81391506082774,1.0,0.0,0.0,1.0,0.0,0.0,1.0,1.0,1.0,0.0
59.67987081009996,0.0,0.0,0.0,1.0,0.0,1.0,0.0,0.0,0.0,0.0
20.706210306886696,0.0,1.0,1.0,0.0,1.0,1.0,0.0,1.0,0.0,1.0
39.90493516416735,1.0,0.0,1.0,1.0,1.0,0.0,0.0,1.0,0.0,0.0
36.60980182547456,1.0,1.0,0.0,0.0,0.0,0.0,1.0,0.0,0.0,0.0
52.68074319799092,0.0,1.0,0.0,0.0,1.0,0.0,0.0,1.0,1.0,0.0
29.750000920711777,1.0,1.0,1.0,1.0,1.0,1.0,0.0,1.0,0.0,1.0
61.82996781031525,0.0,0.0,0.0,1.0,0.0,1.0,1.0,0.0,0.0,0.0
24.937097132209214,1.0,0.0,0.0,0.0,1.0,0.0,0.0,0.0,1.0,1.0
58.22087783425461,1.0,0.0,0.0,0.0,1.0,0.0,1.0,0.0,0.0,0.0
16.00688430755315,0.0,1.0,1.0,0.0,0.0,1.0,0.0,1.0,1.0,1.0
25.863697837612733,0.0,0.0,1.0,1.0,0.0,1.0,0.0,0.0,0.0,0.0
50.720835750298455,1.0,0.0,0.0,0.0,1.0,0.0,1.0,0.0,1.0,1.0
61.862186022136356,0.0,1.0,1.0,1.0,1.0,1.0,0.0,0.0,1.0,0.0
22.56550273221045,0.0,1.0,0.0,0.0,0.0,1.0,0.0,0.0,0.0,1.0
37.256028537289694,1.0,1.0,0.0,0.0,1.0,0.0,1.0,0.0,0.0,1.0
34.27564972096524,0.0,0.0,0.0,1.0,0.0,0.0,1.0,0.0,0.0,1.0
68.1187692832025,1.0,1.0,0.0,1.0,1.0,1.0,1.0,0.0,1.0,0.0
34.95495484842022,1.0,0.0,1.0,1.0,0.0,0.0,1.0,1.0,1.0,0.0
6.228300200111999,1.0,1.0,0.0,1.0,0.0,1.0,1.0,1.0,0.0,1.0
69.33178343421248,1.0,0.0,0.0,0.0,1.0,1.0,1.0,1.0,0.0,1.0
13.6840538048206,1.0,1.0,0.0,0.0,1.0,0.0,0.0,0.0,1.0,0.0
53.44699295018566,1.0,0.0,0.0,0.0,0.0,0.0,0.0,0.0,1.0,0.0
61.27491309137734,0.0,0.0,0.0,0.0,0.0,1.0,1.0,1.0,0.0,1.0
12.020030244666238,1.0,1.0,1.0,0.0,1.0,1.0,1.0,1.0,1.0,0.0
62.86218188666046,1.0,1.0,1.0,0.0,1.0,1.0,1.0,1.0,1.0,0.0
2.89473375685073,1.0,0.0,0.0,1.0,1.0,0.0,1.0,0.0,0.0,0.0
35.21412780154133,0.0,0.0,1.0,1.0,0.0,0.0,1.0,1.0,1.0,0.0
24.31340329207532,0.0,1.0,0.0,0.0,1.0,1.0,0.0,0.0,0.0,1.0
61.241317271530306,1.0,1.0,0.0,0.0,1.0,0.0,1.0,0.0,1.0,0.0
11.991045430791242,0.0,0.0,0.0,0.0,0.0,0.0,0.0,1.0,0.0,1.0
48.18491744677841,1.0,0.0,1.0,1.0,1.0,1.0,1.0,0.0,1.0,1.0
23.146694511651443,1.0,1.0,0.0,0.0,1.0,0.0,1.0,0.0,0.0,1.0
13.925508447549028,1.0,1.0,0.0,0.0,1.0,0.0,1.0,1.0,1.0,1.0
56.94713023936438,0.0,0.0,1.0,0.0,1.0,1.0,0.0,1.0,1.0,0.0
16.582364742012974,1.0,1.0,0.0,1.0,1.0,0.0,1.0,1.0,0.0,1.0
67.92944639298804,1.0,1.0,1.0,0.0,1.0,0.0,1.0,0.0,0.0,0.0
1.8570498367015391,0.0,1.0,0.0,0.0,0.0,0.0,1.0,1.0,1.0,1.0
54.4738958799095,1.0,1.0,1.0,1.0,0.0,1.0,0.0,1.0,1.0,1.0
9.905242594691199,0.0,0.0,0.0,0.0,1.0,1.0,0.0,1.0,1.0,0.0
53.54933489176876,1.0,1.0,0.0,1.0,1.0,0.0,1.0,0.0,1.0,1.0
16.18448020885736,0.0,1.0,1.0,1.0,1.0,1.0,1.0,0.0,0.0,1.0
5.5713045704781985,0.0,0.0,1.0,1.0,1.0,1.0,1.0,1.0,0.0,1.0
16.778691282456634,1.0,0.0,0.0,0.0,0.0,1.0,0.0,0.0,1.0,0.0
59.84036488554618,0.0,0.0,0.0,0.0,1.0,1.0,1.0,1.0,0.0,1.0
68.73654154303316,0.0,1.0,1.0,1.0,0.0,1.0,1.0,1.0,0.0,0.0
68.16172806299049,1.0,0.0,1.0,0.0,0.0,1.0,1.0,0.0,1.0,0.0
16.984586568637763,1.0,1.0,1.0,1.0,1.0,1.0,0.0,0.0,1.0,0.0
51.85105543180162,1.0,0.0,0.0,0.0,1.0,0.0,0.0,1.0,0.0,0.0
69.93825847392174,0.0,0.0,0.0,0.0,0.0,0.0,0.0,0.0,1.0,1.0
47.15609867193611,0.0,0.0,1.0,1.0,0.0,0.0,1.0,0.0,1.0,1.0
60.587299869801434,1.0,1.0,0.0,0.0,1.0,1.0,1.0,1.0,0.0,0.0
9.448959463068329,1.0,1.0,1.0,1.0,0.0,1.0,0.0,1.0,0.0,0.0
45.73713409798323,0.0,0.0,0.0,0.0,0.0,1.0,0.0,0.0,0.0,1.0
9.662665779430947,0.0,1.0,0.0,1.0,0.0,1.0,1.0,1.0,0.0,0.0
9.420552042356467,1.0,1.0,0.0,0.0,1.0,0.0,1.0,1.0,1.0,0.0
65.68993251709195,1.0,0.0,1.0,0.0,1.0,1.0,1.0,1.0,1.0,0.0
40.371440179366076,1.0,1.0,0.0,0.0,1.0,0.0,0.0,1.0,0.0,1.0
35.73749411850372,1.0,1.0,0.0,1.0,0.0,1.0,1.0,1.0,0.0,0.0
9.474237305066726,0.0,1.0,0.0,1.0,1.0,1.0,0.0,1.0,1.0,1.0
54.856029830071215,0.0,1.0,0.0,0.0,0.0,0.0,0.0,1.0,0.0,0.0
54.927322773658304,1.0,1.0,0.0,0.0,1.0,0.0,1.0,0.0,0.0,0.0
11.484715653981471,1.0,0.0,0.0,1.0,0.0,0.0,1.0,1.0,1.0,1.0
43.47532293356843,1.0,1.0,1.0,1.0,0.0,1.0,0.0,0.0,1.0,0.0
41.274292192531775,1.0,1.0,0.0,0.0,0.0,1.0,0.0,1.0,1.0,1.0
43.08335029335842,0.0,0.0,0.0,0.0,1.0,0.0,1.0,0.0,1.0,0.0
44.535389605729414,1.0,0.0,1.0,1.0,1.0,1.0,1.0,0.0,1.0,1.0
71.39074373779957,1.0,1.0,1.0,0.0,1.0,0.0,1.0,0.0,0.0,0.0
6.218482203410713,0.0,1.0,1.0,0.0,0.0,0.0,1.0,1.0,1.0,1.0
39.916171463458966,0.0,1.0,1.0,0.0,0.0,1.0,0.0,1.0,0.0,1.0
49.40009194203941,1.0,0.0,1.0,1.0,1.0,1.0,0.0,1.0,0.0,1.0
10.682003156097194,1.0,0.0,0.0,0.0,0.0,1.0,1.0,0.0,0.0,0.0
49.100122306125776,0.0,0.0,0.0,1.0,0.0,1.0,0.0,1.0,1.0,0.0
61.71199799454007,1.0,1.0,0.0,1.0,1.0,1.0,1.0,0.0,1.0,1.0
55.28965493762164,0.0,0.0,0.0,0.0,0.0,1.0,0.0,0.0,0.0,1.0
38.48486749583588,0.0,1.0,1.0,0.0,0.0,1.0,0.0,1.0,1.0,1.0
59.166848632379036,0.0,0.0,0.0,0.0,0.0,1.0,1.0,1.0,0.0,1.0
17.31564512267674,1.0,1.0,1.0,1.0,1.0,1.0,1.0,0.0,0.0,0.0
60.36111609476628,1.0,1.0,0.0,0.0,0.0,0.0,1.0,0.0,0.0,1.0
65.95333439158269,1.0,1.0,1.0,0.0,0.0,0.0,0.0,0.0,1.0,0.0
14.056819368287712,1.0,0.0,1.0,1.0,0.0,0.0,0.0,0.0,0.0,0.0
66.58387355479398,1.0,1.0,1.0,0.0,1.0,0.0,1.0,0.0,0.0,0.0
42.25145008613703,1.0,0.0,1.0,0.0,0.0,0.0,0.0,0.0,1.0,0.0
17.442141830734602,1.0,1.0,0.0,0.0,0.0,1.0,0.0,0.0,1.0,1.0
17.48297122257609,1.0,0.0,0.0,0.0,1.0,0.0,1.0,0.0,1.0,1.0
15.433609923558022,1.0,0.0,0.0,0.0,0.0,0.0,0.0,1.0,0.0,0.0
15.29226626692486,1.0,1.0,0.0,0.0,0.0,1.0,1.0,1.0,1.0,1.0
16.27612835460844,1.0,1.0,0.0,0.0,0.0,1.0,1.0,1.0,1.0,1.0
50.35577414041749,0.0,1.0,0.0,1.0,0.0,0.0,1.0,0.0,1.0,0.0
57.09702044583765,1.0,1.0,0.0,0.0,0.0,0.0,1.0,0.0,1.0,1.0
6.275135388593034,1.0,0.0,1.0,0.0,1.0,0.0,0.0,1.0,0.0,1.0
5.8613614077614,0.0,1.0,1.0,1.0,0.0,1.0,0.0,1.0,0.0,0.0
38.409890469082214,0.0,1.0,0.0,0.0,1.0,1.0,0.0,0.0,1.0,0.0
19.610720470697284,1.0,1.0,1.0,0.0,1.0,0.0,0.0,0.0,1.0,0.0
49.00464683975431,0.0,0.0,0.0,0.0,1.0,0.0,1.0,1.0,1.0,0.0
2.070296184212681,0.0,1.0,0.0,0.0,1.0,0.0,1.0,1.0,0.0,1.0
69.21971401703034,1.0,0.0,1.0,0.0,1.0,0.0,1.0,1.0,0.0,1.0
69.41196981164128,1.0,1.0,1.0,0.0,0.0,0.0,0.0,0.0,1.0,0.0
21.840132074603762,1.0,0.0,1.0,1.0,1.0,0.0,0.0,0.0,1.0,1.0
64.53179072074124,1.0,0.0,1.0,0.0,1.0,1.0,0.0,1.0,0.0,1.0
4.672890718622659,0.0,1.0,0.0,1.0,1.0,1.0,0.0,1.0,1.0,1.0
31.019534661261083,1.0,0.0,0.0,1.0,0.0,0.0,0.0,0.0,0.0,0.0
13.810476734200009,0.0,1.0,1.0,0.0,1.0,1.0,1.0,1.0,1.0,0.0
41.08328544507943,0.0,1.0,0.0,0.0,1.0,0.0,0.0,0.0,1.0,0.0
44.035461421250865,0.0,1.0,0.0,0.0,1.0,0.0,1.0,0.0,1.0,0.0
60.934977542918034,1.0,0.0,0.0,1.0,0.0,0.0,1.0,1.0,1.0,0.0
48.386729934886816,1.0,1.0,1.0,0.0,1.0,0.0,1.0,0.0,0.0,0.0
60.7466108264712,1.0,1.0,0.0,1.0,1.0,1.0,1.0,1.0,1.0,1.0
66.24630433361699,1.0,1.0,0.0,0.0,1.0,1.0,0.0,1.0,0.0,0.0
13.628550932815303,1.0,1.0,0.0,1.0,1.0,1.0,1.0,1.0,0.0,1.0
56.12986121532494,1.0,0.0,0.0,0.0,1.0,0.0,0.0,0.0,1.0,1.0
48.806071765713746,0.0,0.0,0.0,0.0,0.0,1.0,0.0,0.0,0.0,1.0
64.875950609858,1.0,0.0,0.0,0.0,1.0,0.0,1.0,1.0,0.0,1.0
34.13966515204589,1.0,0.0,1.0,0.0,0.0,0.0,1.0,1.0,1.0,0.0
66.62142681415499,1.0,0.0,0.0,1.0,1.0,0.0,0.0,1.0,1.0,1.0
29.240462446744218,0.0,1.0,1.0,1.0,1.0,1.0,0.0,0.0,0.0,1.0
16.750488690839664,0.0,1.0,0.0,0.0,0.0,0.0,1.0,1.0,0.0,1.0
32.12147944208454,0.0,1.0,0.0,1.0,1.0,1.0,0.0,0.0,1.0,1.0
10.480119985797117,1.0,1.0,0.0,1.0,1.0,0.0,0.0,0.0,0.0,0.0
5.144383586140725,0.0,1.0,0.0,0.0,0.0,1.0,0.0,1.0,0.0,0.0
68.59476866931955,0.0,0.0,1.0,1.0,0.0,0.0,0.0,0.0,0.0,1.0
35.817933913307805,0.0,1.0,1.0,0.0,1.0,0.0,0.0,0.0,0.0,0.0
14.109006410919324,1.0,1.0,0.0,1.0,1.0,0.0,1.0,1.0,0.0,1.0
41.9203235490035,1.0,1.0,1.0,1.0,0.0,1.0,0.0,0.0,1.0,0.0
52.784725714339004,0.0,0.0,0.0,0.0,0.0,1.0,0.0,1.0,0.0,0.0
41.28939508871412,0.0,0.0,0.0,0.0,1.0,1.0,0.0,0.0,0.0,1.0
30.110476076559,1.0,1.0,0.0,0.0,1.0,1.0,1.0,0.0,1.0,0.0
49.523182298961615,1.0,1.0,0.0,0.0,1.0,1.0,0.0,1.0,0.0,1.0
17.184718330067216,1.0,0.0,0.0,0.0,0.0,0.0,0.0,0.0,0.0,0.0
16.206451247255544,1.0,1.0,1.0,0.0,1.0,0.0,0.0,1.0,1.0,0.0
9.930499887224085,0.0,0.0,1.0,1.0,1.0,1.0,1.0,1.0,0.0,0.0
37.844357120015424,1.0,1.0,0.0,1.0,0.0,1.0,1.0,1.0,0.0,0.0
20.729750580885856,1.0,1.0,1.0,1.0,1.0,1.0,1.0,0.0,0.0,0.0
59.200619273828885,0.0,0.0,0.0,0.0,1.0,0.0,1.0,0.0,1.0,0.0
13.960734782652535,1.0,1.0,0.0,0.0,0.0,1.0,1.0,1.0,1.0,1.0
32.87218984749782,0.0,1.0,1.0,0.0,1.0,1.0,0.0,0.0,1.0,1.0
7.191549028777786,0.0,1.0,0.0,1.0,1.0,1.0,0.0,1.0,1.0,1.0
31.21215301784158,1.0,0.0,1.0,0.0,1.0,0.0,1.0,1.0,0.0,1.0
70.13015360271712,1.0,0.0,1.0,0.0,0.0,1.0,1.0,0.0,1.0,0.0
46.27053801822696,0.0,1.0,0.0,0.0,1.0,0.0,0.0,0.0,0.0,1.0
21.64653870948112,1.0,1.0,1.0,0.0,1.0,1.0,1.0,0.0,0.0,0.0
4.52430128375309,0.0,1.0,1.0,0.0,1.0,1.0,0.0,0.0,0.0,1.0
40.94621813718804,1.0,1.0,1.0,0.0,1.0,1.0,0.0,0.0,0.0,1.0
69.82662031885822,0.0,0.0,0.0,0.0,0.0,1.0,1.0,0.0,0.0,0.0
5.85695340398943,0.0,1.0,1.0,0.0,0.0,1.0,0.0,1.0,0.0,1.0
19.8679736910297,1.0,1.0,0.0,0.0,0.0,1.0,0.0,0.0,1.0,1.0
58.86463942328808,0.0,0.0,0.0,1.0,1.0,1.0,0.0,1.0,1.0,1.0
30.511506479902373,1.0,1.0,1.0,1.0,0.0,0.0,0.0,1.0,1.0,0.0
52.81591057467733,1.0,0.0,0.0,0.0,1.0,1.0,1.0,1.0,0.0,1.0
1.0,0.0,0.0,1.0,1.0,1.0,1.0,1.0,1.0,0.0,1.0
5.232845003317554,0.0,0.0,0.0,0.0,0.0,1.0,1.0,0.0,0.0,0.0
11.743004566270816,1.0,1.0,0.0,0.0,0.0,1.0,1.0,1.0,1.0,1.0
13.463753083456664,1.0,0.0,1.0,0.0,0.0,0.0,1.0,0.0,0.0,1.0
36.67422540094783,0.0,0.0,1.0,1.0,0.0,0.0,1.0,0.0,0.0,1.0
65.25225899761992,1.0,1.0,1.0,0.0,0.0,0.0,0.0,0.0,1.0,0.0
59.73735385754434,1.0,0.0,1.0,1.0,0.0,0.0,0.0,1.0,0.0,1.0
56.40857937036388,0.0,0.0,0.0,0.0,1.0,1.0,1.0,1.0,0.0,1.0
56.7392986713819,1.0,0.0,0.0,0.0,0.0,0.0,0.0,1.0,0.0,0.0
43.9314863560512,0.0,1.0,1.0,1.0,0.0,0.0,0.0,0.0,1.0,1.0
61.095268978244,0.0,0.0,1.0,1.0,1.0,1.0,0.0,1.0,1.0,1.0
63.405156142163186,1.0,1.0,1.0,0.0,1.0,1.0,1.0,0.0,0.0,0.0
26.870268392397744,0.0,0.0,0.0,1.0,0.0,1.0,0.0,0.0,1.0,1.0
5.0738546632054895,0.0,1.0,1.0,1.0,1.0,1.0,1.0,0.0,0.0,0.0
1.0,0.0,0.0,0.0,0.0,0.0,1.0,1.0,0.0,0.0,0.0
7.682505351408902,0.0,1.0,0.0,0.0,0.0,1.0,0.0,1.0,0.0,0.0
10.25202943269351,1.0,1.0,1.0,1.0,1.0,1.0,0.0,1.0,0.0,0.0
23.186495425458656,1.0,1.0,0.0,1.0,0.0,1.0,0.0,1.0,0.0,0.0
15.697278796205255,1.0,0.0,1.0,1.0,0.0,0.0,0.0,0.0,0.0,0.0
12.973782586254739,0.0,0.0,1.0,1.0,1.0,1.0,1.0,1.0,0.0,0.0
51.187679508883875,1.0,0.0,0.0,0.0,1.0,1.0,1.0,1.0,0.0,1.0
65.58245380078226,0.0,0.0,1.0,1.0,1.0,0.0,0.0,0.0,1.0,0.0
18.324399413184796,1.0,0.0,0.0,0.0,1.0,1.0,1.0,1.0,1.0,0.0
21.157712633772757,1.0,1.0,0.0,1.0,0.0,1.0,1.0,0.0,0.0,1.0
64.26777926695219,1.0,0.0,1.0,0.0,0.0,0.0,1.0,0.0,1.0,1.0
29.501900391396457,1.0,1.0,0.0,1.0,0.0,1.0,0.0,1.0,0.0,0.0
44.76710995328048,0.0,0.0,1.0,1.0,0.0,0.0,1.0,0.0,1.0,1.0
28.69963610386032,0.0,1.0,1.0,1.0,1.0,1.0,0.0,0.0,0.0,1.0
54.83201268051975,0.0,1.0,1.0,0.0,0.0,0.0,0.0,1.0,0.0,0.0
64.1729682944405,1.0,0.0,1.0,0.0,1.0,0.0,1.0,1.0,0.0,1.0
37.253065695636614,1.0,1.0,0.0,0.0,1.0,0.0,1.0,1.0,0.0,1.0
64.91460307170051,0.0,0.0,0.0,1.0,0.0,1.0,1.0,0.0,0.0,0.0
67.93159491598824,1.0,1.0,1.0,0.0,0.0,0.0,0.0,1.0,0.0,0.0
36.881910222414625,1.0,0.0,1.0,0.0,0.0,0.0,1.0,1.0,1.0,0.0
25.65589732108243,0.0,0.0,0.0,0.0,1.0,1.0,1.0,0.0,1.0,1.0
40.07817669061677,0.0,0.0,1.0,1.0,1.0,0.0,0.0,1.0,0.0,0.0
62.09386953704592,0.0,0.0,0.0,1.0,0.0,0.0,0.0,0.0,0.0,1.0
40.65537741719307,0.0,1.0,1.0,1.0,0.0,0.0,0.0,0.0,1.0,1.0
62.12018164761065,1.0,1.0,1.0,0.0,1.0,1.0,0.0,0.0,0.0,0.0
48.014889334782445,0.0,0.0,0.0,1.0,0.0,0.0,0.0,0.0,1.0,0.0
22.42442982122104,1.0,1.0,1.0,1.0,0.0,1.0,1.0,1.0,0.0,0.0
8.56102570424942,0.0,1.0,0.0,1.0,1.0,1.0,0.0,1.0,1.0,1.0
65.14998757324939,1.0,0.0,1.0,0.0,0.0,0.0,1.0,0.0,1.0,1.0
13.215793909894286,1.0,1.0,0.0,0.0,0.0,1.0,1.0,1.0,0.0,1.0
5.608052676412211,1.0,0.0,1.0,0.0,1.0,0.0,0.0,1.0,1.0,1.0
61.19424224792497,1.0,1.0,1.0,1.0,0.0,0.0,1.0,0.0,1.0,1.0
25.43749138326633,0.0,0.0,0.0,1.0,0.0,1.0,0.0,0.0,1.0,1.0
38.81652809747003,0.0,0.0,1.0,0.0,1.0,1.0,0.0,1.0,1.0,1.0
59.406636368249906,1.0,0.0,0.0,1.0,0.0,1.0,1.0,0.0,0.0,1.0
36.45187906002106,1.0,1.0,0.0,0.0,1.0,0.0,0.0,0.0,0.0,1.0
44.87080594267938,1.0,1.0,0.0,0.0,0.0,1.0,0.0,1.0,0.0,1.0
30.29376284433078,1.0,1.0,1.0,0.0,1.0,1.0,1.0,1.0,0.0,0.0
9.893064470000724,0.0,0.0,0.0,1.0,1.0,0.0,1.0,0.0,1.0,0.0
36.38292918078101,0.0,0.0,1.0,1.0,0.0,1.0,1.0,0.0,0.0,1.0
33.4065351481512,0.0,0.0,0.0,1.0,0.0,1.0,0.0,0.0,1.0,1.0
61.64995311824184,1.0,1.0,1.0,1.0,0.0,0.0,1.0,1.0,0.0,1.0
60.46990605107438,0.0,0.0,1.0,0.0,1.0,1.0,0.0,1.0,1.0,0.0
19.16117303816787,1.0,1.0,1.0,1.0,1.0,1.0,0.0,1.0,0.0,0.0
10.112025569192536,0.0,1.0,1.0,1.0,0.0,1.0,0.0,1.0,1.0,0.0
14.517872691675867,0.0,0.0,0.0,0.0,1.0,0.0,1.0,0.0,0.0,0.0
38.964481543619165,1.0,0.0,1.0,0.0,0.0,1.0,1.0,1.0,1.0,0.0
46.99020361181851,1.0,1.0,1.0,1.0,1.0,1.0,0.0,0.0,1.0,1.0
58.02264472782986,1.0,1.0,0.0,0.0,0.0,0.0,0.0,1.0,0.0,0.0
66.45854625470136,0.0,0.0,0.0,0.0,1.0,0.0,0.0,1.0,0.0,1.0
33.52558366089803,1.0,1.0,1.0,0.0,1.0,0.0,0.0,1.0,1.0,0.0
2.0330599277818577,0.0,1.0,1.0,0.0,0.0,1.0,0.0,1.0,0.0,1.0
20.487743262751657,1.0,1.0,1.0,1.0,1.0,1.0,1.0,0.0,0.0,0.0
64.55675436177658,1.0,1.0,1.0,0.0,0.0,0.0,0.0,0.0,1.0,0.0
31.49055865597224,0.0,0.0,1.0,0.0,1.0,0.0,1.0,1.0,1.0,1.0
39.87092465072821,0.0,1.0,0.0,0.0,0.0,0.0,1.0,0.0,0.0,0.0
39.0052301151739,1.0,1.0,0.0,0.0,1.0,1.0,0.0,1.0,1.0,1.0
11.400192928230984,1.0,1.0,0.0,1.0,0.0,0.0,0.0,1.0,0.0,1.0
4.447407689681227,0.0,0.0,1.0,1.0,1.0,1.0,1.0,1.0,0.0,1.0
48.00958850881554,1.0,0.0,0.0,0.0,1.0,0.0,1.0,1.0,0.0,0.0
15.335399428877443,0.0,0.0,1.0,1.0,1.0,1.0,1.0,1.0,0.0,0.0
40.14620891040255,1.0,1.0,1.0,0.0,1.0,1.0,0.0,0.0,0.0,1.0
63.37620058328879,1.0,1.0,1.0,0.0,1.0,1.0,1.0,1.0,0.0,0.0
19.004830856802098,0.0,1.0,1.0,0.0,1.0,1.0,1.0,1.0,1.0,1.0
51.132170931683476,1.0,0.0,1.0,0.0,1.0,1.0,1.0,1.0,0.0,0.0
60.5270294527302,0.0,1.0,0.0,1.0,1.0,0.0,1.0,1.0,0.0,0.0
29.495287464590298,0.0,0.0,0.0,0.0,1.0,0.0,1.0,0.0,0.0,1.0
17.542697755711078,1.0,1.0,0.0,1.0,1.0,0.0,0.0,0.0,0.0,0.0
64.27572379364919,0.0,0.0,1.0,1.0,0.0,0.0,0.0,1.0,0.0,1.0
44.3192735608496,0.0,1.0,0.0,1.0,0.0,0.0,1.0,0.0,0.0,0.0
27.61468127338354,1.0,0.0,1.0,1.0,0.0,1.0,1.0,1.0,1.0,0.0
47.131263849917154,0.0,0.0,1.0,1.0,1.0,1.0,1.0,0.0,1.0,1.0
30.22224702711845,1.0,0.0,0.0,1.0,1.0,0.0,0.0,0.0,0.0,0.0
14.466641814315574,0.0,1.0,0.0,1.0,1.0,1.0,1.0,0.0,0.0,1.0
36.16592364899181,0.0,1.0,1.0,0.0,1.0,1.0,0.0,0.0,1.0,1.0
46.604975058639994,0.0,1.0,0.0,1.0,0.0,0.0,1.0,0.0,0.0,0.0
60.92249231550299,1.0,1.0,0.0,0.0,0.0,0.0,0.0,0.0,0.0,1.0
57.264432482283816,1.0,0.0,0.0,0.0,0.0,1.0,0.0,0.0,0.0,1.0
6.720291779750769,1.0,0.0,1.0,1.0,0.0,1.0,0.0,0.0,1.0,0.0
28.197390204026984,1.0,0.0,1.0,0.0,1.0,1.0,0.0,1.0,1.0,0.0
2.9892261004823757,1.0,0.0,1.0,1.0,0.0,1.0,0.0,0.0,1.0,0.0
23.394813429947245,0.0,1.0,1.0,1.0,1.0,1.0,0.0,0.0,1.0,0.0
59.48221140230021,0.0,1.0,0.0,1.0,0.0,0.0,0.0,1.0,0.0,0.0
9.483724319757183,1.0,0.0,0.0,0.0,0.0,0.0,1.0,0.0,0.0,1.0
44.48537240076322,1.0,1.0,0.0,0.0,1.0,0.0,0.0,0.0,0.0,1.0
64.65274071076442,1.0,1.0,1.0,0.0,0.0,0.0,1.0,1.0,0.0,0.0
24.171266762781595,1.0,1.0,0.0,1.0,0.0,1.0,1.0,0.0,0.0,1.0
7.111677416553787,1.0,1.0,0.0,0.0,0.0,0.0,0.0,1.0,0.0,1.0
44.81048514775327,0.0,0.0,0.0,1.0,0.0,1.0,1.0,0.0,1.0,0.0
38.296599348415675,0.0,1.0,1.0,0.0,1.0,0.0,0.0,0.0,0.0,0.0
13.56376593491587,0.0,0.0,1.0,1.0,0.0,1.0,0.0,1.0,1.0,0.0
40.93113969156865,0.0,0.0,0.0,0.0,0.0,0.0,0.0,1.0,1.0,1.0
34.77942004674676,1.0,0.0,0.0,0.0,1.0,0.0,1.0,1.0,0.0,1.0
19.221692309434328,1.0,0.0,0.0,0.0,0.0,0.0,0.0,0.0,0.0,0.0
59.665728301356715,1.0,1.0,0.0,1.0,1.0,0.0,1.0,0.0,1.0,0.0
6.835881722348961,1.0,0.0,1.0,1.0,0.0,1.0,1.0,0.0,1.0,0.0
43.028183657354816,1.0,0.0,1.0,1.0,1.0,0.0,0.0,1.0,1.0,1.0
55.029809937274905,0.0,0.0,0.0,0.0,1.0,1.0,0.0,1.0,1.0,0.0
43.087128202077764,0.0,0.0,0.0,0.0,0.0,0.0,0.0,1.0,1.0,1.0
35.895100865247265,1.0,1.0,0.0,0.0,1.0,0.0,0.0,1.0,0.0,1.0
67.04852370450917,1.0,1.0,1.0,0.0,1.0,0.0,1.0,0.0,0.0,0.0
42.9399000186041,0.0,0.0,0.0,0.0,1.0,1.0,1.0,0.0,0.0,1.0
8.22102897050664,1.0,0.0,1.0,1.0,0.0,0.0,1.0,1.0,1.0,1.0
63.623065278856714,1.0,1.0,1.0,0.0,0.0,0.0,1.0,1.0,0.0,0.0
34.475814219634636,1.0,1.0,1.0,0.0,1.0,0.0,0.0,1.0,1.0,0.0
41.693514956399554,1.0,1.0,1.0,1.0,1.0,1.0,0.0,1.0,0.0,1.0
48.911617762625745,0.0,0.0,0.0,0.0,1.0,1.0,0.0,0.0,0.0,1.0
63.466722028821266,1.0,1.0,0.0,1.0,1.0,0.0,0.0,0.0,1.0,1.0
25.856787996487096,0.0,0.0,0.0,0.0,1.0,1.0,0.0,0.0,1.0,1.0
15.736536305536987,1.0,0.0,0.0,1.0,1.0,0.0,1.0,1.0,0.0,1.0
41.23419834918362,1.0,1.0,1.0,0.0,0.0,0.0,0.0,0.0,1.0,0.0
19.614388991353792,0.0,0.0,0.0,0.0,0.0,1.0,0.0,1.0,0.0,1.0
8.924207181616454,1.0,0.0,1.0,1.0,0.0,1.0,1.0,0.0,0.0,1.0
3.767169374426405,0.0,1.0,0.0,0.0,1.0,1.0,0.0,1.0,1.0,0.0
1.2221808964276004,0.0,1.0,0.0,0.0,0.0,0.0,1.0,1.0,0.0,1.0
72.8684225728652,1.0,0.0,1.0,1.0,1.0,0.0,0.0,0.0,1.0,0.0
51.444616879097005,1.0,1.0,1.0,1.0,0.0,1.0,1.0,0.0,1.0,1.0
9.582849336804792,0.0,1.0,0.0,0.0,1.0,0.0,0.0,1.0,1.0,0.0
58.0627774097225,1.0,1.0,1.0,0.0,1.0,1.0,1.0,1.0,0.0,0.0
23.64840459614178,1.0,1.0,1.0,0.0,0.0,1.0,1.0,1.0,0.0,1.0
13.213068364899566,0.0,0.0,0.0,0.0,0.0,1.0,0.0,0.0,1.0,0.0
62.57475391712307,1.0,0.0,1.0,1.0,0.0,0.0,1.0,1.0,0.0,1.0
30.342531422114966,0.0,1.0,0.0,1.0,0.0,0.0,1.0,0.0,0.0,0.0
31.570849081826132,1.0,1.0,1.0,0.0,0.0,1.0,0.0,1.0,0.0,1.0
64.28745318621061,0.0,0.0,1.0,1.0,0.0,1.0,0.0,1.0,0.0,0.0
1.7195683652495175,1.0,1.0,0.0,0.0,1.0,0.0,1.0,1.0,0.0,1.0
56.89756419036597,1.0,0.0,0.0,1.0,0.0,1.0,1.0,0.0,0.0,1.0
52.917426481071885,1.0,0.0,0.0,1.0,0.0,0.0,1.0,0.0,0.0,1.0
59.881307602926,1.0,0.0,1.0,1.0,1.0,1.0,1.0,1.0,1.0,0.0
20.009521092532975,1.0,1.0,0.0,0.0,1.0,0.0,0.0,0.0,1.0,0.0
58.97013752802692,0.0,0.0,0.0,0.0,0.0,1.0,1.0,1.0,0.0,1.0
63.79275707949261,0.0,0.0,0.0,1.0,0.0,1.0,1.0,0.0,0.0,0.0
61.62189556753968,1.0,1.0,1.0,0.0,1.0,1.0,0.0,0.0,1.0,0.0
66.29267851387218,1.0,1.0,1.0,0.0,1.0,0.0,1.0,1.0,0.0,0.0
15.320956355444547,1.0,0.0,0.0,0.0,1.0,1.0,0.0,1.0,0.0,0.0
29.146454433035085,1.0,0.0,0.0,0.0,0.0,1.0,0.0,1.0,0.0,1.0
63.547411031858836,1.0,1.0,0.0,1.0,1.0,1.0,1.0,0.0,1.0,0.0
57.111171157779225,0.0,0.0,0.0,1.0,0.0,0.0,0.0,1.0,0.0,0.0
13.733611310140883,1.0,0.0,0.0,0.0,0.0,0.0,1.0,0.0,0.0,1.0
58.520485584531414,0.0,0.0,0.0,1.0,0.0,1.0,0.0,1.0,1.0,1.0
53.42554850393978,0.0,1.0,0.0,0.0,0.0,0.0,0.0,1.0,0.0,0.0
39.88997450143029,0.0,0.0,0.0,0.0,0.0,1.0,0.0,0.0,1.0,1.0
21.775695470904786,1.0,0.0,1.0,1.0,0.0,1.0,1.0,1.0,1.0,0.0
56.839888657705195,1.0,0.0,0.0,0.0,0.0,1.0,0.0,0.0,0.0,1.0
19.26772501839206,0.0,0.0,1.0,1.0,0.0,1.0,0.0,1.0,1.0,0.0
8.40132133787646,0.0,0.0,0.0,0.0,1.0,1.0,0.0,1.0,1.0,0.0
45.95091716095395,1.0,0.0,1.0,1.0,0.0,0.0,1.0,0.0,0.0,1.0
22.070574247861842,0.0,1.0,0.0,0.0,1.0,1.0,0.0,0.0,0.0,1.0
45.167773480474395,1.0,1.0,0.0,0.0,1.0,0.0,0.0,1.0,1.0,1.0
40.379374751647035,1.0,1.0,1.0,1.0,0.0,1.0,0.0,1.0,1.0,1.0
15.880553826596838,0.0,1.0,1.0,0.0,0.0,0.0,0.0,1.0,1.0,1.0
2.7592190920350896,0.0,1.0,0.0,0.0,1.0,0.0,1.0,1.0,0.0,1.0
21.044385286019843,0.0,1.0,1.0,0.0,1.0,1.0,1.0,1.0,1.0,1.0
21.11179302533035,0.0,0.0,1.0,1.0,0.0,1.0,0.0,0.0,1.0,0.0
63.5323259844798,0.0,0.0,1.0,1.0,1.0,0.0,0.0,0.0,1.0,0.0
51.811675087244254,1.0,0.0,1.0,0.0,1.0,1.0,1.0,1.0,0.0,0.0
28.5674746260779,1.0,0.0,1.0,0.0,1.0,0.0,1.0,1.0,0.0,1.0
33.63139440178682,1.0,1.0,1.0,0.0,0.0,1.0,1.0,1.0,0.0,1.0
7.009618375070264,1.0,0.0,1.0,0.0,1.0,0.0,0.0,1.0,1.0,1.0
63.373442075358355,1.0,1.0,1.0,1.0,0.0,0.0,1.0,1.0,0.0,1.0
51.13482565141486,1.0,0.0,0.0,0.0,0.0,1.0,0.0,0.0,0.0,1.0
29.00356665526943,1.0,1.0,1.0,0.0,0.0,1.0,0.0,1.0,0.0,1.0
16.050590047378506,0.0,0.0,0.0,0.0,0.0,0.0,1.0,1.0,1.0,1.0
41.57116076696324,0.0,1.0,1.0,0.0,1.0,1.0,0.0,0.0,0.0,0.0
53.569261252448904,0.0,1.0,0.0,0.0,0.0,0.0,1.0,1.0,0.0,0.0
11.985576388329402,0.0,1.0,0.0,0.0,1.0,1.0,0.0,1.0,1.0,0.0
6.317195731738989,1.0,1.0,1.0,1.0,1.0,1.0,1.0,1.0,0.0,0.0
20.332693969788746,1.0,0.0,0.0,0.0,0.0,0.0,0.0,0.0,0.0,0.0
50.505518710294695,0.0,1.0,1.0,1.0,0.0,0.0,1.0,0.0,0.0,0.0
67.18427679723258,1.0,0.0,1.0,1.0,0.0,0.0,1.0,1.0,0.0,1.0
40.92375665725033,1.0,0.0,1.0,1.0,1.0,0.0,0.0,1.0,0.0,0.0
70.82796794165567,1.0,1.0,1.0,0.0,0.0,1.0,1.0,0.0,1.0,0.0
20.96946390732199,0.0,1.0,0.0,0.0,1.0,1.0,0.0,0.0,0.0,1.0
46.02449981347466,1.0,1.0,0.0,0.0,1.0,0.0,1.0,0.0,1.0,1.0
7.1227727836253125,0.0,0.0,0.0,0.0,1.0,1.0,1.0,1.0,0.0,0.0
20.39179570801287,0.0,0.0,1.0,0.0,0.0,1.0,0.0,1.0,1.0,0.0
48.44027587378807,0.0,0.0,0.0,1.0,1.0,0.0,0.0,0.0,1.0,0.0
8.708899234577911,0.0,0.0,0.0,1.0,0.0,0.0,1.0,0.0,1.0,0.0
44.756264017071096,0.0,0.0,0.0,1.0,0.0,0.0,0.0,1.0,0.0,0.0
14.398866300887788,0.0,0.0,0.0,1.0,0.0,1.0,0.0,1.0,0.0,0.0
28.771888445587628,0.0,1.0,0.0,1.0,0.0,0.0,1.0,0.0,0.0,0.0
6.114091255840117,0.0,1.0,0.0,1.0,1.0,0.0,1.0,0.0,0.0,1.0
48.6430610130896,1.0,1.0,1.0,0.0,1.0,1.0,1.0,0.0,0.0,0.0
9.494805330606,1.0,0.0,1.0,1.0,1.0,0.0,1.0,1.0,1.0,1.0
17.307841770763694,0.0,0.0,0.0,0.0,1.0,0.0,1.0,0.0,0.0,0.0
53.07578434955701,0.0,0.0,0.0,1.0,1.0,1.0,0.0,0.0,1.0,0.0
32.65969516327355,1.0,0.0,1.0,0.0,1.0,0.0,1.0,1.0,0.0,1.0
27.58213836628762,0.0,1.0,1.0,1.0,1.0,1.0,0.0,0.0,1.0,1.0
53.75473189095019,1.0,0.0,0.0,1.0,0.0,1.0,1.0,0.0,0.0,1.0
42.99328222335953,1.0,0.0,0.0,0.0,1.0,0.0,0.0,1.0,0.0,1.0
68.50409231196409,0.0,1.0,1.0,0.0,1.0,0.0,1.0,0.0,0.0,0.0
1.0,0.0,1.0,0.0,1.0,0.0,0.0,1.0,1.0,1.0,1.0
64.19573802919379,0.0,0.0,0.0,0.0,0.0,0.0,0.0,0.0,1.0,1.0
11.44587003495111,1.0,1.0,0.0,0.0,0.0,1.0,1.0,1.0,1.0,1.0
15.242843892444073,0.0,1.0,0.0,1.0,0.0,1.0,1.0,1.0,0.0,0.0
13.373649996427867,0.0,1.0,1.0,0.0,1.0,1.0,0.0,1.0,1.0,1.0
18.783305520591522,0.0,1.0,0.0,0.0,0.0,1.0,0.0,0.0,0.0,1.0
56.6951999053587,0.0,1.0,0.0,0.0,0.0,0.0,1.0,1.0,0.0,0.0
4.316114619684583,0.0,1.0,1.0,1.0,0.0,1.0,1.0,1.0,1.0,0.0
31.027019825400913,0.0,0.0,0.0,0.0,1.0,0.0,1.0,0.0,0.0,1.0
6.78442685913183,0.0,0.0,0.0,1.0,1.0,0.0,1.0,0.0,0.0,0.0
6.278231098784794,0.0,1.0,0.0,1.0,1.0,1.0,1.0,0.0,0.0,0.0
56.75027643857874,1.0,0.0,0.0,0.0,0.0,0.0,0.0,0.0,0.0,0.0
7.821891638070055,0.0,0.0,0.0,1.0,0.0,0.0,1.0,0.0,1.0,0.0
31.327392501871604,0.0,1.0,1.0,1.0,1.0,1.0,0.0,0.0,1.0,1.0
43.217238360141295,1.0,0.0,1.0,1.0,1.0,1.0,1.0,0.0,1.0,1.0
55.86318648538085,1.0,1.0,0.0,0.0,0.0,0.0,1.0,1.0,0.0,0.0
60.559827693278876,0.0,0.0,0.0,0.0,1.0,1.0,1.0,1.0,0.0,1.0
64.17694071742801,1.0,0.0,1.0,1.0,1.0,1.0,1.0,1.0,0.0,0.0
44.3731345043385,1.0,1.0,0.0,0.0,1.0,0.0,0.0,1.0,0.0,1.0
57.83052338709125,1.0,0.0,1.0,0.0,1.0,0.0,1.0,0.0,0.0,0.0
53.63615328605822,1.0,0.0,0.0,0.0,0.0,0.0,0.0,0.0,1.0,0.0
41.443184685567914,1.0,0.0,1.0,0.0,1.0,0.0,1.0,1.0,1.0,1.0
7.165924684174618,1.0,0.0,0.0,1.0,0.0,0.0,1.0,0.0,0.0,0.0
36.65134677265593,1.0,0.0,1.0,1.0,1.0,0.0,1.0,1.0,0.0,0.0
33.67133720590395,0.0,1.0,0.0,1.0,1.0,1.0,0.0,0.0,1.0,1.0
2.253778089178904,1.0,1.0,0.0,0.0,0.0,0.0,0.0,1.0,0.0,1.0
46.42733375913072,0.0,1.0,0.0,1.0,0.0,0.0,1.0,0.0,0.0,0.0
48.89502088156136,1.0,0.0,1.0,1.0,1.0,1.0,1.0,0.0,1.0,1.0
28.007848109788224,1.0,0.0,1.0,0.0,1.0,0.0,1.0,1.0,0.0,1.0
42.33101916497652,0.0,0.0,0.0,1.0,0.0,1.0,0.0,1.0,0.0,0.0
20.869743639247535,1.0,1.0,1.0,1.0,0.0,0.0,1.0,1.0,0.0,1.0
20.54997474192725,1.0,0.0,1.0,0.0,1.0,1.0,0.0,1.0,0.0,0.0
20.300607458591404,0.0,1.0,0.0,0.0,1.0,1.0,0.0,0.0,0.0,1.0
37.0956986731634,0.0,0.0,0.0,0.0,1.0,0.0,1.0,0.0,0.0,1.0
3.6650202864659067,1.0,0.0,1.0,1.0,0.0,0.0,1.0,1.0,1.0,1.0
5.4115027184886575,0.0,0.0,0.0,0.0,1.0,0.0,0.0,0.0,1.0,1.0
61.66861099104936,1.0,1.0,1.0,0.0,1.0,1.0,1.0,1.0,0.0,0.0
20.916199149214872,0.0,1.0,1.0,0.0,1.0,0.0,0.0,1.0,1.0,1.0
40.59224382315656,1.0,0.0,1.0,1.0,1.0,0.0,0.0,1.0,0.0,0.0
59.364892799844995,1.0,0.0,1.0,0.0,0.0,0.0,1.0,0.0,0.0,1.0
35.068628311930816,1.0,1.0,0.0,0.0,0.0,1.0,0.0,0.0,1.0,1.0
38.89320025720516,0.0,0.0,0.0,1.0,0.0,0.0,0.0,1.0,0.0,0.0
2.6635587764727746,1.0,1.0,0.0,1.0,0.0,0.0,1.0,0.0,0.0,0.0
59.26739725824484,1.0,1.0,0.0,0.0,1.0,1.0,0.0,1.0,0.0,0.0
24.07202947402653,0.0,1.0,1.0,1.0,0.0,0.0,0.0,0.0,1.0,1.0
7.646053960024097,0.0,1.0,1.0,0.0,1.0,1.0,0.0,0.0,0.0,1.0
10.688480387303027,0.0,1.0,1.0,0.0,1.0,1.0,0.0,1.0,1.0,1.0
15.884284180730475,0.0,0.0,0.0,0.0,0.0,1.0,0.0,0.0,1.0,0.0
2.029687279079533,0.0,1.0,0.0,0.0,1.0,1.0,0.0,1.0,1.0,0.0
8.741634826140732,1.0,0.0,1.0,1.0,0.0,1.0,1.0,0.0,0.0,1.0
66.32033692958653,0.0,1.0,0.0,1.0,1.0,0.0,1.0,1.0,1.0,0.0
18.321572078481754,1.0,0.0,1.0,1.0,0.0,0.0,0.0,0.0,0.0,0.0
48.28394046840824,1.0,0.0,1.0,1.0,1.0,1.0,0.0,1.0,0.0,1.0
9.195482942360929,1.0,0.0,0.0,0.0,1.0,1.0,0.0,1.0,0.0,0.0
60.741167259016315,0.0,1.0,0.0,0.0,0.0,0.0,0.0,0.0,0.0,1.0
72.7292345051665,0.0,1.0,0.0,1.0,0.0,1.0,0.0,0.0,1.0,1.0
23.03531782325326,1.0,0.0,1.0,1.0,0.0,0.0,0.0,0.0,0.0,0.0
10.637832206015347,1.0,1.0,0.0,0.0,1.0,0.0,1.0,0.0,1.0,0.0
65.21023152579168,0.0,0.0,0.0,0.0,0.0,0.0,0.0,0.0,0.0,1.0
58.77453946203361,0.0,1.0,0.0,0.0,0.0,0.0,0.0,0.0,0.0,0.0
61.13384990446945,1.0,1.0,1.0,1.0,1.0,0.0,1.0,1.0,0.0,1.0
11.990855642912067,1.0,0.0,1.0,1.0,0.0,1.0,1.0,0.0,0.0,1.0
39.96898516019583,1.0,1.0,0.0,0.0,1.0,0.0,0.0,1.0,0.0,1.0
1.0,1.0,0.0,0.0,1.0,0.0,0.0,1.0,0.0,0.0,0.0
30.006330171152907,1.0,0.0,1.0,1.0,0.0,0.0,0.0,0.0,0.0,1.0
10.231507001408788,1.0,0.0,1.0,0.0,0.0,1.0,1.0,0.0,1.0,1.0
43.624123991731224,1.0,1.0,1.0,0.0,0.0,1.0,0.0,0.0,1.0,0.0
45.356779490093544,0.0,0.0,1.0,1.0,0.0,0.0,1.0,0.0,1.0,1.0
30.142819158209296,0.0,0.0,0.0,1.0,0.0,0.0,1.0,0.0,0.0,1.0
20.369061513324638,1.0,1.0,0.0,0.0,0.0,1.0,0.0,0.0,1.0,1.0
8.96723817058881,1.0,0.0,0.0,1.0,0.0,1.0,0.0,1.0,1.0,0.0
68.54996650058466,0.0,0.0,1.0,0.0,1.0,0.0,1.0,1.0,0.0,1.0
7.0976507684017305,0.0,0.0,0.0,0.0,1.0,0.0,0.0,0.0,0.0,1.0
17.04630887219357,0.0,1.0,1.0,0.0,1.0,1.0,1.0,1.0,1.0,1.0
1.0,0.0,1.0,0.0,0.0,1.0,1.0,0.0,1.0,1.0,0.0
19.572001936287204,0.0,0.0,0.0,0.0,1.0,1.0,0.0,0.0,1.0,1.0
9.328692986854923,0.0,0.0,1.0,1.0,1.0,1.0,1.0,1.0,0.0,1.0
42.663756129439946,0.0,1.0,0.0,0.0,1.0,1.0,1.0,0.0,1.0,0.0
9.05513466444019,0.0,0.0,1.0,0.0,1.0,1.0,1.0,1.0,0.0,1.0
21.712738135805157,0.0,1.0,1.0,0.0,0.0,1.0,0.0,0.0,1.0,0.0
65.46117016670966,0.0,0.0,0.0,0.0,0.0,0.0,0.0,0.0,1.0,1.0
38.859490797368416,0.0,1.0,1.0,0.0,0.0,1.0,0.0,1.0,1.0,1.0
46.149885525315625,1.0,0.0,1.0,0.0,1.0,1.0,0.0,1.0,0.0,0.0
27.797483758302608,1.0,0.0,1.0,1.0,0.0,1.0,1.0,0.0,1.0,0.0
47.19129339013214,1.0,0.0,0.0,0.0,1.0,0.0,0.0,1.0,0.0,0.0
19.81039814234767,1.0,1.0,1.0,0.0,1.0,1.0,1.0,0.0,0.0,0.0
6.666550647004273,1.0,1.0,1.0,0.0,0.0,0.0,0.0,1.0,0.0,1.0
47.93030238937664,1.0,1.0,1.0,1.0,0.0,1.0,0.0,0.0,1.0,0.0
23.19392015322841,0.0,1.0,0.0,0.0,1.0,1.0,0.0,0.0,0.0,1.0
71.67677970822767,1.0,1.0,1.0,0.0,1.0,0.0,1.0,0.0,0.0,0.0
56.15907003847237,0.0,0.0,0.0,0.0,0.0,0.0,0.0,1.0,0.0,0.0
68.90801589212248,1.0,0.0,1.0,0.0,0.0,1.0,1.0,0.0,1.0,0.0
12.579951695715545,0.0,1.0,0.0,1.0,1.0,1.0,1.0,0.0,0.0,1.0
68.63551764960292,0.0,0.0,0.0,1.0,0.0,1.0,1.0,0.0,0.0,0.0
29.899988500464204,0.0,1.0,1.0,1.0,1.0,0.0,0.0,0.0,1.0,1.0
14.35487555943954,1.0,1.0,0.0,1.0,1.0,0.0,0.0,0.0,0.0,0.0
29.273693786116866,1.0,0.0,0.0,0.0,1.0,0.0,1.0,1.0,0.0,1.0
22.384581098001814,1.0,0.0,1.0,1.0,0.0,1.0,1.0,0.0,1.0,0.0
22.591748996950276,0.0,1.0,1.0,1.0,1.0,1.0,0.0,0.0,1.0,0.0
9.55718377672944,0.0,0.0,1.0,1.0,1.0,1.0,1.0,1.0,0.0,0.0
1.3364176151262166,0.0,1.0,0.0,0.0,1.0,0.0,1.0,1.0,0.0,1.0
55.41145132803798,0.0,1.0,0.0,0.0,0.0,0.0,1.0,1.0,0.0,0.0
28.85318696216447,1.0,1.0,0.0,0.0,0.0,1.0,1.0,1.0,0.0,1.0
22.403630712165917,0.0,1.0,1.0,0.0,1.0,1.0,1.0,0.0,1.0,0.0
44.25813966336085,1.0,0.0,0.0,1.0,1.0,1.0,1.0,0.0,1.0,0.0
39.28323184325746,0.0,0.0,0.0,0.0,0.0,1.0,0.0,0.0,1.0,1.0
4.192942771438543,0.0,1.0,1.0,0.0,0.0,1.0,0.0,1.0,0.0,1.0
47.20088279793307,0.0,1.0,0.0,1.0,0.0,0.0,1.0,0.0,0.0,0.0
56.304402332002304,0.0,0.0,1.0,1.0,1.0,1.0,0.0,1.0,1.0,1.0
56.98942955277988,1.0,0.0,0.0,0.0,0.0,1.0,0.0,1.0,0.0,0.0
50.13675328333147,0.0,0.0,0.0,1.0,0.0,1.0,0.0,1.0,0.0,0.0
67.4675557569841,1.0,1.0,1.0,0.0,0.0,0.0,0.0,1.0,0.0,0.0
29.836877802202842,0.0,0.0,0.0,1.0,0.0,0.0,1.0,0.0,1.0,0.0
11.48350003286669,0.0,0.0,0.0,0.0,1.0,0.0,1.0,0.0,0.0,0.0
66.6999719231602,0.0,1.0,0.0,0.0,1.0,0.0,1.0,0.0,0.0,0.0
12.364488849213796,1.0,1.0,1.0,1.0,1.0,1.0,1.0,0.0,0.0,0.0
57.43860021459215,0.0,0.0,0.0,1.0,1.0,1.0,0.0,1.0,1.0,1.0
69.11894628064255,1.0,0.0,0.0,0.0,1.0,0.0,1.0,1.0,0.0,1.0
68.33146222141232,1.0,1.0,1.0,0.0,1.0,0.0,1.0,0.0,0.0,0.0
33.63935157517231,0.0,0.0,1.0,1.0,0.0,0.0,1.0,1.0,1.0,0.0
52.128436911215395,1.0,0.0,1.0,1.0,0.0,0.0,1.0,1.0,0.0,1.0
46.78777134771101,0.0,0.0,0.0,1.0,0.0,0.0,0.0,1.0,0.0,0.0
60.87800568573498,1.0,1.0,1.0,0.0,0.0,0.0,0.0,1.0,0.0,0.0
62.37261672095976,1.0,0.0,1.0,1.0,0.0,0.0,0.0,1.0,0.0,1.0
61.69345952340838,1.0,0.0,0.0,1.0,1.0,0.0,1.0,0.0,0.0,0.0
5.3506379487760425,0.0,1.0,1.0,1.0,1.0,1.0,1.0,1.0,1.0,0.0
8.298709858794169,0.0,0.0,0.0,0.0,0.0,1.0,0.0,0.0,1.0,0.0
21.600714098476843,0.0,1.0,0.0,1.0,1.0,1.0,1.0,0.0,0.0,1.0
1.0,1.0,1.0,0.0,0.0,0.0,0.0,0.0,1.0,0.0,1.0
21.14195901427872,0.0,1.0,0.0,1.0,0.0,1.0,0.0,0.0,0.0,1.0
13.55647648148505,0.0,1.0,1.0,1.0,1.0,0.0,1.0,0.0,0.0,1.0
40.34646529294467,0.0,0.0,0.0,1.0,0.0,0.0,0.0,1.0,0.0,0.0
7.438320364135278,1.0,0.0,0.0,0.0,0.0,0.0,1.0,0.0,0.0,0.0
18.297924099522888,1.0,1.0,0.0,0.0,1.0,1.0,1.0,0.0,1.0,0.0
58.701268200647796,1.0,1.0,0.0,0.0,1.0,0.0,1.0,0.0,1.0,0.0
18.912787296292027,1.0,0.0,1.0,0.0,0.0,0.0,1.0,0.0,0.0,1.0
52.66494878506401,0.0,0.0,0.0,1.0,0.0,1.0,1.0,1.0,0.0,1.0
33.82738778361549,0.0,0.0,0.0,1.0,0.0,1.0,0.0,1.0,1.0,1.0
52.98544917930059,0.0,1.0,0.0,1.0,1.0,0.0,0.0,1.0,1.0,0.0
41.64816245666563,0.0,1.0,1.0,1.0,1.0,1.0,0.0,0.0,0.0,1.0
16.616852724563557,1.0,1.0,1.0,1.0,0.0,1.0,0.0,0.0,1.0,0.0
43.35696164103554,0.0,0.0,0.0,0.0,1.0,1.0,0.0,0.0,0.0,1.0
66.32767758970846,1.0,1.0,1.0,0.0,0.0,0.0,0.0,0.0,1.0,1.0
44.749888237051906,0.0,0.0,1.0,1.0,0.0,0.0,1.0,0.0,1.0,1.0
34.98540095403402,1.0,1.0,0.0,0.0,1.0,0.0,1.0,1.0,0.0,1.0
36.317097349432686,1.0,1.0,0.0,1.0,0.0,1.0,1.0,0.0,1.0,1.0
32.753739584459396,0.0,0.0,1.0,1.0,0.0,0.0,1.0,1.0,1.0,0.0
15.217210552602575,1.0,1.0,0.0,0.0,1.0,1.0,1.0,1.0,1.0,0.0
27.776334065665694,1.0,0.0,0.0,0.0,1.0,0.0,1.0,0.0,1.0,0.0
61.890788787929374,1.0,1.0,0.0,0.0,1.0,1.0,1.0,0.0,0.0,0.0
30.16230614225183,1.0,1.0,1.0,1.0,0.0,0.0,0.0,1.0,1.0,0.0
62.04851199256651,0.0,0.0,0.0,1.0,1.0,1.0,0.0,1.0,1.0,1.0
11.789748556222158,0.0,0.0,0.0,0.0,1.0,0.0,0.0,0.0,0.0,0.0
33.72903007346508,0.0,0.0,0.0,0.0,0.0,0.0,0.0,1.0,1.0,1.0
51.61283488343032,1.0,0.0,0.0,0.0,1.0,0.0,0.0,0.0,1.0,1.0
40.14187303173131,1.0,0.0,1.0,1.0,1.0,0.0,0.0,0.0,1.0,0.0
56.14511741724304,0.0,1.0,0.0,1.0,0.0,0.0,1.0,1.0,0.0,0.0
25.6789360187111,1.0,1.0,0.0,1.0,0.0,1.0,1.0,0.0,0.0,1.0
29.759580578704718,0.0,0.0,0.0,1.0,0.0,1.0,0.0,0.0,1.0,1.0
25.269927833020898,1.0,1.0,0.0,0.0,0.0,1.0,1.0,1.0,0.0,1.0
5.1522968117280294,0.0,1.0,1.0,1.0,0.0,0.0,1.0,1.0,1.0,0.0
64.61560179588682,1.0,1.0,1.0,0.0,1.0,1.0,1.0,1.0,0.0,0.0
15.44929539931158,1.0,0.0,0.0,0.0,1.0,1.0,1.0,1.0,1.0,0.0
26.872916077708943,1.0,1.0,0.0,1.0,0.0,0.0,0.0,1.0,0.0,0.0
14.655990155507869,0.0,0.0,0.0,0.0,0.0,0.0,0.0,1.0,0.0,1.0
66.78180259286326,1.0,0.0,1.0,0.0,1.0,1.0,0.0,1.0,0.0,1.0
55.66733410719218,1.0,0.0,1.0,0.0,0.0,1.0,0.0,0.0,0.0,1.0
38.37808966981991,1.0,1.0,0.0,0.0,1.0,0.0,1.0,0.0,0.0,1.0
31.273090112457776,1.0,0.0,1.0,0.0,0.0,0.0,1.0,0.0,1.0,1.0
59.78696692219677,1.0,0.0,0.0,0.0,0.0,1.0,0.0,0.0,0.0,1.0
41.56701684568888,1.0,1.0,0.0,0.0,1.0,1.0,0.0,1.0,1.0,1.0
33.5776276547225,0.0,0.0,0.0,0.0,1.0,0.0,1.0,0.0,0.0,1.0
63.46848584694908,1.0,1.0,0.0,0.0,1.0,1.0,1.0,0.0,0.0,0.0
44.63966905394139,0.0,0.0,0.0,0.0,0.0,0.0,0.0,0.0,1.0,1.0
16.23196531572576,1.0,1.0,1.0,1.0,1.0,0.0,0.0,0.0,1.0,0.0
10.029296209834861,1.0,1.0,1.0,1.0,1.0,1.0,0.0,1.0,0.0,0.0
65.52946666496857,1.0,0.0,1.0,1.0,0.0,0.0,1.0,1.0,0.0,1.0
47.20186608317228,1.0,1.0,0.0,0.0,0.0,0.0,0.0,0.0,1.0,0.0
11.811994373760726,0.0,0.0,0.0,0.0,1.0,0.0,1.0,0.0,0.0,0.0
47.980196474607254,1.0,1.0,1.0,1.0,0.0,1.0,0.0,0.0,1.0,0.0
8.623087025416647,0.0,1.0,0.0,0.0,0.0,1.0,0.0,1.0,0.0,0.0
23.614797481526338,0.0,1.0,0.0,0.0,0.0,0.0,1.0,1.0,0.0,1.0
45.677829261761936,0.0,1.0,0.0,1.0,0.0,0.0,1.0,0.0,0.0,0.0
48.63265379963234,1.0,1.0,0.0,1.0,0.0,0.0,1.0,0.0,0.0,0.0
44.685446645373396,1.0,0.0,1.0,1.0,1.0,1.0,0.0,1.0,0.0,1.0
32.418945039526044,0.0,0.0,1.0,1.0,0.0,0.0,1.0,1.0,1.0,0.0
36.53732404602262,1.0,0.0,1.0,0.0,0.0,0.0,1.0,1.0,1.0,0.0
49.10752316423088,0.0,0.0,0.0,0.0,1.0,1.0,0.0,0.0,0.0,1.0
29.773242576976347,1.0,1.0,1.0,0.0,0.0,1.0,1.0,1.0,0.0,1.0
63.424944153505145,0.0,1.0,1.0,0.0,0.0,1.0,0.0,1.0,0.0,0.0
57.463167025875784,0.0,0.0,0.0,0.0,0.0,0.0,1.0,0.0,0.0,0.0
30.426590242985288,1.0,1.0,1.0,0.0,1.0,0.0,0.0,1.0,1.0,0.0
14.125671383270413,1.0,0.0,0.0,0.0,0.0,0.0,1.0,0.0,0.0,1.0
10.950129988104587,1.0,0.0,0.0,1.0,0.0,0.0,0.0,1.0,0.0,1.0
11.904082021227863,1.0,0.0,1.0,1.0,1.0,1.0,0.0,1.0,0.0,1.0
59.37999560619073,0.0,1.0,0.0,1.0,0.0,0.0,0.0,0.0,0.0,0.0
5.17450365812046,1.0,1.0,0.0,0.0,1.0,0.0,1.0,1.0,1.0,0.0
11.520095711529859,1.0,0.0,1.0,1.0,0.0,0.0,1.0,1.0,1.0,1.0
14.657346919682041,0.0,1.0,1.0,0.0,1.0,0.0,1.0,1.0,1.0,1.0
61.06705770921741,1.0,0.0,1.0,0.0,1.0,0.0,1.0,1.0,0.0,1.0
37.84291740624668,1.0,1.0,1.0,0.0,1.0,0.0,0.0,1.0,0.0,1.0
40.183875601840384,0.0,0.0,0.0,0.0,0.0,0.0,0.0,1.0,1.0,1.0
29.226596674485542,1.0,1.0,0.0,1.0,0.0,1.0,1.0,0.0,0.0,1.0
60.96809944943391,1.0,0.0,0.0,1.0,1.0,0.0,1.0,0.0,0.0,0.0
64.8141766446913,0.0,1.0,0.0,1.0,1.0,0.0,1.0,1.0,0.0,0.0
24.960903833381998,0.0,1.0,1.0,1.0,0.0,1.0,0.0,1.0,0.0,0.0
31.399751732887804,0.0,0.0,1.0,1.0,1.0,0.0,1.0,1.0,1.0,0.0
42.837583142521,0.0,0.0,1.0,1.0,0.0,1.0,1.0,0.0,0.0,1.0
55.035279888614646,0.0,0.0,0.0,1.0,0.0,1.0,0.0,0.0,1.0,1.0
7.361050498659547,0.0,0.0,0.0,1.0,0.0,0.0,1.0,0.0,1.0,0.0
67.43344537487128,0.0,0.0,0.0,1.0,0.0,1.0,1.0,1.0,0.0,0.0
60.30885412015039,0.0,1.0,1.0,0.0,1.0,0.0,0.0,0.0,0.0,0.0
7.67573706606075,1.0,1.0,1.0,0.0,0.0,0.0,1.0,1.0,1.0,0.0
15.567031361432507,0.0,0.0,1.0,1.0,0.0,1.0,0.0,1.0,1.0,0.0
39.544101901931654,0.0,0.0,0.0,1.0,0.0,0.0,0.0,1.0,0.0,0.0
56.242235728704145,0.0,1.0,0.0,1.0,0.0,0.0,0.0,1.0,1.0,0.0
53.18559330535765,0.0,1.0,0.0,0.0,0.0,0.0,1.0,1.0,0.0,0.0
16.36470447802592,1.0,1.0,1.0,1.0,0.0,0.0,1.0,1.0,0.0,1.0
30.234572030770376,0.0,0.0,0.0,1.0,0.0,0.0,1.0,0.0,1.0,1.0
20.426339574725255,0.0,1.0,0.0,1.0,1.0,1.0,1.0,0.0,0.0,1.0
3.460150205723866,1.0,0.0,1.0,0.0,1.0,0.0,0.0,1.0,1.0,1.0
53.6423888861582,1.0,0.0,0.0,0.0,0.0,0.0,0.0,0.0,0.0,1.0
32.66167165640335,0.0,0.0,0.0,0.0,1.0,0.0,1.0,0.0,0.0,1.0
16.489762798394636,1.0,0.0,0.0,0.0,1.0,1.0,1.0,1.0,1.0,0.0
64.01973286763157,1.0,0.0,1.0,1.0,0.0,0.0,1.0,1.0,0.0,1.0
41.1163618578944,1.0,1.0,1.0,0.0,1.0,1.0,1.0,1.0,1.0,1.0
16.573846818076863,1.0,1.0,1.0,1.0,0.0,1.0,1.0,0.0,0.0,0.0
36.77308366234973,1.0,1.0,1.0,0.0,1.0,0.0,0.0,0.0,1.0,1.0
19.07397045020242,1.0,0.0,0.0,1.0,1.0,0.0,0.0,0.0,1.0,1.0
9.708123657968414,1.0,0.0,0.0,1.0,0.0,1.0,0.0,1.0,0.0,1.0
39.129100001019985,1.0,1.0,0.0,0.0,1.0,1.0,1.0,1.0,1.0,1.0
65.0918823581831,1.0,1.0,0.0,1.0,1.0,1.0,1.0,0.0,1.0,0.0
21.58589581765521,0.0,0.0,0.0,0.0,1.0,1.0,0.0,0.0,1.0,1.0
48.28915884860607,0.0,0.0,0.0,0.0,0.0,0.0,0.0,1.0,1.0,1.0
57.20510932204906,1.0,0.0,1.0,1.0,0.0,0.0,0.0,1.0,0.0,1.0
8.884963971017747,1.0,0.0,1.0,1.0,0.0,1.0,1.0,0.0,0.0,1.0
23.44783012186787,1.0,0.0,0.0,0.0,1.0,0.0,1.0,0.0,1.0,0.0
17.59346742680292,0.0,0.0,1.0,1.0,0.0,1.0,0.0,1.0,1.0,0.0
1.0818331649546362,1.0,0.0,1.0,1.0,0.0,1.0,0.0,0.0,1.0,0.0
27.433806981886153,1.0,1.0,1.0,0.0,1.0,1.0,1.0,0.0,0.0,0.0
9.963692974863932,0.0,0.0,0.0,0.0,1.0,1.0,0.0,1.0,1.0,0.0
53.900269621335,0.0,1.0,0.0,1.0,0.0,0.0,1.0,1.0,0.0,0.0
66.34266093434167,1.0,1.0,1.0,0.0,1.0,0.0,1.0,0.0,0.0,0.0
14.756204915856888,0.0,0.0,0.0,0.0,1.0,0.0,1.0,0.0,0.0,0.0
6.987078793134335,0.0,0.0,0.0,1.0,0.0,0.0,1.0,0.0,1.0,0.0
4.031833191121848,1.0,1.0,1.0,1.0,1.0,1.0,0.0,1.0,0.0,0.0
22.753740335850825,1.0,1.0,1.0,0.0,1.0,0.0,1.0,0.0,0.0,1.0
14.31046036560277,1.0,1.0,0.0,1.0,1.0,0.0,1.0,1.0,0.0,1.0
41.145212878406284,1.0,1.0,1.0,1.0,0.0,0.0,1.0,0.0,1.0,0.0
13.453857411059456,1.0,0.0,1.0,1.0,1.0,1.0,0.0,0.0,0.0,0.0
40.55702571698423,1.0,1.0,0.0,0.0,1.0,0.0,0.0,0.0,0.0,1.0
65.19876385099015,1.0,1.0,1.0,0.0,1.0,1.0,0.0,1.0,0.0,0.0
29.17154457016692,0.0,0.0,1.0,1.0,0.0,1.0,0.0,1.0,1.0,0.0
28.018960447326137,0.0,0.0,0.0,0.0,0.0,0.0,0.0,1.0,0.0,1.0
24.7950102658737,1.0,0.0,0.0,0.0,1.0,0.0,0.0,0.0,1.0,1.0
22.04496200828805,1.0,1.0,1.0,0.0,1.0,0.0,1.0,0.0,0.0,1.0
5.223874526745038,1.0,0.0,0.0,1.0,0.0,0.0,0.0,1.0,1.0,1.0
18.01765726612629,1.0,0.0,0.0,0.0,1.0,1.0,1.0,1.0,0.0,0.0
49.36983363426885,0.0,0.0,0.0,0.0,0.0,0.0,0.0,1.0,1.0,1.0
18.214503460708872,1.0,1.0,1.0,1.0,0.0,0.0,1.0,1.0,0.0,1.0
36.11863072150163,1.0,0.0,0.0,0.0,0.0,1.0,0.0,1.0,1.0,1.0
7.2844507526520434,0.0,1.0,0.0,0.0,0.0,0.0,1.0,0.0,1.0,1.0
64.5106697319997,1.0,0.0,0.0,0.0,0.0,1.0,1.0,0.0,1.0,0.0
29.7691002983849,1.0,0.0,1.0,1.0,0.0,1.0,1.0,1.0,1.0,0.0
55.9819157832798,1.0,0.0,1.0,1.0,0.0,0.0,0.0,1.0,0.0,1.0
50.44016613178409,1.0,1.0,0.0,0.0,0.0,0.0,1.0,1.0,0.0,0.0
40.96009877458425,0.0,1.0,1.0,0.0,0.0,1.0,0.0,1.0,0.0,1.0
6.278576187021418,0.0,1.0,1.0,1.0,0.0,1.0,1.0,1.0,1.0,0.0
61.208297988652745,0.0,1.0,0.0,0.0,0.0,1.0,1.0,1.0,1.0,0.0
65.07361454046665,1.0,1.0,0.0,0.0,1.0,1.0,0.0,1.0,0.0,0.0
27.372079502317273,0.0,0.0,0.0,0.0,0.0,0.0,0.0,1.0,1.0,1.0
30.80326148855214,1.0,1.0,1.0,0.0,0.0,1.0,0.0,1.0,0.0,1.0
30.83048386896703,0.0,0.0,0.0,0.0,0.0,1.0,0.0,0.0,1.0,1.0
30.183795929374426,1.0,1.0,1.0,0.0,1.0,0.0,0.0,1.0,1.0,0.0
28.48014649261128,0.0,0.0,0.0,1.0,0.0,1.0,0.0,0.0,1.0,1.0
37.464863857733114,0.0,0.0,0.0,0.0,0.0,0.0,1.0,1.0,1.0,1.0
19.794650747482038,1.0,1.0,0.0,1.0,1.0,0.0,1.0,1.0,0.0,1.0
40.063853678822476,1.0,1.0,0.0,1.0,0.0,1.0,1.0,0.0,1.0,1.0
68.45083509031949,0.0,0.0,0.0,1.0,0.0,1.0,1.0,0.0,0.0,0.0
52.059382934049644,1.0,1.0,1.0,1.0,0.0,1.0,0.0,0.0,1.0,1.0
9.510958539860846,0.0,1.0,1.0,0.0,1.0,1.0,1.0,1.0,1.0,0.0
19.654301044522256,0.0,1.0,0.0,0.0,0.0,1.0,1.0,0.0,0.0,1.0
26.250481959278808,0.0,0.0,1.0,1.0,1.0,0.0,0.0,0.0,0.0,0.0
51.305936076634985,0.0,0.0,0.0,1.0,1.0,1.0,1.0,1.0,0.0,1.0
61.06983889078478,1.0,0.0,1.0,0.0,0.0,0.0,1.0,0.0,1.0,1.0
65.98104761939982,1.0,0.0,1.0,1.0,0.0,0.0,1.0,1.0,0.0,1.0
62.13209440983879,0.0,1.0,1.0,1.0,0.0,0.0,1.0,1.0,0.0,0.0
26.851246046663483,1.0,1.0,1.0,1.0,0.0,1.0,1.0,1.0,1.0,0.0
25.837374948536844,0.0,1.0,0.0,0.0,0.0,1.0,0.0,0.0,0.0,1.0
6.400563520680961,0.0,0.0,0.0,0.0,0.0,1.0,0.0,0.0,1.0,0.0
27.108041192975904,1.0,1.0,1.0,1.0,0.0,1.0,0.0,0.0,1.0,1.0
54.975907051398764,1.0,0.0,1.0,1.0,0.0,1.0,0.0,0.0,0.0,1.0
50.69918833592098,0.0,1.0,0.0,0.0,0.0,1.0,0.0,1.0,0.0,0.0
8.768880599666012,0.0,0.0,0.0,1.0,0.0,0.0,1.0,0.0,1.0,0.0
44.80249575947628,1.0,1.0,0.0,0.0,1.0,1.0,1.0,1.0,1.0,1.0
42.2633681979565,0.0,1.0,0.0,0.0,0.0,0.0,1.0,0.0,0.0,0.0
63.12235711246459,0.0,0.0,0.0,1.0,0.0,1.0,0.0,0.0,1.0,1.0
62.38187252561176,0.0,0.0,1.0,1.0,1.0,1.0,0.0,1.0,1.0,1.0
43.14594132469393,1.0,1.0,0.0,1.0,0.0,1.0,1.0,0.0,1.0,1.0
62.36157940683805,1.0,0.0,0.0,0.0,0.0,1.0,0.0,0.0,0.0,1.0
68.02571858364787,0.0,0.0,0.0,0.0,0.0,0.0,0.0,0.0,1.0,1.0
34.806182926355255,0.0,0.0,0.0,1.0,1.0,1.0,0.0,0.0,1.0,1.0
58.9817706111904,1.0,0.0,0.0,0.0,0.0,1.0,0.0,0.0,0.0,1.0
19.74344643239619,1.0,0.0,1.0,1.0,0.0,1.0,1.0,1.0,1.0,0.0
20.56440458258219,0.0,1.0,0.0,0.0,0.0,1.0,0.0,1.0,0.0,1.0
26.586721278988666,1.0,1.0,1.0,1.0,0.0,0.0,0.0,0.0,1.0,1.0
57.62270979963204,0.0,0.0,1.0,0.0,1.0,1.0,0.0,1.0,1.0,0.0
53.88631137441749,1.0,0.0,0.0,1.0,1.0,0.0,1.0,0.0,0.0,1.0
3.8793692488275404,1.0,0.0,0.0,1.0,0.0,0.0,1.0,0.0,0.0,0.0
47.99271169664727,1.0,1.0,0.0,1.0,1.0,0.0,1.0,0.0,1.0,1.0
6.910520162456423,0.0,0.0,1.0,1.0,1.0,1.0,1.0,1.0,0.0,0.0
24.24388210118124,1.0,0.0,1.0,1.0,0.0,1.0,1.0,1.0,1.0,0.0
55.217213821588665,0.0,1.0,0.0,1.0,0.0,0.0,1.0,0.0,1.0,1.0
51.35614538611999,0.0,0.0,0.0,0.0,0.0,1.0,0.0,1.0,0.0,1.0
68.01376673132995,1.0,0.0,1.0,0.0,0.0,0.0,0.0,1.0,0.0,0.0
57.90855339495181,1.0,1.0,0.0,0.0,1.0,0.0,1.0,0.0,1.0,0.0
50.02898204115929,0.0,1.0,0.0,0.0,1.0,0.0,0.0,1.0,0.0,1.0
61.522933172289115,0.0,0.0,1.0,1.0,0.0,1.0,0.0,1.0,0.0,0.0
44.2434588492784,1.0,1.0,0.0,0.0,1.0,0.0,0.0,1.0,0.0,1.0
8.878956336130923,1.0,1.0,1.0,1.0,1.0,1.0,1.0,1.0,1.0,0.0
47.6519972954036,1.0,0.0,0.0,0.0,1.0,1.0,1.0,1.0,0.0,0.0
6.382588080519689,0.0,0.0,0.0,1.0,0.0,0.0,1.0,0.0,1.0,0.0
54.9661486601184,1.0,1.0,1.0,0.0,1.0,1.0,1.0,1.0,0.0,0.0
11.03024260220951,1.0,0.0,1.0,1.0,1.0,1.0,1.0,0.0,0.0,1.0
8.672522879772039,1.0,0.0,1.0,0.0,0.0,1.0,0.0,0.0,1.0,0.0
67.65204354752026,1.0,0.0,1.0,1.0,1.0,1.0,1.0,1.0,1.0,0.0
64.43098972001998,0.0,0.0,0.0,0.0,0.0,0.0,0.0,0.0,1.0,1.0
18.58725369372233,1.0,1.0,1.0,0.0,1.0,0.0,0.0,1.0,1.0,0.0
15.129694845871118,0.0,0.0,0.0,0.0,1.0,0.0,1.0,0.0,0.0,0.0
64.57830434435267,0.0,1.0,0.0,0.0,1.0,0.0,1.0,0.0,0.0,0.0
14.054615348653584,0.0,0.0,0.0,0.0,0.0,0.0,0.0,1.0,0.0,1.0
47.123619300786636,1.0,0.0,0.0,1.0,1.0,1.0,1.0,0.0,1.0,0.0
58.027836525516705,0.0,0.0,1.0,0.0,1.0,0.0,0.0,0.0,1.0,0.0
20.984772789372645,1.0,1.0,1.0,1.0,1.0,1.0,0.0,1.0,0.0,0.0
41.33517166137594,1.0,0.0,0.0,1.0,0.0,1.0,0.0,0.0,1.0,0.0
19.84525991693838,0.0,0.0,0.0,0.0,1.0,1.0,0.0,0.0,1.0,1.0
60.32257008938237,0.0,0.0,1.0,1.0,0.0,1.0,0.0,1.0,0.0,0.0
7.172028209091026,0.0,0.0,0.0,0.0,0.0,0.0,0.0,0.0,0.0,1.0
61.76632130291658,1.0,1.0,1.0,1.0,1.0,1.0,0.0,1.0,1.0,1.0
62.36454533879532,1.0,0.0,1.0,0.0,0.0,0.0,1.0,0.0,1.0,1.0
25.859859711712428,1.0,1.0,0.0,1.0,0.0,1.0,0.0,1.0,0.0,0.0
2.2997838765884,1.0,1.0,1.0,1.0,0.0,0.0,1.0,1.0,1.0,1.0
24.182922379548252,1.0,0.0,1.0,1.0,1.0,0.0,0.0,1.0,1.0,0.0
9.3489343885221,0.0,1.0,0.0,0.0,1.0,1.0,0.0,1.0,1.0,1.0
15.76071443978567,0.0,1.0,0.0,1.0,1.0,1.0,1.0,0.0,0.0,1.0
60.27900231127224,0.0,0.0,1.0,0.0,1.0,1.0,0.0,1.0,1.0,0.0
23.71517056095355,1.0,1.0,0.0,0.0,1.0,0.0,0.0,0.0,1.0,0.0
2.068056486026098,1.0,0.0,0.0,1.0,1.0,0.0,0.0,1.0,0.0,1.0
3.7144755495094905,0.0,1.0,1.0,0.0,0.0,1.0,0.0,1.0,0.0,1.0
20.105931254072313,0.0,1.0,0.0,0.0,1.0,1.0,0.0,0.0,0.0,1.0
59.14986975872726,1.0,0.0,0.0,0.0,0.0,0.0,0.0,1.0,0.0,0.0
45.93497763108584,0.0,1.0,0.0,0.0,1.0,0.0,1.0,1.0,1.0,0.0
40.33103497416749,1.0,0.0,0.0,0.0,1.0,0.0,0.0,1.0,0.0,1.0
61.836585242277806,0.0,0.0,0.0,1.0,0.0,0.0,1.0,0.0,0.0,1.0
11.778597290715187,1.0,1.0,1.0,1.0,1.0,1.0,1.0,1.0,0.0,0.0
5.953468961488943,1.0,1.0,0.0,0.0,1.0,1.0,1.0,1.0,1.0,0.0
39.34597261231384,1.0,1.0,0.0,0.0,1.0,1.0,1.0,1.0,1.0,1.0
64.9752321731848,1.0,1.0,0.0,1.0,1.0,1.0,1.0,0.0,0.0,0.0
35.17756006308827,1.0,0.0,1.0,0.0,1.0,0.0,1.0,1.0,0.0,1.0
64.45580654112564,1.0,0.0,1.0,0.0,1.0,1.0,1.0,1.0,0.0,1.0
38.82153684290077,1.0,0.0,1.0,0.0,0.0,0.0,1.0,1.0,1.0,0.0
25.713962135955164,0.0,0.0,0.0,0.0,1.0,0.0,0.0,0.0,1.0,1.0
34.21396328104945,0.0,1.0,1.0,0.0,0.0,1.0,0.0,1.0,1.0,1.0
54.665376902020554,1.0,1.0,1.0,1.0,0.0,1.0,0.0,0.0,1.0,1.0
65.6767531168682,0.0,0.0,0.0,0.0,1.0,0.0,0.0,1.0,0.0,1.0
64.5404931872343,1.0,1.0,1.0,1.0,1.0,1.0,0.0,1.0,1.0,1.0
28.111812224179324,0.0,1.0,1.0,0.0,1.0,1.0,0.0,0.0,1.0,1.0
45.11209507133529,1.0,1.0,1.0,0.0,0.0,0.0,0.0,0.0,1.0,0.0
19.83669117798321,1.0,1.0,1.0,1.0,1.0,0.0,1.0,0.0,0.0,0.0
9.677847922652143,1.0,1.0,1.0,1.0,0.0,1.0,1.0,0.0,0.0,0.0
60.493932351443945,0.0,0.0,1.0,0.0,1.0,1.0,0.0,1.0,1.0,0.0
28.936341331449178,1.0,1.0,1.0,0.0,1.0,0.0,0.0,1.0,1.0,0.0
13.859995936724268,1.0,1.0,0.0,0.0,1.0,0.0,0.0,0.0,1.0,0.0
40.17543195026982,1.0,0.0,0.0,1.0,0.0,1.0,0.0,0.0,1.0,0.0
62.63027973394642,1.0,0.0,0.0,1.0,1.0,0.0,1.0,0.0,0.0,0.0
18.06794974339505,1.0,0.0,0.0,0.0,0.0,0.0,0.0,0.0,1.0,0.0
54.300893812424945,0.0,1.0,0.0,1.0,0.0,0.0,0.0,1.0,1.0,0.0
60.114717712433645,0.0,0.0,0.0,1.0,1.0,1.0,0.0,1.0,1.0,1.0
58.19445625101679,0.0,0.0,1.0,1.0,0.0,1.0,0.0,0.0,0.0,0.0
69.64311445135777,1.0,1.0,1.0,0.0,0.0,0.0,0.0,1.0,0.0,0.0
11.930188108140435,1.0,0.0,0.0,0.0,1.0,1.0,1.0,1.0,1.0,0.0
19.2162841719535,1.0,0.0,0.0,0.0,1.0,0.0,1.0,1.0,1.0,0.0
54.65432203723573,1.0,1.0,0.0,1.0,0.0,1.0,0.0,1.0,1.0,1.0
62.09170606759087,0.0,0.0,1.0,0.0,1.0,0.0,1.0,0.0,1.0,0.0
56.2667959705359,0.0,0.0,0.0,0.0,0.0,0.0,1.0,1.0,0.0,0.0
53.75889489491722,1.0,0.0,0.0,0.0,1.0,0.0,0.0,0.0,1.0,1.0
29.09544071073342,1.0,0.0,0.0,1.0,0.0,0.0,0.0,0.0,0.0,0.0
41.206825055339785,0.0,0.0,1.0,1.0,0.0,0.0,1.0,0.0,0.0,1.0
54.56553879262479,1.0,1.0,1.0,1.0,0.0,1.0,0.0,0.0,1.0,1.0
66.59527239955717,0.0,0.0,1.0,1.0,1.0,0.0,1.0,0.0,1.0,0.0
58.366708076066665,0.0,0.0,0.0,1.0,1.0,1.0,0.0,1.0,1.0,1.0
32.47692878670507,0.0,1.0,1.0,1.0,0.0,1.0,1.0,0.0,0.0,1.0
55.40887901645433,0.0,0.0,1.0,0.0,1.0,1.0,0.0,1.0,1.0,0.0
8.645351015890707,0.0,0.0,1.0,0.0,1.0,1.0,1.0,1.0,0.0,1.0
66.98388887201331,0.0,0.0,0.0,0.0,1.0,0.0,0.0,1.0,0.0,1.0
36.85768422697594,1.0,1.0,0.0,1.0,1.0,0.0,0.0,1.0,1.0,1.0
46.111857711718464,0.0,0.0,0.0,1.0,0.0,0.0,0.0,1.0,0.0,0.0
30.266083150284953,0.0,0.0,0.0,0.0,0.0,0.0,0.0,1.0,1.0,1.0
40.99275264925378,1.0,1.0,0.0,1.0,1.0,0.0,1.0,1.0,0.0,1.0
14.689342115005655,0.0,0.0,1.0,0.0,1.0,1.0,0.0,1.0,1.0,1.0
64.24171790899513,1.0,1.0,1.0,0.0,0.0,0.0,0.0,0.0,0.0,0.0
29.729757913816943,0.0,1.0,0.0,0.0,1.0,1.0,0.0,0.0,1.0,1.0
16.097175195528006,0.0,1.0,0.0,0.0,0.0,0.0,1.0,1.0,0.0,1.0
41.36075576955085,0.0,1.0,1.0,0.0,0.0,0.0,1.0,0.0,1.0,0.0
53.55597413435769,0.0,1.0,0.0,1.0,1.0,0.0,1.0,0.0,1.0,0.0
46.30546755660872,1.0,1.0,1.0,1.0,0.0,1.0,0.0,0.0,1.0,0.0
42.20522865712934,1.0,0.0,0.0,0.0,1.0,1.0,0.0,0.0,0.0,1.0
14.306159551094266,1.0,1.0,0.0,1.0,1.0,0.0,1.0,1.0,0.0,1.0
55.468295488782715,1.0,0.0,1.0,1.0,0.0,1.0,0.0,0.0,0.0,1.0
19.287605528731397,0.0,1.0,0.0,1.0,1.0,1.0,1.0,0.0,0.0,1.0
12.685373417320719,1.0,1.0,1.0,1.0,0.0,1.0,0.0,0.0,0.0,1.0
11.536813721284545,0.0,1.0,0.0,0.0,1.0,1.0,0.0,1.0,1.0,0.0
7.214980539550099,0.0,0.0,0.0,1.0,0.0,1.0,1.0,1.0,1.0,0.0
63.5933730295705,1.0,0.0,1.0,1.0,1.0,1.0,1.0,1.0,0.0,0.0
19.720861732873253,0.0,1.0,0.0,0.0,0.0,1.0,0.0,0.0,0.0,1.0
47.84011082906771,1.0,1.0,0.0,0.0,1.0,0.0,0.0,1.0,0.0,1.0
38.30230870113995,0.0,1.0,1.0,0.0,0.0,1.0,0.0,1.0,1.0,1.0
46.10924768591258,1.0,1.0,0.0,0.0,1.0,0.0,0.0,1.0,0.0,1.0
10.64448150203815,0.0,0.0,0.0,0.0,0.0,0.0,0.0,0.0,1.0,0.0
60.101116727376635,1.0,1.0,1.0,1.0,1.0,1.0,0.0,1.0,1.0,1.0
19.197941827383637,1.0,1.0,0.0,0.0,1.0,0.0,0.0,0.0,1.0,0.0
66.57205266846881,0.0,0.0,0.0,0.0,0.0,0.0,0.0,0.0,1.0,1.0
54.92633240718028,1.0,0.0,0.0,0.0,0.0,0.0,0.0,0.0,1.0,0.0
42.47506133569885,1.0,1.0,0.0,0.0,0.0,0.0,1.0,0.0,0.0,0.0
29.26321386504639,0.0,0.0,0.0,1.0,1.0,1.0,0.0,0.0,1.0,1.0
29.981756523070533,1.0,1.0,1.0,0.0,1.0,0.0,1.0,0.0,0.0,0.0
16.385794891897156,0.0,1.0,0.0,0.0,1.0,1.0,0.0,0.0,0.0,1.0
44.94115671069845,1.0,0.0,1.0,0.0,1.0,1.0,0.0,1.0,0.0,0.0
64.44330263757816,1.0,1.0,1.0,0.0,1.0,0.0,1.0,1.0,1.0,0.0
29.650157165170743,1.0,1.0,0.0,0.0,0.0,1.0,1.0,1.0,0.0,1.0
60.20035848177395,1.0,0.0,1.0,1.0,0.0,1.0,1.0,0.0,0.0,1.0
17.202881907232747,1.0,0.0,0.0,0.0,1.0,0.0,0.0,0.0,0.0,0.0
57.73351313420674,1.0,1.0,0.0,0.0,0.0,0.0,1.0,1.0,0.0,0.0
47.97198691090671,0.0,0.0,0.0,0.0,0.0,1.0,0.0,1.0,0.0,0.0
2.8464585800496236,0.0,1.0,0.0,0.0,1.0,0.0,1.0,1.0,0.0,1.0
56.38137530949409,1.0,0.0,1.0,1.0,0.0,1.0,0.0,0.0,0.0,1.0
36.94260336657818,0.0,1.0,1.0,0.0,0.0,1.0,0.0,1.0,1.0,1.0
62.53651564184273,1.0,0.0,0.0,1.0,1.0,1.0,0.0,1.0,0.0,1.0
45.31266730081543,1.0,1.0,0.0,0.0,1.0,0.0,0.0,1.0,0.0,1.0
54.64991244881413,0.0,0.0,0.0,0.0,0.0,1.0,1.0,1.0,0.0,1.0
55.790282852144806,0.0,1.0,0.0,1.0,0.0,0.0,1.0,1.0,0.0,0.0
42.49428916822368,1.0,0.0,1.0,1.0,0.0,0.0,0.0,1.0,1.0,1.0
14.93380398721111,1.0,1.0,1.0,0.0,1.0,0.0,0.0,0.0,1.0,0.0
9.737439942965281,1.0,1.0,0.0,0.0,0.0,0.0,0.0,1.0,0.0,1.0
34.76426065222022,1.0,0.0,0.0,0.0,1.0,0.0,1.0,0.0,0.0,0.0
6.93431450946386,1.0,1.0,1.0,1.0,0.0,1.0,0.0,1.0,0.0,0.0
69.68671691502644,1.0,0.0,0.0,1.0,0.0,0.0,1.0,1.0,1.0,0.0
51.57813159377899,1.0,1.0,1.0,0.0,1.0,1.0,0.0,0.0,0.0,0.0
70.38950310195729,0.0,0.0,1.0,1.0,1.0,1.0,0.0,0.0,1.0,0.0
24.586969887188133,0.0,0.0,1.0,0.0,1.0,1.0,1.0,0.0,0.0,0.0
38.93658235992891,1.0,1.0,1.0,0.0,1.0,1.0,0.0,0.0,0.0,1.0
63.7179086915067,1.0,0.0,1.0,0.0,1.0,1.0,1.0,1.0,0.0,0.0
34.21429919404042,1.0,1.0,0.0,1.0,0.0,1.0,1.0,1.0,0.0,0.0
57.563658426239336,1.0,1.0,0.0,1.0,0.0,0.0,0.0,1.0,1.0,1.0
29.91436499404712,1.0,1.0,0.0,0.0,0.0,1.0,1.0,1.0,0.0,1.0
6.510474912586098,1.0,1.0,0.0,0.0,0.0,0.0,0.0,1.0,1.0,1.0
6.876879692732988,0.0,1.0,0.0,1.0,0.0,0.0,1.0,1.0,1.0,1.0
29.817196455838026,1.0,0.0,0.0,0.0,1.0,0.0,1.0,0.0,1.0,0.0
36.14119674189519,1.0,0.0,1.0,0.0,0.0,0.0,1.0,1.0,1.0,0.0
5.209434893078178,0.0,0.0,0.0,0.0,1.0,0.0,0.0,1.0,0.0,1.0
19.285238345944755,0.0,1.0,0.0,0.0,0.0,1.0,0.0,0.0,0.0,1.0
4.888491704297785,0.0,1.0,0.0,0.0,0.0,1.0,0.0,1.0,0.0,0.0
7.435547609185402,1.0,1.0,0.0,1.0,0.0,0.0,1.0,1.0,1.0,1.0
21.47684389402708,1.0,1.0,1.0,1.0,1.0,0.0,1.0,0.0,1.0,0.0
54.32672755146199,0.0,0.0,0.0,1.0,1.0,1.0,1.0,1.0,0.0,1.0
65.59582158414365,1.0,1.0,0.0,1.0,1.0,0.0,1.0,0.0,1.0,0.0
18.087383789277602,1.0,0.0,1.0,0.0,0.0,0.0,1.0,0.0,0.0,1.0
63.03381697183473,1.0,1.0,1.0,0.0,1.0,1.0,1.0,1.0,0.0,0.0
17.665159503609296,1.0,0.0,0.0,0.0,1.0,1.0,1.0,1.0,1.0,0.0
54.99680944771975,0.0,1.0,0.0,1.0,0.0,0.0,1.0,0.0,0.0,0.0
7.803537061567634,1.0,1.0,0.0,0.0,0.0,1.0,0.0,1.0,0.0,1.0
45.29360891188795,0.0,1.0,1.0,1.0,0.0,0.0,0.0,0.0,1.0,1.0
18.602993150606718,0.0,0.0,0.0,0.0,0.0,0.0,0.0,1.0,0.0,1.0
37.11878179806253,1.0,0.0,0.0,1.0,0.0,1.0,0.0,0.0,1.0,0.0
35.28438667932827,0.0,0.0,1.0,1.0,1.0,0.0,0.0,1.0,0.0,0.0
21.620113166015255,0.0,1.0,1.0,1.0,0.0,0.0,0.0,0.0,1.0,0.0
68.7346967423814,1.0,1.0,1.0,1.0,1.0,0.0,1.0,0.0,0.0,0.0
46.90195297845067,0.0,0.0,0.0,0.0,0.0,0.0,0.0,1.0,1.0,1.0
42.95306481125055,0.0,1.0,1.0,0.0,0.0,1.0,0.0,1.0,1.0,1.0
13.83720774352757,1.0,0.0,0.0,0.0,0.0,0.0,1.0,0.0,0.0,1.0
71.37150723899589,1.0,1.0,1.0,0.0,1.0,0.0,0.0,1.0,0.0,0.0
57.55268237344838,0.0,0.0,0.0,1.0,1.0,1.0,0.0,1.0,1.0,1.0
44.28674869698679,1.0,0.0,0.0,0.0,0.0,0.0,0.0,1.0,1.0,1.0
56.1306855902001,1.0,0.0,1.0,1.0,0.0,0.0,1.0,0.0,0.0,0.0
34.86342807656665,0.0,0.0,1.0,0.0,1.0,0.0,1.0,1.0,1.0,1.0
61.015233669047475,0.0,1.0,0.0,0.0,1.0,1.0,1.0,0.0,1.0,0.0
3.2547144907097763,1.0,1.0,0.0,1.0,0.0,0.0,1.0,0.0,1.0,1.0
32.08516118157537,0.0,1.0,1.0,1.0,0.0,0.0,1.0,1.0,1.0,0.0
58.81810597303806,1.0,1.0,1.0,1.0,1.0,0.0,0.0,1.0,1.0,1.0
43.14082604067404,1.0,1.0,1.0,0.0,1.0,1.0,0.0,0.0,0.0,1.0
29.636586995744235,1.0,1.0,1.0,0.0,0.0,1.0,0.0,0.0,0.0,1.0
53.14516706588215,0.0,1.0,0.0,0.0,0.0,0.0,1.0,1.0,0.0,0.0
12.282278703737182,1.0,1.0,0.0,1.0,1.0,1.0,1.0,1.0,0.0,1.0
7.111918452973768,1.0,0.0,1.0,0.0,1.0,1.0,1.0,1.0,0.0,1.0
49.08763430629506,0.0,1.0,0.0,1.0,0.0,0.0,1.0,0.0,0.0,0.0
17.2760873858496,1.0,1.0,0.0,0.0,1.0,0.0,0.0,0.0,1.0,0.0
60.80656660503786,1.0,0.0,0.0,1.0,1.0,0.0,1.0,0.0,0.0,0.0
39.52871538336737,1.0,0.0,0.0,0.0,1.0,0.0,0.0,1.0,0.0,1.0
6.560500882772337,1.0,1.0,0.0,0.0,1.0,0.0,1.0,1.0,1.0,0.0
43.83803214369477,1.0,1.0,1.0,1.0,0.0,1.0,0.0,0.0,1.0,0.0
63.60782951861231,0.0,0.0,0.0,0.0,0.0,1.0,0.0,0.0,1.0,1.0
4.469110589331004,1.0,1.0,0.0,1.0,1.0,0.0,1.0,1.0,1.0,1.0
59.62586224954377,0.0,1.0,0.0,0.0,1.0,0.0,1.0,0.0,0.0,0.0
67.21763556326879,1.0,0.0,1.0,1.0,1.0,1.0,1.0,1.0,0.0,0.0
37.93187619199727,1.0,1.0,1.0,0.0,1.0,1.0,0.0,0.0,0.0,1.0
10.969022704701079,0.0,1.0,1.0,0.0,0.0,0.0,0.0,1.0,1.0,1.0
38.467250907721564,0.0,1.0,0.0,1.0,1.0,1.0,0.0,0.0,0.0,1.0
19.880834624766894,1.0,0.0,0.0,0.0,1.0,0.0,0.0,0.0,1.0,1.0
51.7884708879125,0.0,0.0,0.0,0.0,0.0,1.0,0.0,1.0,0.0,0.0
54.65875250985338,0.0,1.0,0.0,0.0,0.0,0.0,0.0,0.0,0.0,0.0
67.6517450800268,0.0,1.0,1.0,1.0,1.0,0.0,0.0,0.0,1.0,0.0
1.9840210656655488,0.0,1.0,0.0,1.0,1.0,1.0,0.0,1.0,1.0,1.0
30.649344472796813,0.0,0.0,0.0,1.0,0.0,0.0,0.0,0.0,0.0,1.0
63.28086109956331,1.0,0.0,1.0,0.0,0.0,0.0,1.0,0.0,1.0,1.0
31.236368879783388,1.0,1.0,1.0,1.0,0.0,1.0,0.0,1.0,0.0,1.0
15.408069587316499,1.0,1.0,0.0,0.0,0.0,1.0,1.0,1.0,1.0,1.0
60.8901397304061,1.0,1.0,1.0,0.0,1.0,1.0,1.0,1.0,0.0,0.0
24.9957983388235,1.0,1.0,1.0,1.0,0.0,0.0,1.0,1.0,0.0,1.0
7.410866565853393,0.0,1.0,1.0,0.0,1.0,1.0,0.0,1.0,0.0,1.0
8.724198848817355,1.0,0.0,1.0,1.0,0.0,1.0,1.0,1.0,0.0,1.0
63.05428546122993,1.0,0.0,1.0,0.0,0.0,1.0,1.0,0.0,1.0,0.0
12.30079782322159,1.0,0.0,1.0,1.0,0.0,0.0,0.0,0.0,0.0,0.0
21.49852940660757,0.0,1.0,0.0,0.0,1.0,1.0,0.0,0.0,0.0,1.0
21.1874863878978,1.0,0.0,0.0,1.0,0.0,0.0,0.0,0.0,0.0,0.0
17.483263842869125,0.0,0.0,0.0,0.0,0.0,0.0,0.0,1.0,0.0,1.0
37.45703682456841,1.0,0.0,1.0,1.0,1.0,0.0,0.0,1.0,0.0,0.0
52.32879693264829,1.0,0.0,1.0,1.0,0.0,1.0,0.0,0.0,0.0,1.0
11.610580738219461,1.0,1.0,1.0,0.0,1.0,0.0,0.0,0.0,1.0,0.0
69.82822475546381,1.0,1.0,0.0,1.0,1.0,1.0,1.0,0.0,1.0,1.0
62.55270223593199,1.0,1.0,0.0,0.0,1.0,1.0,0.0,1.0,0.0,0.0
12.892028819754977,1.0,1.0,0.0,1.0,1.0,0.0,0.0,0.0,0.0,0.0
65.76113715373828,0.0,1.0,1.0,0.0,0.0,0.0,1.0,1.0,0.0,0.0
14.4523514431303,0.0,1.0,0.0,1.0,1.0,0.0,1.0,0.0,0.0,1.0
9.52521766093304,0.0,0.0,0.0,0.0,1.0,1.0,0.0,1.0,1.0,0.0
1.2512759080802178,1.0,1.0,0.0,1.0,0.0,1.0,1.0,1.0,1.0,1.0
62.57838246211378,0.0,1.0,0.0,0.0,1.0,0.0,1.0,0.0,0.0,0.0
49.12024566873205,1.0,0.0,1.0,0.0,1.0,1.0,1.0,1.0,0.0,0.0
62.58928463666651,1.0,0.0,0.0,1.0,0.0,1.0,1.0,0.0,0.0,0.0
64.5483183188495,0.0,0.0,0.0,1.0,0.0,0.0,1.0,1.0,1.0,0.0
17.744620730856678,1.0,0.0,0.0,0.0,0.0,0.0,0.0,0.0,0.0,0.0
68.98891666740096,1.0,0.0,1.0,1.0,0.0,1.0,1.0,0.0,0.0,0.0
24.89593729538554,0.0,0.0,1.0,1.0,0.0,1.0,0.0,0.0,0.0,0.0
68.8697298433507,1.0,0.0,1.0,0.0,1.0,1.0,1.0,1.0,0.0,1.0
29.66723451855384,0.0,1.0,1.0,1.0,1.0,1.0,0.0,0.0,0.0,1.0
69.24462321844582,0.0,0.0,1.0,1.0,1.0,0.0,0.0,0.0,1.0,0.0
61.96116889458517,0.0,1.0,0.0,1.0,1.0,1.0,1.0,0.0,1.0,0.0
35.17398238195429,0.0,0.0,0.0,0.0,0.0,0.0,0.0,1.0,1.0,1.0
40.55087796097402,1.0,0.0,0.0,0.0,0.0,1.0,1.0,0.0,0.0,1.0
6.677475218436568,1.0,0.0,0.0,0.0,0.0,0.0,1.0,0.0,1.0,1.0
13.802795921017669,1.0,1.0,0.0,1.0,1.0,0.0,1.0,1.0,0.0,1.0
34.40312543543,0.0,1.0,1.0,1.0,1.0,1.0,0.0,1.0,0.0,1.0
1.157476685118323,0.0,1.0,1.0,0.0,1.0,1.0,0.0,0.0,0.0,1.0
8.255070141431409,0.0,0.0,0.0,1.0,1.0,0.0,0.0,1.0,0.0,1.0
53.53567336021223,0.0,0.0,1.0,1.0,1.0,1.0,0.0,1.0,1.0,1.0
48.3289039970369,1.0,0.0,1.0,0.0,1.0,1.0,1.0,1.0,0.0,0.0
48.653162763569824,1.0,0.0,1.0,1.0,1.0,1.0,0.0,0.0,0.0,1.0
38.46687587479725,1.0,0.0,0.0,1.0,1.0,1.0,1.0,0.0,1.0,0.0
64.81060388105469,1.0,1.0,0.0,1.0,1.0,1.0,0.0,0.0,0.0,0.0
25.606141937438252,0.0,1.0,1.0,1.0,0.0,1.0,0.0,0.0,1.0,0.0
24.363435135793466,1.0,1.0,1.0,0.0,1.0,1.0,1.0,0.0,0.0,0.0
19.215695064401082,1.0,1.0,0.0,0.0,1.0,1.0,1.0,0.0,1.0,0.0
47.76697598581832,0.0,1.0,0.0,0.0,1.0,0.0,1.0,0.0,1.0,0.0
63.31134546631132,0.0,0.0,1.0,1.0,0.0,1.0,0.0,1.0,0.0,0.0
38.76888513874754,0.0,1.0,1.0,0.0,0.0,1.0,0.0,1.0,1.0,1.0
34.02347894707218,0.0,1.0,1.0,1.0,1.0,1.0,0.0,0.0,0.0,1.0
48.86170317822936,1.0,0.0,0.0,1.0,1.0,1.0,1.0,1.0,1.0,0.0
10.630368002085783,1.0,1.0,0.0,1.0,0.0,0.0,1.0,1.0,1.0,1.0
28.74899635272921,1.0,0.0,0.0,1.0,0.0,0.0,0.0,0.0,0.0,0.0
62.67308577860468,0.0,1.0,1.0,1.0,0.0,1.0,0.0,1.0,0.0,0.0
38.133076237551066,0.0,0.0,0.0,0.0,1.0,1.0,0.0,0.0,0.0,1.0
54.1450781959601,0.0,0.0,0.0,1.0,1.0,0.0,0.0,0.0,1.0,0.0
4.528692615213351,0.0,1.0,1.0,0.0,0.0,0.0,1.0,1.0,1.0,1.0
57.19653535216711,0.0,0.0,0.0,0.0,0.0,1.0,0.0,0.0,1.0,0.0
21.243185839673945,1.0,1.0,0.0,0.0,1.0,0.0,0.0,0.0,1.0,0.0
50.01205430538515,0.0,1.0,0.0,1.0,0.0,0.0,0.0,1.0,1.0,0.0
62.3174616471555,1.0,1.0,1.0,1.0,0.0,0.0,1.0,1.0,0.0,1.0
40.660878574589454,1.0,1.0,0.0,1.0,0.0,1.0,1.0,0.0,1.0,1.0
39.32420825755662,1.0,0.0,1.0,0.0,0.0,0.0,1.0,1.0,1.0,0.0
57.365573659644575,0.0,0.0,1.0,0.0,0.0,0.0,0.0,1.0,1.0,0.0
43.755144751668794,0.0,0.0,0.0,1.0,0.0,0.0,0.0,1.0,1.0,0.0
8.972599884814237,0.0,1.0,1.0,0.0,1.0,1.0,1.0,0.0,0.0,1.0
64.6558206698283,0.0,1.0,1.0,1.0,1.0,1.0,0.0,0.0,1.0,0.0
58.3205222132513,1.0,1.0,1.0,1.0,0.0,0.0,0.0,1.0,0.0,1.0
55.76188778705668,0.0,1.0,0.0,0.0,0.0,0.0,1.0,1.0,0.0,0.0
6.2046786386861665,0.0,1.0,1.0,1.0,1.0,1.0,1.0,0.0,0.0,0.0
40.373054731973724,1.0,1.0,0.0,0.0,1.0,0.0,0.0,1.0,0.0,1.0
17.095439852506516,0.0,0.0,0.0,0.0,1.0,0.0,1.0,0.0,0.0,0.0
50.48932124260557,0.0,0.0,0.0,1.0,0.0,0.0,0.0,1.0,1.0,0.0
4.698218479989382,0.0,1.0,0.0,0.0,0.0,0.0,1.0,1.0,1.0,1.0
65.58725778911338,1.0,0.0,0.0,1.0,0.0,0.0,0.0,0.0,0.0,0.0
40.81678994878993,0.0,0.0,0.0,0.0,1.0,1.0,0.0,0.0,0.0,1.0
45.57590268535167,1.0,0.0,1.0,1.0,0.0,1.0,1.0,0.0,1.0,1.0
56.658943477075454,0.0,0.0,0.0,1.0,0.0,1.0,1.0,0.0,0.0,0.0
61.758426449694504,1.0,1.0,0.0,1.0,1.0,1.0,1.0,0.0,1.0,1.0
61.16210359596713,1.0,1.0,0.0,1.0,0.0,0.0,0.0,1.0,1.0,1.0
3.863493713724906,0.0,1.0,1.0,0.0,1.0,1.0,0.0,0.0,0.0,1.0
58.64958467148322,1.0,1.0,1.0,0.0,1.0,1.0,1.0,1.0,0.0,0.0
25.501519902816845,0.0,0.0,0.0,1.0,0.0,1.0,0.0,0.0,1.0,1.0
19.040818008981066,1.0,1.0,0.0,1.0,0.0,1.0,0.0,0.0,1.0,1.0
53.30745817276545,0.0,1.0,0.0,1.0,0.0,0.0,1.0,0.0,0.0,0.0
11.314849468012381,1.0,1.0,0.0,0.0,1.0,1.0,1.0,0.0,1.0,0.0
54.613056347075236,0.0,0.0,0.0,0.0,0.0,1.0,0.0,1.0,0.0,0.0
5.447638369812896,1.0,1.0,1.0,1.0,0.0,1.0,0.0,0.0,0.0,0.0
69.02245747903,0.0,1.0,0.0,1.0,1.0,0.0,0.0,0.0,1.0,1.0
58.03667337366066,1.0,1.0,1.0,1.0,1.0,1.0,0.0,0.0,1.0,1.0
63.58646091290207,0.0,1.0,0.0,0.0,1.0,1.0,0.0,1.0,0.0,0.0
56.344237659591315,1.0,1.0,0.0,0.0,0.0,0.0,0.0,0.0,0.0,1.0
2.30429653851236,0.0,1.0,0.0,0.0,0.0,0.0,1.0,1.0,1.0,1.0
13.789880569102891,1.0,0.0,1.0,0.0,0.0,0.0,1.0,0.0,0.0,1.0
38.441234294439525,1.0,1.0,0.0,0.0,0.0,1.0,0.0,0.0,0.0,1.0
41.18588343179263,0.0,0.0,0.0,0.0,0.0,0.0,1.0,0.0,0.0,0.0
59.31580279728121,0.0,1.0,0.0,0.0,0.0,0.0,0.0,0.0,0.0,0.0
28.61768814287557,0.0,0.0,1.0,1.0,0.0,1.0,0.0,0.0,0.0,0.0
23.974561781053204,1.0,0.0,1.0,1.0,0.0,1.0,1.0,1.0,1.0,0.0
34.05319668328011,1.0,1.0,1.0,0.0,1.0,0.0,0.0,0.0,1.0,1.0
32.77766256118156,0.0,0.0,1.0,1.0,0.0,0.0,1.0,1.0,1.0,0.0
21.631423644757596,1.0,0.0,0.0,0.0,0.0,0.0,0.0,0.0,0.0,0.0
33.06055888134398,1.0,0.0,0.0,1.0,0.0,0.0,0.0,0.0,0.0,0.0
1.429980140960442,1.0,0.0,0.0,1.0,0.0,0.0,1.0,0.0,0.0,0.0
32.575675457510776,0.0,0.0,0.0,0.0,0.0,0.0,0.0,1.0,1.0,1.0
51.035553163240166,1.0,1.0,0.0,1.0,1.0,0.0,1.0,0.0,1.0,1.0
16.183421821056427,1.0,0.0,0.0,0.0,0.0,1.0,0.0,1.0,1.0,0.0
1.0,1.0,1.0,0.0,0.0,0.0,0.0,0.0,1.0,0.0,1.0
38.56821381768794,1.0,1.0,1.0,0.0,1.0,0.0,0.0,0.0,0.0,0.0
65.46327920195745,1.0,0.0,0.0,0.0,1.0,1.0,1.0,0.0,0.0,0.0
59.59826725668796,1.0,0.0,0.0,1.0,0.0,0.0,1.0,1.0,1.0,0.0
48.462114920896774,0.0,0.0,0.0,1.0,1.0,0.0,0.0,0.0,1.0,0.0
62.634116967855384,0.0,0.0,0.0,1.0,0.0,1.0,1.0,0.0,0.0,0.0
36.3832846729403,1.0,0.0,0.0,1.0,0.0,1.0,0.0,0.0,1.0,0.0
59.15790961025282,0.0,0.0,1.0,0.0,1.0,1.0,0.0,1.0,1.0,0.0
9.30225699474893,0.0,1.0,0.0,0.0,0.0,1.0,0.0,1.0,0.0,0.0
29.03621622851155,1.0,0.0,0.0,1.0,0.0,0.0,1.0,0.0,0.0,0.0
46.85620986517457,1.0,0.0,0.0,1.0,1.0,0.0,0.0,0.0,1.0,0.0
21.061492673390454,1.0,1.0,1.0,1.0,1.0,0.0,0.0,1.0,0.0,0.0
15.21059829583338,1.0,1.0,1.0,0.0,1.0,0.0,0.0,1.0,1.0,0.0
13.31062166912397,0.0,1.0,1.0,1.0,1.0,0.0,1.0,0.0,1.0,1.0
64.92369932901072,0.0,1.0,1.0,1.0,1.0,0.0,1.0,1.0,0.0,0.0
15.930389275771226,0.0,0.0,0.0,0.0,0.0,1.0,0.0,0.0,1.0,0.0
6.101407811224591,1.0,1.0,0.0,1.0,0.0,1.0,1.0,1.0,1.0,1.0
67.03972785036432,0.0,0.0,0.0,0.0,0.0,1.0,1.0,1.0,1.0,0.0
15.864491181708212,0.0,0.0,0.0,1.0,1.0,1.0,1.0,0.0,0.0,1.0
18.286569787803778,0.0,1.0,0.0,0.0,1.0,1.0,0.0,0.0,0.0,1.0
55.54099183260429,0.0,0.0,1.0,1.0,0.0,0.0,0.0,1.0,1.0,0.0
49.58334470100024,1.0,1.0,0.0,0.0,1.0,0.0,0.0,0.0,1.0,0.0
27.02335965402802,1.0,1.0,0.0,1.0,0.0,1.0,1.0,0.0,0.0,1.0
62.847177532690466,0.0,1.0,0.0,1.0,0.0,0.0,1.0,1.0,0.0,0.0
22.773060700164812,1.0,0.0,0.0,0.0,1.0,1.0,0.0,0.0,1.0,1.0
51.0879212615716,1.0,0.0,0.0,1.0,1.0,1.0,1.0,1.0,1.0,0.0
3.034836948792541,0.0,0.0,0.0,1.0,0.0,0.0,1.0,0.0,1.0,0.0
4.961117535347507,1.0,0.0,1.0,0.0,1.0,0.0,0.0,1.0,1.0,1.0
29.459170570089864,1.0,0.0,0.0,0.0,1.0,0.0,0.0,0.0,0.0,1.0
70.41291686797969,1.0,0.0,0.0,0.0,1.0,0.0,1.0,1.0,0.0,1.0
42.315063387509674,1.0,0.0,0.0,0.0,0.0,0.0,1.0,0.0,1.0,1.0
66.29325607099416,0.0,1.0,0.0,1.0,1.0,0.0,1.0,1.0,0.0,0.0
7.615723856121095,0.0,1.0,0.0,0.0,0.0,0.0,1.0,1.0,1.0,1.0
19.42897752643058,1.0,1.0,1.0,1.0,0.0,0.0,1.0,1.0,0.0,1.0
59.41777985212465,1.0,1.0,1.0,1.0,0.0,0.0,1.0,1.0,1.0,1.0
7.277608142998043,1.0,0.0,1.0,0.0,1.0,1.0,0.0,1.0,1.0,1.0
20.745969848106522,0.0,1.0,0.0,0.0,0.0,1.0,0.0,0.0,0.0,1.0
62.79404124098563,1.0,0.0,0.0,0.0,1.0,1.0,1.0,1.0,0.0,1.0
18.30832607200455,0.0,1.0,0.0,0.0,0.0,0.0,0.0,1.0,0.0,1.0
26.74264306756038,0.0,1.0,0.0,0.0,1.0,1.0,0.0,0.0,0.0,1.0
47.73460380140816,0.0,1.0,1.0,1.0,0.0,1.0,0.0,0.0,1.0,0.0
11.56466745195398,0.0,1.0,0.0,0.0,1.0,0.0,0.0,0.0,0.0,0.0
69.59441564328903,1.0,1.0,1.0,0.0,0.0,0.0,0.0,1.0,0.0,0.0
42.399394387299516,1.0,1.0,0.0,0.0,1.0,0.0,0.0,1.0,0.0,1.0
21.68700764284712,1.0,0.0,1.0,1.0,0.0,1.0,1.0,1.0,1.0,0.0
17.12784832844953,0.0,1.0,0.0,0.0,1.0,1.0,0.0,0.0,0.0,1.0
7.877982597327522,0.0,1.0,1.0,1.0,0.0,1.0,1.0,1.0,0.0,0.0
46.81789879685869,1.0,0.0,1.0,1.0,1.0,0.0,1.0,1.0,0.0,1.0
32.540680251376,0.0,1.0,1.0,0.0,1.0,1.0,0.0,0.0,0.0,1.0
40.82753461917784,1.0,0.0,0.0,0.0,0.0,1.0,0.0,0.0,1.0,1.0
56.952252968896175,1.0,0.0,1.0,1.0,0.0,1.0,0.0,0.0,1.0,1.0
62.721829080847776,0.0,0.0,1.0,1.0,0.0,1.0,0.0,1.0,0.0,0.0
19.7910408142183,0.0,1.0,0.0,0.0,0.0,1.0,0.0,0.0,0.0,1.0
59.98434409778827,0.0,0.0,1.0,1.0,0.0,1.0,0.0,1.0,1.0,0.0
16.552745182786477,1.0,0.0,1.0,0.0,1.0,0.0,0.0,0.0,0.0,0.0
65.84868553089501,1.0,1.0,0.0,1.0,1.0,1.0,1.0,0.0,1.0,0.0
9.746734594081413,0.0,1.0,0.0,1.0,1.0,1.0,0.0,1.0,1.0,1.0
29.748209469972732,1.0,0.0,0.0,1.0,0.0,0.0,0.0,0.0,0.0,0.0
23.863191438058152,0.0,1.0,0.0,0.0,0.0,0.0,1.0,1.0,0.0,1.0
66.08068118153145,1.0,0.0,1.0,0.0,1.0,1.0,0.0,0.0,0.0,0.0
46.89421529394684,0.0,1.0,1.0,0.0,1.0,0.0,0.0,0.0,0.0,0.0
48.463272254606835,1.0,0.0,1.0,1.0,1.0,0.0,1.0,0.0,1.0,1.0
66.06104317752278,0.0,0.0,1.0,1.0,0.0,1.0,0.0,1.0,0.0,0.0
17.739693250503088,0.0,1.0,1.0,0.0,1.0,0.0,1.0,1.0,1.0,1.0
57.76139487166448,1.0,0.0,0.0,0.0,1.0,0.0,0.0,0.0,1.0,1.0
66.60488824261726,1.0,0.0,1.0,0.0,0.0,0.0,1.0,1.0,1.0,0.0
9.371463292050224,1.0,0.0,0.0,0.0,0.0,0.0,1.0,0.0,0.0,1.0
40.00126032843526,1.0,1.0,0.0,0.0,1.0,0.0,0.0,0.0,0.0,1.0
38.61709970439804,1.0,1.0,1.0,0.0,1.0,0.0,1.0,0.0,1.0,1.0
15.768323770491728,1.0,1.0,0.0,1.0,1.0,0.0,1.0,1.0,0.0,1.0
14.235080030339503,1.0,1.0,0.0,1.0,1.0,0.0,0.0,0.0,0.0,0.0
67.43292596432548,1.0,0.0,1.0,0.0,1.0,0.0,1.0,1.0,0.0,1.0
33.58769148457796,1.0,1.0,0.0,0.0,1.0,0.0,0.0,1.0,0.0,1.0
70.78858921959582,1.0,1.0,1.0,0.0,1.0,0.0,1.0,1.0,0.0,0.0
60.44294397060228,0.0,0.0,0.0,1.0,1.0,0.0,0.0,1.0,1.0,1.0
24.42100598633577,1.0,0.0,1.0,1.0,0.0,1.0,1.0,1.0,1.0,0.0
39.17450107060711,1.0,1.0,1.0,0.0,1.0,0.0,0.0,1.0,0.0,1.0
1.0,1.0,1.0,0.0,1.0,0.0,1.0,1.0,1.0,1.0,1.0
57.53359496985133,1.0,1.0,1.0,1.0,1.0,1.0,0.0,1.0,1.0,1.0
34.7299162442421,1.0,1.0,0.0,1.0,0.0,1.0,1.0,1.0,0.0,0.0
72.17037174297973,1.0,1.0,1.0,0.0,1.0,0.0,1.0,0.0,0.0,0.0
18.601088550388162,1.0,0.0,0.0,0.0,1.0,0.0,1.0,1.0,1.0,0.0
53.86541964391325,1.0,0.0,1.0,1.0,1.0,0.0,1.0,1.0,0.0,1.0
25.48306887925566,1.0,0.0,1.0,1.0,0.0,1.0,0.0,1.0,0.0,0.0
21.55761613399516,0.0,0.0,0.0,0.0,1.0,1.0,0.0,0.0,1.0,1.0
19.711654176003652,1.0,1.0,1.0,0.0,0.0,0.0,1.0,1.0,0.0,1.0
7.5078115090763085,0.0,1.0,1.0,0.0,0.0,1.0,0.0,1.0,0.0,1.0
48.382527811237516,1.0,1.0,0.0,0.0,1.0,0.0,0.0,1.0,0.0,1.0
49.59196893744698,1.0,0.0,1.0,1.0,1.0,0.0,0.0,1.0,0.0,1.0
52.819340237475586,1.0,0.0,0.0,0.0,1.0,0.0,0.0,1.0,0.0,0.0
50.01770230280907,1.0,1.0,1.0,1.0,0.0,0.0,1.0,1.0,0.0,1.0
24.820290989838515,0.0,1.0,1.0,1.0,1.0,1.0,0.0,0.0,0.0,0.0
18.732293557533406,1.0,1.0,0.0,0.0,0.0,1.0,0.0,0.0,0.0,1.0
20.043419323263134,1.0,1.0,1.0,0.0,0.0,0.0,0.0,0.0,1.0,0.0
37.01413825069715,1.0,1.0,0.0,0.0,1.0,0.0,0.0,1.0,0.0,1.0
46.47676381218078,0.0,0.0,1.0,1.0,1.0,0.0,0.0,0.0,1.0,0.0
63.130737188725895,1.0,0.0,1.0,1.0,0.0,0.0,0.0,0.0,0.0,1.0
41.52307019919387,1.0,1.0,1.0,0.0,1.0,1.0,0.0,0.0,0.0,1.0
18.251503401788224,0.0,1.0,1.0,0.0,0.0,0.0,0.0,0.0,1.0,0.0
61.66682892572074,1.0,0.0,0.0,0.0,0.0,0.0,1.0,0.0,1.0,1.0
53.83828911975048,0.0,1.0,0.0,0.0,0.0,0.0,0.0,0.0,0.0,0.0
36.733460204088885,1.0,1.0,0.0,1.0,0.0,1.0,1.0,1.0,0.0,0.0
64.30196147076012,1.0,1.0,1.0,0.0,0.0,0.0,0.0,0.0,1.0,0.0
61.549293260570714,0.0,0.0,0.0,0.0,0.0,1.0,1.0,1.0,0.0,1.0
51.01186747477696,1.0,0.0,0.0,0.0,0.0,0.0,1.0,0.0,1.0,0.0
49.39274499127122,1.0,1.0,1.0,0.0,1.0,1.0,1.0,0.0,0.0,0.0
35.95984580812895,1.0,1.0,0.0,0.0,0.0,1.0,0.0,1.0,0.0,1.0
38.14536841720966,0.0,1.0,0.0,0.0,1.0,0.0,1.0,0.0,1.0,0.0
25.51567394011625,1.0,1.0,0.0,1.0,0.0,1.0,0.0,1.0,0.0,0.0
17.596780690900466,0.0,0.0,0.0,0.0,0.0,0.0,0.0,1.0,1.0,1.0
47.55156613853219,1.0,0.0,0.0,1.0,1.0,1.0,1.0,0.0,1.0,0.0
55.94610491424295,1.0,1.0,0.0,0.0,0.0,1.0,0.0,0.0,0.0,1.0
48.19434318330454,1.0,1.0,1.0,0.0,1.0,1.0,1.0,0.0,0.0,0.0
46.52906799597378,1.0,0.0,0.0,0.0,0.0,0.0,0.0,1.0,0.0,0.0
42.41674385147278,1.0,1.0,1.0,1.0,0.0,1.0,0.0,0.0,1.0,0.0
3.8167308475362343,1.0,0.0,1.0,0.0,1.0,0.0,0.0,1.0,1.0,1.0
6.753006699584614,1.0,1.0,0.0,0.0,0.0,0.0,0.0,1.0,0.0,1.0
30.85322324641563,1.0,1.0,1.0,0.0,1.0,1.0,1.0,0.0,0.0,0.0
21.445067367622094,0.0,1.0,1.0,0.0,0.0,0.0,0.0,0.0,1.0,0.0
39.054341539583646,1.0,0.0,1.0,0.0,1.0,0.0,0.0,1.0,0.0,1.0
36.37571807193723,1.0,1.0,1.0,1.0,1.0,1.0,0.0,1.0,0.0,1.0
4.349616456223263,1.0,1.0,1.0,1.0,0.0,1.0,0.0,1.0,0.0,0.0
41.57703417502917,1.0,1.0,1.0,0.0,1.0,0.0,0.0,0.0,0.0,1.0
44.19491965346101,1.0,1.0,0.0,0.0,1.0,1.0,1.0,0.0,1.0,1.0
60.37056893748678,1.0,0.0,1.0,0.0,1.0,0.0,1.0,1.0,0.0,0.0
52.24822573139542,0.0,0.0,0.0,0.0,0.0,1.0,0.0,0.0,0.0,1.0
58.28959733238895,0.0,1.0,0.0,0.0,0.0,0.0,0.0,0.0,0.0,0.0
4.075322385632522,0.0,0.0,0.0,0.0,0.0,1.0,1.0,0.0,0.0,0.0
10.029759725493097,0.0,1.0,1.0,1.0,1.0,0.0,0.0,0.0,0.0,1.0
18.020295120458826,1.0,1.0,1.0,1.0,1.0,0.0,0.0,0.0,0.0,0.0
48.27631876184412,0.0,1.0,0.0,1.0,0.0,0.0,1.0,0.0,0.0,0.0
48.69318825851151,0.0,1.0,0.0,0.0,1.0,0.0,0.0,1.0,1.0,0.0
23.65049363896493,1.0,1.0,1.0,0.0,1.0,1.0,1.0,0.0,0.0,0.0
16.548976469670894,1.0,1.0,1.0,1.0,0.0,0.0,1.0,1.0,0.0,1.0
32.4525136949813,1.0,0.0,1.0,0.0,1.0,0.0,1.0,0.0,0.0,1.0
67.33495984085052,1.0,0.0,1.0,0.0,0.0,0.0,0.0,1.0,0.0,0.0
35.14896989297963,0.0,1.0,1.0,1.0,1.0,1.0,0.0,0.0,0.0,1.0
42.098070971448564,1.0,1.0,1.0,0.0,0.0,0.0,0.0,0.0,1.0,0.0
58.218081917118745,1.0,0.0,1.0,1.0,0.0,0.0,0.0,1.0,1.0,1.0
16.37826940224925,1.0,1.0,0.0,1.0,1.0,1.0,0.0,0.0,0.0,0.0
53.96884548034791,1.0,1.0,1.0,1.0,1.0,1.0,0.0,1.0,1.0,1.0
47.47258756267689,1.0,0.0,0.0,1.0,1.0,0.0,1.0,0.0,0.0,0.0
62.36625183072939,1.0,0.0,1.0,0.0,0.0,0.0,1.0,0.0,1.0,1.0
39.71259722660212,1.0,0.0,0.0,0.0,0.0,0.0,1.0,0.0,1.0,1.0
25.99668962243928,0.0,1.0,1.0,1.0,1.0,1.0,0.0,0.0,1.0,0.0
20.061564418419795,0.0,1.0,1.0,0.0,1.0,1.0,1.0,1.0,1.0,1.0
40.47180651986678,1.0,1.0,0.0,1.0,0.0,1.0,0.0,0.0,1.0,0.0
18.676651499696277,0.0,1.0,0.0,0.0,0.0,0.0,1.0,1.0,0.0,1.0
53.7780877169164,0.0,0.0,1.0,1.0,0.0,1.0,0.0,1.0,1.0,1.0
62.21956134763812,1.0,1.0,1.0,0.0,1.0,1.0,1.0,0.0,1.0,0.0
58.5921671861839,1.0,0.0,0.0,0.0,0.0,0.0,0.0,1.0,0.0,0.0
14.753046408711143,1.0,1.0,0.0,0.0,1.0,1.0,1.0,0.0,1.0,0.0
69.05707699724226,0.0,0.0,0.0,1.0,0.0,1.0,0.0,0.0,1.0,1.0
56.76236563373678,0.0,0.0,0.0,0.0,0.0,1.0,1.0,1.0,0.0,1.0
65.29855233038397,1.0,1.0,1.0,1.0,0.0,0.0,1.0,1.0,0.0,1.0
25.32892365838451,0.0,1.0,1.0,0.0,0.0,0.0,0.0,0.0,1.0,0.0
42.41614872263111,0.0,1.0,0.0,0.0,1.0,0.0,0.0,1.0,0.0,1.0
56.88825020213593,1.0,1.0,1.0,0.0,1.0,1.0,1.0,1.0,0.0,0.0
32.86785882375282,1.0,0.0,1.0,0.0,0.0,0.0,1.0,1.0,1.0,1.0
67.17409383287492,1.0,0.0,1.0,1.0,0.0,0.0,1.0,0.0,1.0,1.0
6.86324451118132,0.0,1.0,1.0,1.0,0.0,1.0,1.0,1.0,1.0,0.0
44.83333662176816,1.0,0.0,0.0,1.0,1.0,1.0,1.0,0.0,1.0,0.0
37.976425363975615,1.0,1.0,1.0,0.0,1.0,1.0,0.0,0.0,0.0,1.0
21.534602100744216,0.0,1.0,0.0,0.0,0.0,0.0,1.0,1.0,0.0,1.0
49.92217715485733,0.0,1.0,0.0,1.0,0.0,0.0,0.0,1.0,0.0,0.0
5.169292517262359,1.0,0.0,1.0,0.0,1.0,0.0,0.0,1.0,1.0,1.0
16.57474950581484,1.0,1.0,1.0,0.0,0.0,0.0,0.0,0.0,1.0,0.0
24.054233599930043,1.0,0.0,1.0,1.0,0.0,1.0,0.0,1.0,1.0,0.0
11.758419280542785,1.0,0.0,0.0,1.0,0.0,0.0,1.0,0.0,0.0,0.0
35.34630466779318,0.0,1.0,1.0,1.0,0.0,0.0,1.0,0.0,1.0,0.0
59.43113124366578,0.0,0.0,0.0,0.0,0.0,1.0,1.0,1.0,0.0,1.0
32.21234972094261,0.0,1.0,0.0,0.0,0.0,0.0,1.0,0.0,0.0,0.0
65.31998757334537,1.0,1.0,0.0,1.0,1.0,1.0,1.0,0.0,1.0,0.0
62.90121681400201,1.0,1.0,1.0,0.0,1.0,1.0,1.0,1.0,0.0,0.0
14.423583278475025,1.0,1.0,0.0,0.0,0.0,1.0,0.0,0.0,1.0,1.0
41.20732705635153,1.0,0.0,1.0,0.0,1.0,1.0,0.0,0.0,0.0,1.0
47.713175670960666,1.0,1.0,0.0,0.0,1.0,0.0,0.0,1.0,0.0,1.0
67.65081454779659,1.0,1.0,0.0,1.0,1.0,1.0,1.0,0.0,1.0,0.0
6.093140373947795,1.0,0.0,1.0,1.0,0.0,0.0,0.0,1.0,1.0,1.0
23.52118593638245,1.0,1.0,1.0,0.0,0.0,1.0,1.0,1.0,0.0,1.0
39.592491067803095,1.0,0.0,0.0,0.0,0.0,0.0,1.0,1.0,1.0,0.0
66.96277264146869,0.0,0.0,1.0,0.0,1.0,0.0,0.0,0.0,1.0,0.0
20.289457847383645,1.0,1.0,1.0,0.0,1.0,0.0,1.0,0.0,0.0,1.0
59.0800094678163,0.0,0.0,1.0,1.0,0.0,1.0,0.0,1.0,0.0,0.0
30.93100927680034,1.0,1.0,1.0,1.0,0.0,0.0,0.0,0.0,1.0,0.0
10.971779433579737,1.0,1.0,1.0,0.0,1.0,0.0,0.0,0.0,1.0,0.0
61.25591313733626,1.0,0.0,1.0,0.0,1.0,1.0,0.0,0.0,0.0,0.0
16.221907825887225,0.0,1.0,1.0,0.0,1.0,0.0,1.0,1.0,1.0,1.0
25.744177816057793,0.0,0.0,1.0,1.0,0.0,1.0,0.0,0.0,0.0,0.0
6.348859673692924,0.0,0.0,0.0,1.0,1.0,0.0,1.0,0.0,1.0,0.0
45.43447172998742,1.0,0.0,1.0,1.0,1.0,1.0,0.0,1.0,0.0,0.0
21.9138624269981,0.0,0.0,1.0,0.0,1.0,1.0,0.0,0.0,1.0,1.0
48.815416394002526,0.0,1.0,0.0,0.0,1.0,0.0,1.0,1.0,1.0,0.0
48.95880102433563,0.0,0.0,0.0,1.0,0.0,0.0,0.0,1.0,1.0,0.0
15.001956280298568,0.0,0.0,0.0,0.0,1.0,0.0,1.0,0.0,0.0,0.0
48.58686181826767,0.0,1.0,1.0,1.0,0.0,0.0,1.0,0.0,0.0,0.0
5.737294388777448,0.0,0.0,0.0,1.0,0.0,0.0,1.0,0.0,1.0,0.0
40.45264774056331,1.0,1.0,0.0,0.0,1.0,0.0,0.0,1.0,0.0,1.0
6.603587846755506,0.0,1.0,1.0,0.0,1.0,1.0,0.0,0.0,0.0,1.0
45.67841006682528,1.0,0.0,1.0,1.0,1.0,1.0,1.0,0.0,1.0,1.0
47.216371199167945,0.0,0.0,0.0,1.0,0.0,0.0,0.0,1.0,0.0,0.0
61.75328185645069,0.0,0.0,0.0,1.0,0.0,0.0,0.0,0.0,1.0,1.0
59.05178998260835,1.0,1.0,0.0,1.0,1.0,0.0,1.0,0.0,1.0,0.0
13.712027685166696,0.0,0.0,0.0,0.0,1.0,0.0,1.0,0.0,0.0,0.0
55.91699351938654,1.0,0.0,1.0,0.0,0.0,1.0,0.0,0.0,0.0,1.0
56.493212032986634,1.0,0.0,1.0,0.0,0.0,0.0,0.0,1.0,0.0,1.0
1.0,0.0,1.0,1.0,0.0,1.0,1.0,0.0,1.0,0.0,1.0
22.87826446147978,1.0,1.0,0.0,0.0,0.0,1.0,1.0,1.0,0.0,1.0
1.0,0.0,1.0,1.0,0.0,0.0,1.0,0.0,1.0,0.0,1.0
58.89632267119039,0.0,1.0,0.0,0.0,0.0,0.0,0.0,1.0,0.0,0.0
44.137192829732285,0.0,0.0,1.0,1.0,0.0,1.0,0.0,1.0,0.0,0.0
46.773582755631836,1.0,0.0,1.0,1.0,1.0,1.0,1.0,0.0,1.0,1.0
64.32513635733645,1.0,0.0,1.0,0.0,1.0,0.0,1.0,1.0,0.0,0.0
57.15851308640378,0.0,0.0,1.0,1.0,1.0,1.0,1.0,1.0,1.0,1.0
56.85546044156261,1.0,0.0,0.0,0.0,1.0,0.0,0.0,1.0,0.0,0.0
65.1945422382079,1.0,1.0,1.0,0.0,0.0,0.0,0.0,1.0,0.0,0.0
31.98279634153531,1.0,1.0,1.0,0.0,1.0,1.0,0.0,0.0,0.0,1.0
64.69201185252986,1.0,1.0,0.0,0.0,1.0,1.0,0.0,1.0,0.0,0.0
62.75394393779348,1.0,1.0,1.0,1.0,1.0,0.0,1.0,0.0,0.0,0.0
64.40535051712334,1.0,1.0,1.0,0.0,0.0,0.0,0.0,0.0,0.0,0.0
21.208299651403557,0.0,1.0,0.0,1.0,1.0,1.0,0.0,0.0,0.0,1.0
47.939425464099195,1.0,1.0,0.0,1.0,1.0,0.0,1.0,0.0,1.0,1.0
43.195512241137635,0.0,1.0,0.0,0.0,1.0,0.0,0.0,1.0,0.0,1.0
28.77700468359519,1.0,1.0,1.0,0.0,0.0,1.0,0.0,1.0,0.0,1.0
23.4172307955578,1.0,1.0,1.0,0.0,1.0,1.0,1.0,0.0,1.0,0.0
57.7644443624166,0.0,0.0,1.0,1.0,0.0,0.0,0.0,1.0,0.0,0.0
18.55278390070953,1.0,1.0,0.0,0.0,1.0,1.0,1.0,0.0,1.0,0.0
39.78751127225463,1.0,1.0,1.0,1.0,1.0,1.0,0.0,1.0,0.0,1.0
41.09712875147445,1.0,0.0,1.0,1.0,1.0,0.0,0.0,1.0,0.0,0.0
4.087892185198059,1.0,1.0,1.0,1.0,1.0,1.0,0.0,1.0,0.0,0.0
59.60187033036046,0.0,0.0,1.0,1.0,0.0,1.0,0.0,1.0,0.0,0.0
14.438080456093099,1.0,1.0,0.0,0.0,0.0,1.0,0.0,0.0,1.0,1.0
22.224910525559274,1.0,1.0,1.0,0.0,1.0,0.0,1.0,0.0,0.0,1.0
65.2158161595211,1.0,0.0,1.0,0.0,1.0,1.0,1.0,1.0,0.0,0.0
16.81895994522053,1.0,0.0,0.0,0.0,1.0,1.0,1.0,1.0,1.0,0.0
41.754440143237154,0.0,0.0,0.0,0.0,1.0,1.0,0.0,1.0,0.0,1.0
8.91427504827589,1.0,0.0,0.0,0.0,1.0,1.0,0.0,1.0,0.0,0.0
3.7261330998545428,1.0,0.0,1.0,1.0,0.0,1.0,0.0,1.0,0.0,0.0
53.09531267585115,0.0,0.0,0.0,0.0,0.0,1.0,0.0,1.0,1.0,0.0
68.99179182110667,0.0,1.0,0.0,1.0,1.0,0.0,1.0,1.0,0.0,0.0
11.188587764768505,0.0,0.0,1.0,1.0,1.0,1.0,1.0,1.0,0.0,0.0
38.98218804745411,0.0,1.0,1.0,1.0,1.0,0.0,1.0,0.0,1.0,0.0
6.143628594659511,1.0,0.0,1.0,0.0,1.0,0.0,0.0,1.0,1.0,1.0
20.152985847568054,0.0,1.0,0.0,0.0,1.0,1.0,0.0,0.0,0.0,1.0
46.24680513090055,1.0,0.0,1.0,1.0,1.0,1.0,1.0,1.0,1.0,1.0
44.72891762788882,0.0,0.0,0.0,1.0,0.0,0.0,0.0,1.0,0.0,0.0
29.85403838993843,1.0,1.0,1.0,1.0,0.0,1.0,0.0,0.0,1.0,1.0
47.40425705199818,1.0,0.0,1.0,1.0,1.0,1.0,0.0,1.0,0.0,1.0
61.37808034153204,0.0,0.0,0.0,1.0,1.0,0.0,0.0,1.0,0.0,1.0
9.178638479716247,0.0,1.0,1.0,1.0,1.0,1.0,1.0,1.0,0.0,0.0
28.098618107140386,1.0,1.0,1.0,0.0,1.0,0.0,0.0,1.0,1.0,0.0
4.30026678437216,0.0,1.0,1.0,0.0,1.0,0.0,1.0,0.0,0.0,0.0
28.17716917298737,1.0,1.0,0.0,0.0,0.0,1.0,1.0,0.0,1.0,1.0
54.73565157472638,1.0,0.0,1.0,0.0,1.0,0.0,1.0,0.0,0.0,0.0
18.842399445080236,1.0,1.0,1.0,1.0,1.0,1.0,0.0,1.0,0.0,0.0
32.630322408144124,0.0,0.0,0.0,1.0,0.0,0.0,1.0,0.0,0.0,1.0
48.986036271691894,1.0,1.0,0.0,0.0,1.0,0.0,0.0,1.0,0.0,1.0
11.165623552894996,0.0,0.0,0.0,0.0,0.0,1.0,0.0,0.0,1.0,0.0
62.146158116769335,1.0,1.0,0.0,0.0,1.0,1.0,0.0,1.0,1.0,0.0
19.513310164983512,1.0,1.0,1.0,1.0,0.0,0.0,1.0,1.0,0.0,1.0
20.179228160198143,1.0,1.0,0.0,0.0,1.0,1.0,1.0,0.0,1.0,0.0
59.612336014294975,1.0,1.0,0.0,0.0,1.0,0.0,1.0,0.0,1.0,0.0
3.1686754505347166,0.0,0.0,0.0,0.0,0.0,1.0,1.0,0.0,0.0,0.0
16.796960304394798,1.0,1.0,0.0,0.0,0.0,1.0,0.0,0.0,1.0,1.0
57.67408574554893,1.0,0.0,1.0,0.0,0.0,1.0,0.0,0.0,0.0,1.0
24.387225257543186,1.0,1.0,0.0,0.0,0.0,1.0,0.0,0.0,1.0,1.0
47.379291489119474,1.0,0.0,1.0,1.0,1.0,1.0,1.0,0.0,1.0,1.0
53.512456849445606,1.0,0.0,1.0,1.0,0.0,0.0,0.0,1.0,0.0,1.0
25.49605966173406,0.0,1.0,0.0,1.0,1.0,1.0,1.0,0.0,0.0,1.0
24.549117268870546,0.0,1.0,1.0,0.0,0.0,0.0,0.0,0.0,1.0,0.0
13.910255750894631,1.0,0.0,1.0,0.0,0.0,1.0,1.0,1.0,0.0,1.0
61.005187735860375,0.0,0.0,1.0,1.0,0.0,1.0,0.0,1.0,0.0,0.0
54.477570630323754,0.0,0.0,0.0,0.0,0.0,1.0,1.0,1.0,0.0,1.0
3.339694379033369,0.0,1.0,0.0,0.0,1.0,1.0,0.0,1.0,1.0,1.0
57.50635228706388,1.0,0.0,1.0,1.0,0.0,0.0,1.0,1.0,0.0,1.0
46.72945010423416,1.0,0.0,1.0,0.0,1.0,1.0,0.0,1.0,0.0,0.0
58.000402339733405,1.0,0.0,0.0,1.0,0.0,1.0,1.0,0.0,0.0,1.0
69.18091786106598,1.0,1.0,0.0,0.0,1.0,0.0,1.0,0.0,0.0,0.0
52.09428123648278,1.0,0.0,0.0,0.0,1.0,0.0,0.0,0.0,1.0,1.0
11.281817299617567,0.0,0.0,0.0,1.0,1.0,0.0,1.0,0.0,1.0,0.0
17.28196789594142,1.0,0.0,0.0,1.0,0.0,1.0,0.0,1.0,1.0,0.0
55.243710608760246,1.0,0.0,0.0,0.0,0.0,0.0,0.0,0.0,1.0,0.0
13.58047116363801,0.0,1.0,0.0,1.0,1.0,0.0,1.0,1.0,0.0,0.0
10.285940610168925,1.0,0.0,0.0,0.0,1.0,1.0,0.0,1.0,0.0,0.0
24.27914454095318,1.0,1.0,0.0,1.0,0.0,1.0,0.0,1.0,0.0,0.0
48.66699484388206,1.0,0.0,0.0,0.0,1.0,0.0,0.0,1.0,0.0,0.0
47.63792064859524,1.0,0.0,1.0,0.0,1.0,1.0,1.0,1.0,0.0,0.0
54.51188692239484,1.0,0.0,1.0,1.0,1.0,0.0,0.0,1.0,0.0,1.0
62.22931986746826,1.0,1.0,0.0,1.0,1.0,0.0,1.0,1.0,0.0,0.0
4.83229275587564,1.0,0.0,1.0,0.0,1.0,0.0,0.0,1.0,0.0,1.0
62.20494520182176,1.0,0.0,0.0,0.0,0.0,0.0,0.0,1.0,1.0,0.0
60.72326152086274,0.0,1.0,0.0,0.0,0.0,1.0,0.0,1.0,0.0,0.0
7.716963348145434,1.0,0.0,0.0,1.0,0.0,0.0,0.0,1.0,0.0,1.0
55.02954772209632,1.0,0.0,1.0,0.0,1.0,1.0,1.0,1.0,1.0,0.0
58.87844360493529,0.0,0.0,0.0,1.0,0.0,1.0,1.0,0.0,0.0,0.0
61.60201684713974,1.0,0.0,0.0,1.0,0.0,1.0,1.0,1.0,1.0,0.0
66.97455176614376,0.0,0.0,0.0,1.0,1.0,1.0,1.0,1.0,1.0,1.0
2.8042413355236495,0.0,1.0,0.0,0.0,1.0,0.0,1.0,1.0,0.0,1.0
45.829641841300116,1.0,1.0,1.0,1.0,0.0,0.0,0.0,0.0,1.0,1.0
28.07792620782003,1.0,1.0,1.0,1.0,0.0,0.0,0.0,0.0,0.0,1.0
12.035409044112457,0.0,1.0,1.0,1.0,1.0,0.0,1.0,0.0,0.0,1.0
3.1938505263229184,1.0,0.0,1.0,1.0,0.0,0.0,1.0,1.0,1.0,1.0
28.009914562369357,0.0,1.0,1.0,1.0,1.0,1.0,0.0,0.0,1.0,1.0
17.693854554312267,1.0,1.0,1.0,1.0,0.0,0.0,1.0,1.0,0.0,1.0
61.867253551164595,1.0,0.0,0.0,0.0,1.0,0.0,1.0,1.0,0.0,1.0
36.89569196485756,1.0,1.0,0.0,0.0,0.0,1.0,0.0,1.0,1.0,1.0
13.694226412581534,1.0,1.0,0.0,1.0,1.0,0.0,0.0,0.0,1.0,0.0
58.51592592283617,1.0,0.0,0.0,1.0,0.0,0.0,1.0,0.0,0.0,1.0
14.26953010125901,0.0,1.0,0.0,1.0,0.0,1.0,1.0,1.0,0.0,0.0
24.01216686606066,1.0,0.0,0.0,0.0,1.0,1.0,0.0,0.0,1.0,1.0
59.13712339283688,0.0,0.0,1.0,1.0,1.0,1.0,0.0,1.0,0.0,1.0
64.33457124245203,1.0,1.0,1.0,0.0,0.0,0.0,0.0,1.0,0.0,0.0
48.89464917275642,1.0,1.0,0.0,0.0,1.0,0.0,1.0,1.0,1.0,1.0
39.77716117557864,0.0,1.0,1.0,0.0,0.0,0.0,0.0,0.0,1.0,0.0
62.17167123151361,1.0,0.0,0.0,0.0,0.0,0.0,0.0,1.0,0.0,0.0
8.18990967309763,0.0,1.0,1.0,0.0,1.0,1.0,0.0,1.0,1.0,0.0
54.69899687258571,1.0,1.0,1.0,1.0,0.0,0.0,1.0,0.0,0.0,1.0
9.531186311271888,0.0,1.0,1.0,1.0,1.0,1.0,1.0,0.0,0.0,0.0
44.98430075404907,0.0,0.0,0.0,1.0,0.0,0.0,0.0,1.0,1.0,0.0
5.605412832416086,0.0,0.0,0.0,1.0,0.0,0.0,1.0,0.0,1.0,0.0
32.03595571458474,0.0,0.0,1.0,1.0,0.0,0.0,1.0,1.0,1.0,0.0
7.686107278546931,0.0,0.0,1.0,1.0,0.0,0.0,1.0,0.0,1.0,0.0
7.291229307739107,0.0,1.0,1.0,1.0,0.0,1.0,1.0,1.0,1.0,0.0
10.994461778031726,0.0,1.0,1.0,1.0,1.0,0.0,1.0,0.0,0.0,1.0
62.32966541316287,0.0,1.0,0.0,0.0,1.0,0.0,1.0,0.0,0.0,0.0
29.2558507455152,0.0,1.0,1.0,1.0,1.0,1.0,0.0,0.0,1.0,1.0
56.956969574046155,1.0,0.0,1.0,0.0,1.0,0.0,1.0,0.0,0.0,0.0
71.34470772918452,0.0,0.0,1.0,1.0,1.0,0.0,0.0,0.0,1.0,0.0
6.080448624601763,0.0,1.0,1.0,0.0,1.0,1.0,1.0,0.0,0.0,1.0
33.021124675357136,0.0,0.0,0.0,1.0,0.0,0.0,0.0,1.0,1.0,1.0
18.44778223849527,0.0,1.0,1.0,0.0,1.0,0.0,0.0,1.0,1.0,1.0
57.39680363448064,1.0,1.0,0.0,1.0,0.0,0.0,1.0,1.0,1.0,1.0
60.00641794301474,1.0,0.0,1.0,0.0,1.0,0.0,0.0,0.0,0.0,0.0
49.666242907442644,1.0,0.0,1.0,1.0,1.0,1.0,1.0,1.0,0.0,1.0
42.28070303955054,1.0,1.0,0.0,1.0,0.0,1.0,1.0,1.0,0.0,0.0
39.5461199033213,0.0,1.0,0.0,0.0,1.0,1.0,1.0,0.0,1.0,0.0
31.525823009749676,1.0,1.0,1.0,0.0,0.0,1.0,0.0,1.0,0.0,1.0
24.398900791128785,1.0,1.0,0.0,0.0,0.0,1.0,1.0,1.0,0.0,1.0
42.74725796583885,1.0,0.0,0.0,1.0,1.0,0.0,1.0,0.0,1.0,1.0
44.7167930251125,0.0,1.0,1.0,0.0,0.0,1.0,0.0,1.0,1.0,1.0
41.21918434302777,1.0,0.0,0.0,0.0,0.0,0.0,1.0,0.0,1.0,1.0
15.10207203434354,0.0,0.0,0.0,0.0,0.0,1.0,0.0,0.0,1.0,0.0
59.38171114791812,1.0,1.0,0.0,0.0,1.0,1.0,1.0,0.0,0.0,0.0
24.82987985873234,0.0,1.0,1.0,0.0,0.0,1.0,0.0,0.0,0.0,1.0
55.31908942595149,0.0,1.0,0.0,1.0,0.0,0.0,0.0,1.0,1.0,0.0
46.85145026243414,1.0,0.0,0.0,1.0,1.0,1.0,1.0,0.0,1.0,0.0
66.2775512431821,0.0,1.0,0.0,1.0,1.0,0.0,1.0,1.0,0.0,0.0
17.32657622833917,1.0,1.0,0.0,1.0,0.0,0.0,1.0,1.0,0.0,1.0
49.79853162206495,0.0,1.0,0.0,0.0,1.0,0.0,1.0,1.0,1.0,0.0
55.276516599587104,0.0,0.0,0.0,0.0,0.0,1.0,1.0,1.0,0.0,1.0
10.247778029492626,1.0,1.0,1.0,1.0,1.0,1.0,0.0,0.0,0.0,0.0
66.17848155995232,0.0,0.0,1.0,1.0,0.0,1.0,1.0,1.0,0.0,0.0
8.530411060282667,1.0,1.0,0.0,1.0,0.0,0.0,1.0,1.0,1.0,1.0
5.106601252536057,1.0,0.0,1.0,0.0,1.0,0.0,0.0,1.0,1.0,1.0
40.90323492548239,1.0,0.0,1.0,1.0,1.0,1.0,0.0,1.0,0.0,1.0
37.96955519679475,0.0,1.0,0.0,0.0,0.0,0.0,1.0,1.0,0.0,0.0
64.42790649487553,0.0,0.0,0.0,1.0,0.0,1.0,1.0,0.0,0.0,0.0
49.08633938628963,1.0,0.0,0.0,0.0,1.0,0.0,0.0,1.0,0.0,0.0
62.477447976214386,0.0,0.0,0.0,1.0,0.0,1.0,0.0,0.0,1.0,1.0
57.30422169124448,0.0,0.0,1.0,1.0,1.0,1.0,0.0,1.0,1.0,1.0
10.790196825298601,1.0,1.0,1.0,1.0,1.0,1.0,0.0,0.0,0.0,0.0
19.415766480338842,0.0,1.0,0.0,0.0,0.0,0.0,1.0,1.0,0.0,1.0
37.26698285189266,1.0,1.0,0.0,0.0,0.0,1.0,0.0,1.0,1.0,1.0
12.503429665254785,0.0,0.0,0.0,0.0,1.0,0.0,1.0,0.0,0.0,0.0
20.196703361647415,1.0,0.0,0.0,0.0,1.0,0.0,0.0,0.0,1.0,1.0
48.77836099389182,0.0,0.0,1.0,0.0,0.0,0.0,0.0,1.0,1.0,1.0
8.655820320316407,1.0,1.0,1.0,1.0,0.0,1.0,0.0,1.0,0.0,0.0
62.12196921935106,0.0,0.0,0.0,0.0,1.0,1.0,1.0,1.0,0.0,1.0
8.206468604366513,0.0,1.0,1.0,1.0,0.0,1.0,1.0,1.0,1.0,0.0
39.71914375357085,0.0,0.0,1.0,0.0,1.0,0.0,1.0,1.0,1.0,1.0
9.810027116866129,1.0,0.0,0.0,0.0,0.0,0.0,1.0,0.0,0.0,1.0
46.22968851262964,0.0,1.0,0.0,0.0,1.0,0.0,1.0,0.0,1.0,0.0
23.17855776167757,0.0,1.0,0.0,0.0,1.0,1.0,0.0,0.0,0.0,1.0
15.58815759482772,1.0,1.0,0.0,1.0,1.0,0.0,1.0,1.0,0.0,1.0
12.74411946795377,0.0,1.0,0.0,1.0,0.0,1.0,1.0,1.0,1.0,0.0
38.40166029257629,1.0,1.0,0.0,0.0,1.0,0.0,0.0,1.0,0.0,1.0
25.721452312395886,1.0,0.0,0.0,0.0,1.0,0.0,1.0,0.0,1.0,0.0
65.6869752894182,1.0,1.0,1.0,0.0,1.0,1.0,1.0,1.0,0.0,0.0
66.41260422834304,0.0,0.0,0.0,1.0,1.0,0.0,0.0,1.0,0.0,1.0
20.827112391942926,0.0,1.0,0.0,0.0,1.0,1.0,0.0,0.0,0.0,1.0
42.589663752830845,1.0,0.0,1.0,0.0,1.0,0.0,0.0,0.0,1.0,1.0
20.716648026866267,1.0,0.0,0.0,0.0,0.0,1.0,0.0,0.0,1.0,1.0
17.07096175319202,1.0,0.0,1.0,1.0,0.0,0.0,0.0,0.0,0.0,0.0
20.26315664864672,1.0,0.0,0.0,0.0,1.0,0.0,0.0,0.0,1.0,1.0
44.1663251922662,1.0,0.0,1.0,1.0,1.0,0.0,0.0,0.0,1.0,1.0
6.136170669442238,1.0,0.0,1.0,1.0,0.0,0.0,1.0,1.0,1.0,1.0
32.45383309891426,1.0,1.0,0.0,1.0,0.0,1.0,1.0,1.0,0.0,0.0
37.84228760010287,0.0,1.0,1.0,0.0,1.0,0.0,0.0,0.0,0.0,0.0
21.16317438954446,0.0,1.0,1.0,1.0,0.0,0.0,0.0,1.0,1.0,1.0
15.325619378202191,1.0,0.0,1.0,1.0,0.0,0.0,0.0,0.0,0.0,0.0
47.451341931064455,1.0,0.0,0.0,1.0,1.0,1.0,0.0,1.0,0.0,1.0
59.22677956308461,1.0,0.0,1.0,1.0,0.0,0.0,0.0,1.0,0.0,1.0
43.05829872973792,1.0,0.0,1.0,1.0,1.0,1.0,1.0,0.0,1.0,1.0
7.650606230190595,0.0,0.0,1.0,1.0,1.0,1.0,1.0,1.0,0.0,1.0
3.1357122880137123,0.0,0.0,1.0,1.0,1.0,0.0,1.0,1.0,0.0,1.0
63.48439777850132,1.0,1.0,1.0,1.0,1.0,1.0,0.0,1.0,1.0,1.0
54.18465983010067,1.0,0.0,0.0,0.0,1.0,0.0,1.0,0.0,1.0,1.0
8.032331897012527,0.0,0.0,0.0,1.0,0.0,0.0,0.0,0.0,1.0,0.0
61.28578231476408,0.0,1.0,1.0,1.0,0.0,0.0,1.0,0.0,0.0,1.0
61.48863159772874,1.0,0.0,1.0,0.0,1.0,1.0,1.0,1.0,0.0,0.0
65.42268715424008,0.0,0.0,0.0,0.0,0.0,0.0,0.0,0.0,1.0,1.0
58.58186068566234,1.0,0.0,0.0,0.0,0.0,0.0,0.0,1.0,0.0,0.0
33.39957146061949,1.0,1.0,1.0,0.0,1.0,0.0,0.0,0.0,1.0,1.0
44.2057973462026,0.0,1.0,1.0,1.0,0.0,0.0,0.0,0.0,1.0,1.0
9.536630714137296,1.0,0.0,1.0,1.0,0.0,0.0,0.0,1.0,0.0,0.0
50.276757150667635,1.0,0.0,1.0,1.0,0.0,0.0,1.0,1.0,0.0,1.0
44.05942078301917,1.0,1.0,0.0,1.0,1.0,1.0,1.0,0.0,1.0,1.0
67.67551405129365,1.0,1.0,1.0,0.0,1.0,0.0,1.0,0.0,0.0,0.0
54.70706019903162,0.0,0.0,0.0,1.0,0.0,1.0,1.0,1.0,0.0,1.0
32.053470298087866,0.0,1.0,1.0,1.0,0.0,0.0,1.0,0.0,1.0,0.0
56.45138212841034,1.0,1.0,1.0,1.0,1.0,1.0,0.0,1.0,1.0,1.0
41.43576049065533,0.0,1.0,0.0,1.0,1.0,1.0,0.0,0.0,1.0,1.0
26.015678326132996,1.0,1.0,1.0,1.0,0.0,0.0,0.0,0.0,1.0,1.0
6.018179125396542,1.0,0.0,0.0,1.0,0.0,0.0,1.0,0.0,0.0,0.0
11.325011218828255,1.0,0.0,0.0,0.0,0.0,0.0,1.0,0.0,0.0,1.0
63.447375326655006,0.0,0.0,0.0,1.0,0.0,1.0,0.0,0.0,1.0,1.0
42.743674939765654,0.0,0.0,0.0,0.0,0.0,0.0,0.0,1.0,1.0,1.0
60.924408733835165,1.0,1.0,0.0,0.0,0.0,0.0,0.0,0.0,0.0,1.0
48.529329539084884,1.0,1.0,0.0,0.0,1.0,0.0,0.0,0.0,1.0,0.0
20.44530081861555,0.0,1.0,1.0,1.0,1.0,1.0,1.0,1.0,1.0,1.0
16.324639182190502,1.0,0.0,1.0,1.0,0.0,0.0,0.0,0.0,0.0,0.0
12.235858343923372,1.0,1.0,1.0,1.0,1.0,1.0,0.0,0.0,0.0,0.0
64.77848669126784,1.0,1.0,0.0,1.0,1.0,1.0,1.0,0.0,1.0,1.0
67.11019194356086,0.0,1.0,0.0,1.0,1.0,0.0,1.0,1.0,0.0,0.0
15.993858710601678,1.0,1.0,0.0,0.0,1.0,1.0,1.0,0.0,1.0,0.0
6.987248246575353,1.0,0.0,0.0,0.0,1.0,1.0,0.0,1.0,0.0,0.0
61.827244849761136,0.0,0.0,0.0,0.0,0.0,0.0,0.0,0.0,0.0,1.0
27.280039216810867,0.0,0.0,0.0,0.0,1.0,1.0,1.0,0.0,0.0,1.0
62.69093642211342,1.0,1.0,1.0,0.0,1.0,1.0,1.0,0.0,1.0,0.0
32.79269117563912,0.0,0.0,1.0,1.0,0.0,0.0,1.0,1.0,1.0,0.0
50.00781842692231,0.0,0.0,0.0,0.0,0.0,1.0,0.0,1.0,0.0,0.0
61.8914591551397,1.0,0.0,0.0,0.0,0.0,0.0,0.0,0.0,0.0,0.0
60.52474969557252,0.0,0.0,0.0,1.0,0.0,1.0,1.0,0.0,0.0,0.0
20.001603613271595,0.0,0.0,0.0,1.0,0.0,1.0,0.0,0.0,0.0,1.0
17.763444368893055,1.0,1.0,0.0,1.0,1.0,0.0,1.0,1.0,0.0,1.0
17.873348141029908,0.0,1.0,0.0,0.0,1.0,1.0,0.0,0.0,0.0,1.0
58.25854000227288,0.0,0.0,0.0,0.0,0.0,1.0,1.0,1.0,0.0,1.0
72.51571868574486,0.0,0.0,0.0,1.0,0.0,1.0,1.0,1.0,1.0,0.0
52.22417734492076,1.0,1.0,1.0,1.0,0.0,1.0,0.0,0.0,1.0,1.0
8.094435580491213,0.0,0.0,0.0,0.0,1.0,0.0,0.0,0.0,1.0,1.0
41.44475620344683,1.0,1.0,0.0,0.0,0.0,1.0,0.0,1.0,0.0,1.0
65.65700680404323,1.0,1.0,1.0,1.0,0.0,1.0,1.0,1.0,0.0,1.0
2.487528207315812,1.0,1.0,0.0,1.0,0.0,1.0,1.0,1.0,1.0,1.0
32.26913946986837,1.0,1.0,0.0,1.0,0.0,1.0,1.0,1.0,0.0,0.0
49.25067632800114,1.0,1.0,1.0,1.0,1.0,1.0,0.0,1.0,1.0,1.0
28.290079939530656,1.0,0.0,0.0,1.0,0.0,1.0,0.0,1.0,0.0,0.0
56.56864277036752,1.0,0.0,1.0,1.0,0.0,1.0,1.0,1.0,0.0,1.0
60.626228087877074,1.0,1.0,1.0,0.0,1.0,1.0,1.0,0.0,1.0,0.0
64.52234042927236,1.0,1.0,1.0,1.0,1.0,1.0,0.0,1.0,1.0,1.0
28.705543744242934,1.0,1.0,0.0,1.0,0.0,1.0,1.0,0.0,0.0,1.0
69.21933506061087,0.0,1.0,1.0,0.0,0.0,1.0,1.0,1.0,1.0,0.0
25.285392606524287,1.0,1.0,0.0,1.0,0.0,1.0,0.0,0.0,0.0,0.0
41.128929039237704,0.0,1.0,1.0,1.0,0.0,0.0,1.0,0.0,1.0,0.0
2.5021664529242083,0.0,1.0,0.0,0.0,0.0,1.0,0.0,1.0,1.0,1.0
67.61850935056492,1.0,0.0,1.0,0.0,0.0,0.0,0.0,0.0,1.0,0.0
47.37915054751732,1.0,0.0,0.0,0.0,0.0,0.0,0.0,0.0,1.0,0.0
13.682984846429793,0.0,0.0,1.0,1.0,1.0,1.0,1.0,1.0,0.0,0.0
50.889397046233825,1.0,1.0,0.0,1.0,0.0,0.0,1.0,0.0,0.0,0.0
10.333703366136211,1.0,1.0,0.0,0.0,1.0,0.0,1.0,1.0,1.0,0.0
7.10324407914072,0.0,1.0,0.0,1.0,1.0,1.0,1.0,0.0,0.0,0.0
9.016152845010373,0.0,1.0,0.0,0.0,0.0,0.0,1.0,1.0,1.0,1.0
28.90142458774133,0.0,0.0,0.0,1.0,0.0,1.0,0.0,0.0,1.0,1.0
69.50232770869978,1.0,0.0,1.0,0.0,1.0,1.0,1.0,1.0,0.0,0.0
25.74369457554126,0.0,1.0,0.0,0.0,1.0,1.0,0.0,0.0,0.0,1.0
25.905396609009507,0.0,0.0,1.0,0.0,1.0,1.0,0.0,0.0,1.0,1.0
12.548561803522567,1.0,0.0,1.0,1.0,0.0,0.0,1.0,1.0,1.0,1.0
65.9028626682124,1.0,0.0,0.0,1.0,0.0,0.0,1.0,0.0,0.0,0.0
67.70077542345585,1.0,0.0,1.0,0.0,1.0,0.0,1.0,0.0,0.0,1.0
5.183793633802471,1.0,0.0,1.0,1.0,0.0,1.0,0.0,0.0,0.0,0.0
61.4792915023738,1.0,1.0,1.0,1.0,0.0,0.0,1.0,1.0,0.0,1.0
39.23003419101167,1.0,1.0,0.0,1.0,0.0,1.0,1.0,0.0,1.0,1.0
59.48305481178404,0.0,0.0,1.0,0.0,1.0,1.0,0.0,1.0,0.0,0.0
6.876471346688952,1.0,0.0,0.0,0.0,1.0,1.0,0.0,1.0,0.0,0.0
63.401235322389304,1.0,1.0,0.0,0.0,0.0,0.0,1.0,0.0,0.0,0.0
31.493722706009102,0.0,0.0,0.0,0.0,1.0,0.0,1.0,1.0,0.0,1.0
44.31017330339198,1.0,1.0,1.0,0.0,1.0,1.0,1.0,0.0,1.0,0.0
23.90895085303241,0.0,1.0,1.0,0.0,0.0,0.0,0.0,0.0,1.0,0.0
23.372470675001843,1.0,0.0,0.0,1.0,0.0,0.0,0.0,0.0,0.0,0.0
26.886201669444127,1.0,0.0,1.0,0.0,0.0,0.0,1.0,0.0,0.0,1.0
38.11601586859448,1.0,0.0,0.0,0.0,1.0,0.0,1.0,1.0,1.0,1.0
21.047276095690187,1.0,0.0,0.0,0.0,0.0,0.0,0.0,0.0,0.0,0.0
64.77418875026588,1.0,1.0,1.0,0.0,0.0,0.0,0.0,1.0,0.0,0.0
5.721640078285029,1.0,0.0,1.0,1.0,0.0,0.0,1.0,1.0,1.0,1.0
58.18974313430529,1.0,0.0,1.0,0.0,1.0,0.0,1.0,0.0,0.0,0.0
38.086207547222365,0.0,1.0,0.0,0.0,0.0,0.0,1.0,0.0,0.0,0.0
33.5325119465454,1.0,0.0,1.0,1.0,0.0,1.0,1.0,0.0,0.0,1.0
19.39462038493568,0.0,0.0,0.0,0.0,0.0,0.0,0.0,1.0,0.0,1.0
18.05825996830802,1.0,0.0,0.0,0.0,1.0,1.0,1.0,1.0,1.0,0.0
62.72551990666703,0.0,1.0,0.0,1.0,1.0,0.0,1.0,1.0,0.0,0.0
13.607403912917,1.0,0.0,0.0,1.0,0.0,1.0,0.0,1.0,1.0,0.0
12.88275793338986,1.0,1.0,0.0,1.0,1.0,0.0,0.0,0.0,0.0,0.0
26.886272769256895,1.0,1.0,0.0,1.0,0.0,1.0,0.0,1.0,0.0,0.0
2.4604960719044366,0.0,1.0,0.0,0.0,1.0,1.0,0.0,1.0,1.0,0.0
57.548716682906495,1.0,0.0,1.0,0.0,1.0,0.0,1.0,0.0,0.0,0.0
66.14248645274976,0.0,0.0,0.0,0.0,0.0,0.0,0.0,0.0,1.0,1.0
27.16195815835142,1.0,1.0,1.0,1.0,1.0,1.0,0.0,1.0,0.0,0.0
66.01150825578547,0.0,0.0,0.0,0.0,0.0,0.0,0.0,0.0,1.0,1.0
7.9095397891482815,0.0,1.0,1.0,1.0,0.0,1.0,1.0,1.0,1.0,1.0
15.350395366007374,1.0,1.0,1.0,0.0,1.0,0.0,0.0,0.0,1.0,0.0
12.64413696749251,1.0,0.0,1.0,0.0,0.0,0.0,1.0,0.0,0.0,1.0
67.97630220159972,1.0,0.0,1.0,0.0,1.0,0.0,1.0,1.0,0.0,1.0
6.834891369055101,0.0,1.0,1.0,1.0,0.0,1.0,1.0,1.0,1.0,0.0
52.41192795404228,0.0,1.0,0.0,1.0,0.0,0.0,1.0,0.0,0.0,0.0
39.20623369769976,1.0,1.0,0.0,0.0,0.0,1.0,0.0,1.0,1.0,1.0
26.301818074023092,0.0,0.0,1.0,1.0,0.0,1.0,0.0,0.0,0.0,0.0
66.17055051632364,0.0,1.0,1.0,0.0,1.0,0.0,0.0,0.0,1.0,0.0
23.383089723916264,0.0,1.0,0.0,0.0,1.0,1.0,0.0,0.0,0.0,1.0
61.53889324517052,0.0,0.0,0.0,1.0,1.0,1.0,0.0,1.0,0.0,1.0
64.47210923763421,1.0,0.0,1.0,0.0,1.0,0.0,1.0,1.0,0.0,1.0
26.849806634803176,0.0,0.0,0.0,0.0,1.0,1.0,0.0,0.0,1.0,1.0
32.48726275977889,0.0,0.0,0.0,1.0,0.0,0.0,0.0,0.0,0.0,1.0
65.72093616934954,1.0,1.0,0.0,0.0,1.0,1.0,1.0,0.0,0.0,0.0
52.84007569237366,1.0,0.0,0.0,0.0,1.0,0.0,0.0,1.0,0.0,0.0
65.817505700743,0.0,1.0,1.0,1.0,1.0,1.0,0.0,0.0,1.0,0.0
8.438679953856594,1.0,0.0,1.0,0.0,0.0,0.0,1.0,1.0,1.0,1.0
47.80286958494709,0.0,0.0,0.0,1.0,1.0,0.0,0.0,0.0,1.0,0.0
34.522070373259965,0.0,1.0,0.0,1.0,1.0,1.0,0.0,0.0,1.0,1.0
49.502072173606116,0.0,1.0,0.0,1.0,0.0,0.0,1.0,0.0,0.0,0.0
28.200466667890936,0.0,0.0,0.0,1.0,0.0,1.0,0.0,0.0,1.0,1.0
64.98629993306405,1.0,0.0,1.0,1.0,1.0,1.0,1.0,1.0,0.0,0.0
23.81973745156053,0.0,1.0,1.0,1.0,0.0,1.0,1.0,1.0,0.0,1.0
6.3835573230053635,1.0,1.0,0.0,1.0,0.0,0.0,1.0,1.0,0.0,1.0
26.612870106581113,1.0,1.0,0.0,1.0,1.0,1.0,0.0,0.0,1.0,0.0
2.224054158674007,1.0,0.0,0.0,0.0,0.0,0.0,1.0,0.0,0.0,0.0
47.01103853929405,1.0,0.0,1.0,1.0,1.0,1.0,0.0,1.0,1.0,1.0
38.91958971991545,1.0,0.0,1.0,0.0,0.0,0.0,1.0,1.0,1.0,0.0
20.09068612047548,1.0,1.0,0.0,0.0,1.0,1.0,1.0,0.0,1.0,0.0
31.986427916377533,1.0,0.0,1.0,0.0,1.0,0.0,1.0,1.0,0.0,1.0
49.622255295214025,1.0,1.0,1.0,0.0,1.0,1.0,1.0,0.0,0.0,0.0
12.430985712823501,1.0,1.0,0.0,1.0,1.0,0.0,1.0,0.0,0.0,0.0
11.040417460807866,0.0,1.0,1.0,0.0,1.0,0.0,1.0,1.0,1.0,1.0
38.85671648229649,0.0,0.0,0.0,1.0,0.0,0.0,0.0,1.0,0.0,0.0
1.1213262462155926,0.0,1.0,1.0,0.0,0.0,1.0,0.0,1.0,0.0,1.0
43.96258932911691,0.0,0.0,0.0,1.0,1.0,0.0,0.0,0.0,1.0,0.0
41.74332925434232,0.0,1.0,0.0,0.0,1.0,0.0,1.0,0.0,1.0,0.0
36.13996489561926,0.0,1.0,1.0,0.0,0.0,1.0,0.0,1.0,0.0,1.0
30.46192641441036,0.0,0.0,0.0,0.0,0.0,0.0,0.0,1.0,1.0,1.0
24.554025887823382,0.0,1.0,0.0,0.0,1.0,0.0,0.0,0.0,0.0,1.0
44.66740587214621,0.0,0.0,0.0,1.0,0.0,0.0,0.0,1.0,0.0,0.0
20.128980523705966,1.0,0.0,0.0,0.0,1.0,0.0,1.0,0.0,1.0,0.0
19.58051380994901,1.0,0.0,0.0,0.0,1.0,0.0,0.0,1.0,1.0,1.0
27.195643181927714,0.0,0.0,0.0,0.0,1.0,0.0,1.0,0.0,0.0,1.0
14.118997990926808,1.0,1.0,0.0,1.0,1.0,1.0,0.0,1.0,1.0,1.0
9.167977075420534,1.0,1.0,1.0,1.0,1.0,1.0,0.0,1.0,0.0,0.0
11.25489931727962,1.0,0.0,0.0,0.0,0.0,0.0,1.0,0.0,0.0,1.0
7.748628933592707,0.0,0.0,1.0,0.0,1.0,0.0,0.0,0.0,1.0,1.0
39.363391038365755,0.0,0.0,1.0,0.0,0.0,1.0,1.0,0.0,1.0,1.0
59.430503245109286,0.0,0.0,1.0,1.0,1.0,1.0,0.0,1.0,1.0,1.0
4.825323628413953,0.0,0.0,0.0,1.0,0.0,0.0,1.0,0.0,1.0,0.0
4.076209005398814,0.0,0.0,0.0,1.0,0.0,0.0,1.0,0.0,1.0,0.0
14.056765963796451,0.0,0.0,0.0,0.0,1.0,0.0,1.0,0.0,1.0,0.0
67.13371422614468,1.0,0.0,1.0,0.0,0.0,0.0,1.0,0.0,1.0,1.0
16.104140384389613,1.0,1.0,0.0,1.0,1.0,0.0,0.0,0.0,0.0,0.0
12.625329858705806,0.0,1.0,1.0,0.0,1.0,1.0,0.0,1.0,1.0,1.0
65.33507383970397,1.0,1.0,1.0,0.0,0.0,0.0,0.0,0.0,0.0,0.0
65.43435059891947,1.0,1.0,1.0,1.0,1.0,1.0,0.0,1.0,1.0,1.0
67.62676833828108,0.0,0.0,0.0,1.0,1.0,1.0,0.0,1.0,0.0,1.0
56.53973031675926,0.0,1.0,0.0,0.0,0.0,0.0,0.0,1.0,1.0,0.0
8.051657675425293,0.0,0.0,0.0,1.0,1.0,0.0,1.0,0.0,1.0,0.0
20.56044651684281,0.0,1.0,1.0,0.0,1.0,1.0,1.0,1.0,1.0,1.0
8.160067680768787,0.0,1.0,0.0,0.0,0.0,1.0,0.0,1.0,0.0,0.0
61.620045690131626,0.0,0.0,0.0,1.0,0.0,1.0,1.0,0.0,0.0,0.0
64.45505063330765,1.0,1.0,0.0,1.0,1.0,1.0,1.0,0.0,1.0,1.0
61.24035043121287,1.0,1.0,1.0,0.0,1.0,0.0,1.0,1.0,0.0,0.0
9.549226445930834,1.0,0.0,1.0,0.0,1.0,0.0,0.0,1.0,1.0,1.0
45.845170394232014,0.0,0.0,0.0,1.0,1.0,0.0,0.0,1.0,1.0,0.0
47.404882348859516,1.0,1.0,0.0,1.0,1.0,0.0,1.0,0.0,1.0,1.0
59.3646907072699,0.0,1.0,0.0,1.0,0.0,0.0,0.0,1.0,1.0,0.0
13.81835284682465,0.0,1.0,0.0,0.0,1.0,0.0,1.0,1.0,0.0,1.0
24.688028375231802,1.0,1.0,1.0,1.0,0.0,0.0,1.0,1.0,0.0,1.0
14.084722559362778,0.0,1.0,1.0,0.0,1.0,1.0,0.0,1.0,1.0,1.0
18.079403722414796,0.0,1.0,1.0,0.0,1.0,0.0,1.0,1.0,1.0,1.0
9.356427603887894,0.0,1.0,1.0,0.0,1.0,1.0,0.0,1.0,1.0,0.0
53.46207183291576,1.0,0.0,0.0,1.0,1.0,0.0,0.0,0.0,1.0,1.0
41.964504024616645,1.0,1.0,0.0,0.0,0.0,1.0,0.0,1.0,1.0,1.0
20.3871472190673,1.0,0.0,1.0,1.0,1.0,1.0,1.0,0.0,1.0,0.0
38.31787512246457,1.0,1.0,0.0,0.0,0.0,1.0,0.0,0.0,1.0,1.0
55.90212790896665,0.0,1.0,0.0,1.0,0.0,0.0,1.0,0.0,0.0,0.0
62.67342505964632,1.0,1.0,0.0,0.0,0.0,0.0,0.0,0.0,0.0,1.0
46.82246909621131,0.0,1.0,0.0,0.0,0.0,0.0,0.0,1.0,1.0,1.0
59.69005038270971,1.0,1.0,1.0,1.0,0.0,0.0,1.0,1.0,0.0,1.0
50.477780861676024,0.0,1.0,0.0,1.0,0.0,0.0,1.0,0.0,0.0,0.0
12.3901430324551,1.0,0.0,0.0,0.0,1.0,1.0,0.0,1.0,1.0,0.0
50.83768775228013,1.0,1.0,1.0,1.0,1.0,1.0,0.0,1.0,1.0,1.0
63.54337588906137,1.0,0.0,0.0,1.0,0.0,0.0,1.0,1.0,1.0,0.0
12.871054331649905,1.0,1.0,0.0,0.0,1.0,1.0,1.0,0.0,0.0,0.0
56.106262976544485,0.0,0.0,1.0,1.0,1.0,0.0,0.0,1.0,1.0,1.0
19.21651241588196,1.0,0.0,0.0,0.0,1.0,0.0,1.0,1.0,1.0,0.0
34.43983290385778,0.0,0.0,0.0,0.0,0.0,1.0,0.0,0.0,1.0,1.0
4.464462517390931,0.0,0.0,0.0,1.0,0.0,0.0,1.0,0.0,1.0,0.0
8.205977799019507,1.0,0.0,0.0,0.0,1.0,1.0,0.0,0.0,0.0,0.0
39.82424243284783,1.0,1.0,0.0,0.0,1.0,0.0,0.0,1.0,1.0,1.0
52.65231980898761,1.0,0.0,1.0,0.0,1.0,0.0,0.0,1.0,1.0,0.0
62.62283252623331,1.0,0.0,1.0,0.0,1.0,0.0,1.0,0.0,0.0,1.0
65.54000329044274,0.0,0.0,0.0,1.0,1.0,1.0,1.0,0.0,1.0,0.0
61.522903681016565,0.0,0.0,1.0,1.0,0.0,1.0,1.0,0.0,1.0,0.0
60.39298323548164,1.0,0.0,0.0,1.0,1.0,0.0,1.0,0.0,1.0,0.0
43.965914654525264,1.0,1.0,1.0,1.0,0.0,1.0,0.0,0.0,1.0,0.0
61.27871039401826,1.0,0.0,1.0,0.0,0.0,0.0,1.0,0.0,1.0,1.0
64.19751424706983,0.0,0.0,0.0,0.0,1.0,1.0,0.0,0.0,0.0,1.0
36.76934855952445,0.0,1.0,0.0,1.0,1.0,1.0,0.0,0.0,1.0,1.0
62.621605691750474,0.0,0.0,1.0,1.0,0.0,0.0,0.0,0.0,0.0,1.0
33.6359527161977,0.0,1.0,1.0,1.0,1.0,1.0,0.0,0.0,0.0,1.0
33.2971922717892,0.0,1.0,1.0,1.0,0.0,1.0,0.0,0.0,1.0,1.0
36.337026632864784,1.0,1.0,0.0,1.0,0.0,1.0,1.0,1.0,0.0,0.0
33.30894829739614,1.0,0.0,0.0,0.0,1.0,0.0,1.0,0.0,1.0,0.0
14.804649714702965,0.0,1.0,1.0,1.0,1.0,0.0,1.0,0.0,0.0,1.0
74.53970396824519,1.0,0.0,1.0,0.0,0.0,1.0,1.0,0.0,1.0,0.0
58.52491405529338,0.0,1.0,0.0,1.0,0.0,0.0,0.0,0.0,1.0,0.0
24.06241577429109,1.0,0.0,0.0,0.0,0.0,0.0,0.0,0.0,0.0,0.0
6.65748976822692,0.0,0.0,0.0,0.0,1.0,1.0,0.0,1.0,1.0,0.0
20.345350917868956,1.0,1.0,1.0,0.0,1.0,0.0,0.0,0.0,1.0,0.0
48.89471736849989,0.0,0.0,0.0,0.0,0.0,1.0,0.0,0.0,0.0,1.0
5.149564844138219,1.0,0.0,1.0,1.0,0.0,0.0,1.0,0.0,0.0,0.0
48.49041988531212,0.0,0.0,0.0,0.0,0.0,0.0,0.0,1.0,1.0,1.0
39.16491875305297,0.0,1.0,1.0,1.0,0.0,0.0,0.0,1.0,1.0,1.0
7.060514519819682,1.0,0.0,0.0,0.0,0.0,1.0,0.0,1.0,1.0,0.0
67.74018823681196,1.0,0.0,0.0,1.0,0.0,1.0,0.0,0.0,1.0,1.0
3.9119942892764357,0.0,1.0,0.0,0.0,0.0,0.0,1.0,1.0,1.0,1.0
60.23940207848157,1.0,1.0,0.0,0.0,0.0,0.0,0.0,0.0,0.0,1.0
24.02651691909926,0.0,1.0,1.0,1.0,1.0,1.0,0.0,0.0,1.0,0.0
67.61268810457483,1.0,1.0,0.0,1.0,1.0,1.0,1.0,0.0,1.0,0.0
50.25538578388199,1.0,0.0,0.0,0.0,1.0,0.0,0.0,1.0,0.0,0.0
63.08826071705516,0.0,1.0,1.0,0.0,0.0,0.0,0.0,1.0,0.0,0.0
18.114111435430477,0.0,1.0,0.0,1.0,1.0,1.0,1.0,0.0,1.0,1.0
16.84960299653515,1.0,0.0,0.0,0.0,1.0,1.0,1.0,1.0,1.0,0.0
32.08198003588388,1.0,1.0,1.0,0.0,1.0,0.0,0.0,0.0,1.0,1.0
39.998847496029214,1.0,0.0,0.0,0.0,0.0,0.0,1.0,1.0,0.0,0.0
56.80133563261091,1.0,0.0,1.0,0.0,1.0,0.0,1.0,0.0,0.0,0.0
66.06673093966197,0.0,1.0,1.0,0.0,1.0,1.0,0.0,0.0,1.0,0.0
57.12596806145958,0.0,1.0,0.0,0.0,1.0,0.0,0.0,1.0,1.0,0.0
31.228969504286205,1.0,1.0,1.0,0.0,1.0,0.0,0.0,1.0,0.0,1.0
31.481988405682156,0.0,1.0,1.0,0.0,0.0,0.0,0.0,1.0,1.0,1.0
52.25226412277405,1.0,1.0,1.0,1.0,1.0,1.0,0.0,0.0,1.0,1.0
59.051064743023915,1.0,0.0,0.0,1.0,1.0,0.0,1.0,0.0,0.0,0.0
61.93866597654133,0.0,0.0,0.0,0.0,0.0,0.0,0.0,0.0,0.0,1.0
66.83846483180757,1.0,0.0,1.0,0.0,1.0,1.0,1.0,1.0,0.0,0.0
16.06585780642109,1.0,1.0,0.0,0.0,1.0,1.0,1.0,0.0,1.0,0.0
57.41143476172718,1.0,1.0,1.0,0.0,1.0,1.0,1.0,0.0,1.0,0.0
64.31696523767432,1.0,1.0,0.0,1.0,1.0,1.0,1.0,0.0,1.0,0.0
20.913703248898344,1.0,0.0,1.0,1.0,0.0,1.0,1.0,1.0,1.0,0.0
52.53174935479706,1.0,1.0,0.0,0.0,1.0,0.0,0.0,1.0,1.0,0.0
60.65730384628031,1.0,0.0,0.0,0.0,0.0,0.0,0.0,0.0,1.0,0.0
19.251268614050144,1.0,1.0,1.0,0.0,1.0,0.0,1.0,0.0,0.0,1.0
58.89949206031989,1.0,1.0,0.0,0.0,1.0,0.0,1.0,1.0,1.0,0.0
38.22676978239397,1.0,0.0,1.0,1.0,1.0,0.0,0.0,1.0,0.0,0.0
15.125007933902754,1.0,1.0,0.0,0.0,0.0,1.0,1.0,0.0,1.0,0.0
65.27722443923635,0.0,0.0,1.0,0.0,0.0,0.0,1.0,0.0,1.0,1.0
32.558251983477255,1.0,0.0,1.0,0.0,0.0,0.0,1.0,0.0,0.0,1.0
41.57640227960742,1.0,0.0,0.0,0.0,0.0,0.0,1.0,1.0,1.0,1.0
43.21206449002354,1.0,1.0,1.0,1.0,0.0,1.0,0.0,1.0,1.0,0.0
3.9460146462872334,0.0,1.0,0.0,1.0,1.0,1.0,0.0,1.0,1.0,1.0
61.75394176490023,1.0,1.0,1.0,1.0,1.0,1.0,0.0,1.0,1.0,1.0
24.848611544861427,1.0,0.0,0.0,1.0,1.0,0.0,0.0,0.0,0.0,0.0
10.984638959525743,1.0,0.0,0.0,1.0,0.0,0.0,0.0,1.0,0.0,1.0
13.797531120096844,1.0,1.0,0.0,1.0,0.0,0.0,0.0,0.0,0.0,0.0
26.428420158530304,1.0,1.0,1.0,1.0,0.0,0.0,0.0,0.0,1.0,1.0
49.12686634225697,0.0,1.0,0.0,0.0,0.0,0.0,1.0,1.0,0.0,0.0
52.81175111550942,1.0,0.0,1.0,1.0,1.0,0.0,0.0,1.0,1.0,1.0
52.52570378923444,1.0,1.0,0.0,0.0,1.0,0.0,0.0,0.0,1.0,0.0
51.39742528263862,1.0,1.0,1.0,0.0,1.0,1.0,1.0,0.0,0.0,0.0
62.302601727527396,1.0,1.0,0.0,0.0,0.0,0.0,0.0,0.0,0.0,1.0
10.531646902655414,0.0,1.0,1.0,1.0,1.0,1.0,1.0,0.0,0.0,0.0
8.420163027161056,0.0,0.0,1.0,1.0,1.0,1.0,0.0,1.0,0.0,0.0
23.071993583342245,0.0,1.0,1.0,0.0,0.0,0.0,0.0,0.0,1.0,0.0
65.2216963833214,0.0,1.0,1.0,0.0,1.0,1.0,1.0,0.0,1.0,0.0
6.187931815074289,0.0,1.0,0.0,0.0,1.0,1.0,0.0,1.0,1.0,0.0
61.26365050046262,1.0,1.0,0.0,0.0,1.0,1.0,1.0,0.0,0.0,0.0
63.406225700432756,0.0,0.0,1.0,1.0,0.0,1.0,0.0,1.0,0.0,0.0
53.2502587014153,0.0,0.0,0.0,0.0,0.0,1.0,0.0,1.0,0.0,0.0
20.455063095052402,1.0,1.0,0.0,0.0,1.0,1.0,1.0,0.0,1.0,0.0
57.133223824469376,0.0,0.0,0.0,0.0,0.0,1.0,0.0,1.0,0.0,1.0
43.75881288514074,0.0,1.0,0.0,0.0,1.0,0.0,1.0,0.0,1.0,0.0
20.645203467670015,1.0,1.0,0.0,1.0,0.0,1.0,0.0,1.0,0.0,0.0
50.920834718993014,1.0,1.0,1.0,1.0,1.0,1.0,0.0,1.0,0.0,1.0
5.121871861330172,1.0,0.0,1.0,1.0,0.0,0.0,1.0,1.0,1.0,1.0
43.1335710905014,0.0,0.0,0.0,0.0,1.0,1.0,0.0,0.0,0.0,1.0
36.03659985620672,1.0,0.0,0.0,0.0,0.0,0.0,1.0,0.0,1.0,1.0
29.645401386204355,1.0,0.0,1.0,0.0,1.0,0.0,0.0,1.0,1.0,0.0
5.939790531723008,1.0,0.0,0.0,1.0,0.0,0.0,0.0,1.0,0.0,1.0
62.00910192654573,1.0,0.0,0.0,0.0,1.0,0.0,1.0,1.0,0.0,1.0
12.628294533947335,0.0,0.0,0.0,0.0,0.0,1.0,1.0,0.0,1.0,0.0
16.45969295894848,1.0,0.0,0.0,1.0,0.0,1.0,0.0,1.0,1.0,0.0
6.517907941816613,0.0,1.0,1.0,0.0,0.0,0.0,0.0,1.0,0.0,1.0
51.62643833402745,1.0,1.0,0.0,1.0,0.0,1.0,0.0,0.0,1.0,1.0
42.58909329408371,0.0,1.0,0.0,0.0,1.0,0.0,1.0,1.0,1.0,0.0
5.045287182608018,1.0,1.0,0.0,1.0,1.0,0.0,0.0,1.0,1.0,1.0
53.27673180288287,1.0,0.0,1.0,1.0,0.0,0.0,1.0,1.0,0.0,1.0
62.31857758845207,1.0,0.0,0.0,1.0,0.0,0.0,1.0,1.0,1.0,0.0
33.219995386180926,1.0,0.0,1.0,0.0,1.0,0.0,1.0,1.0,0.0,1.0
70.01252067324518,0.0,0.0,1.0,1.0,0.0,0.0,0.0,0.0,1.0,1.0
45.2279260311503,0.0,1.0,0.0,1.0,0.0,0.0,1.0,0.0,0.0,0.0
5.208583563293992,1.0,1.0,0.0,1.0,0.0,0.0,0.0,0.0,1.0,1.0
42.616462475651424,1.0,1.0,1.0,0.0,0.0,1.0,0.0,0.0,1.0,0.0
36.77276611365666,0.0,1.0,0.0,0.0,0.0,0.0,1.0,0.0,0.0,0.0
36.102864412552115,1.0,1.0,0.0,0.0,1.0,0.0,0.0,0.0,0.0,1.0
47.683500738877854,0.0,1.0,0.0,1.0,1.0,0.0,1.0,0.0,1.0,1.0
55.97024915155133,1.0,0.0,0.0,0.0,0.0,0.0,0.0,1.0,1.0,0.0
5.010190980581118,1.0,1.0,0.0,1.0,0.0,0.0,1.0,1.0,1.0,1.0
9.276033538962075,0.0,1.0,1.0,1.0,1.0,1.0,1.0,1.0,1.0,0.0
25.769780933530324,0.0,1.0,0.0,0.0,0.0,1.0,0.0,0.0,0.0,1.0
6.5302335117104295,1.0,1.0,0.0,0.0,0.0,1.0,1.0,1.0,1.0,1.0
9.9621886047453,0.0,1.0,0.0,0.0,0.0,1.0,0.0,1.0,0.0,0.0
30.138539075530623,0.0,0.0,0.0,0.0,1.0,0.0,1.0,1.0,1.0,1.0
38.235576251100966,0.0,0.0,0.0,1.0,1.0,1.0,1.0,0.0,1.0,1.0
50.62071748361104,1.0,0.0,0.0,0.0,1.0,1.0,1.0,1.0,0.0,0.0
36.63067599344156,0.0,1.0,1.0,0.0,0.0,1.0,0.0,1.0,0.0,1.0
49.04987193034787,1.0,0.0,1.0,1.0,1.0,1.0,0.0,1.0,0.0,1.0
43.720963926857706,1.0,0.0,0.0,1.0,1.0,1.0,1.0,0.0,1.0,0.0
63.10457065614512,0.0,0.0,0.0,1.0,0.0,1.0,0.0,0.0,1.0,1.0
55.809639213520676,1.0,0.0,1.0,1.0,1.0,0.0,1.0,0.0,0.0,0.0
27.227585198606388,1.0,0.0,0.0,1.0,1.0,0.0,0.0,0.0,0.0,1.0
50.01954443985186,1.0,0.0,0.0,0.0,1.0,0.0,0.0,1.0,0.0,1.0
17.236411747231962,0.0,1.0,0.0,1.0,1.0,0.0,0.0,0.0,0.0,1.0
49.69945719216536,0.0,0.0,0.0,0.0,0.0,0.0,0.0,1.0,1.0,1.0
23.563618855043583,1.0,1.0,1.0,1.0,1.0,1.0,0.0,1.0,0.0,0.0
68.31707566232114,1.0,0.0,0.0,1.0,0.0,0.0,1.0,1.0,1.0,0.0
29.057641470190656,1.0,1.0,1.0,0.0,1.0,0.0,0.0,0.0,1.0,1.0
6.842356352706584,1.0,0.0,0.0,1.0,0.0,0.0,0.0,1.0,0.0,1.0
18.942610223186044,0.0,1.0,0.0,0.0,1.0,1.0,0.0,0.0,0.0,1.0
12.663456492565873,1.0,0.0,0.0,0.0,0.0,0.0,1.0,0.0,0.0,1.0
39.319330030445556,1.0,1.0,1.0,0.0,1.0,0.0,0.0,1.0,1.0,0.0
34.5845925460074,0.0,0.0,1.0,1.0,0.0,0.0,1.0,1.0,1.0,0.0
59.23411013115647,1.0,1.0,0.0,0.0,1.0,1.0,0.0,1.0,0.0,0.0
63.83560880940414,0.0,0.0,1.0,1.0,0.0,1.0,0.0,1.0,0.0,0.0
28.54691541221545,0.0,1.0,1.0,1.0,1.0,1.0,1.0,0.0,1.0,0.0
29.860326600568904,0.0,1.0,1.0,1.0,1.0,1.0,0.0,0.0,0.0,1.0
58.557214098548435,0.0,0.0,0.0,0.0,0.0,1.0,1.0,1.0,0.0,1.0
67.8943005257997,0.0,0.0,0.0,1.0,0.0,1.0,0.0,0.0,1.0,1.0
49.645594742416485,1.0,0.0,1.0,1.0,0.0,0.0,1.0,0.0,0.0,1.0
1.0,0.0,1.0,1.0,0.0,1.0,1.0,0.0,0.0,0.0,1.0
2.0519398002638747,1.0,0.0,0.0,1.0,0.0,0.0,1.0,0.0,0.0,0.0
37.862254758394954,1.0,1.0,0.0,1.0,0.0,1.0,1.0,1.0,0.0,0.0
64.37996433011429,0.0,1.0,0.0,1.0,1.0,0.0,1.0,1.0,0.0,0.0
12.102575458840008,1.0,0.0,0.0,1.0,0.0,1.0,0.0,1.0,1.0,0.0
59.37357261509193,0.0,0.0,0.0,0.0,1.0,0.0,0.0,1.0,0.0,1.0
47.8346459934145,0.0,0.0,0.0,0.0,0.0,0.0,0.0,1.0,1.0,1.0
21.18573099542709,1.0,1.0,1.0,0.0,1.0,0.0,1.0,0.0,1.0,1.0
59.600787381734705,1.0,1.0,0.0,1.0,0.0,0.0,0.0,1.0,1.0,1.0
5.342460393846978,0.0,1.0,0.0,0.0,1.0,1.0,0.0,1.0,1.0,0.0
9.299327567034695,1.0,1.0,0.0,1.0,1.0,1.0,0.0,1.0,0.0,0.0
10.336347187812612,0.0,1.0,1.0,0.0,1.0,1.0,1.0,1.0,0.0,0.0
35.18392629893597,1.0,1.0,1.0,0.0,1.0,0.0,0.0,1.0,0.0,0.0
52.63194671572526,1.0,1.0,1.0,1.0,1.0,1.0,0.0,1.0,0.0,1.0
26.903763123638125,0.0,1.0,0.0,1.0,1.0,1.0,0.0,0.0,1.0,1.0
23.469225700707938,1.0,1.0,1.0,0.0,1.0,0.0,0.0,1.0,1.0,0.0
39.5181103622522,0.0,0.0,1.0,1.0,1.0,0.0,1.0,0.0,1.0,0.0
25.886371806671974,1.0,1.0,0.0,0.0,0.0,0.0,0.0,0.0,0.0,0.0
63.26265728424178,1.0,1.0,0.0,1.0,1.0,1.0,1.0,0.0,1.0,0.0
26.898104536256433,1.0,1.0,0.0,1.0,0.0,1.0,1.0,0.0,0.0,1.0
57.518259777451426,0.0,1.0,0.0,1.0,1.0,0.0,0.0,1.0,1.0,0.0
63.53700891836948,1.0,1.0,0.0,1.0,1.0,1.0,0.0,1.0,0.0,0.0
23.742041568779484,1.0,0.0,0.0,1.0,0.0,0.0,0.0,0.0,0.0,0.0
5.424934536242777,1.0,0.0,0.0,0.0,0.0,0.0,1.0,0.0,0.0,1.0
61.70019060424972,0.0,0.0,1.0,1.0,0.0,1.0,0.0,0.0,0.0,0.0
31.85649963900527,0.0,0.0,1.0,1.0,0.0,1.0,1.0,0.0,0.0,1.0
2.5176062953895926,1.0,1.0,1.0,1.0,0.0,1.0,0.0,1.0,0.0,0.0
41.44417127115074,1.0,0.0,0.0,0.0,0.0,0.0,1.0,0.0,1.0,1.0
18.340120769560514,1.0,1.0,0.0,0.0,0.0,1.0,0.0,0.0,1.0,1.0
5.884365114908851,0.0,0.0,0.0,0.0,0.0,1.0,0.0,0.0,0.0,0.0
58.37994895702296,1.0,0.0,0.0,0.0,1.0,1.0,1.0,1.0,0.0,1.0
45.462519763672994,1.0,0.0,0.0,1.0,1.0,0.0,1.0,0.0,1.0,0.0
7.3600015153113105,0.0,1.0,1.0,0.0,0.0,1.0,0.0,1.0,0.0,0.0
28.6413340434992,0.0,0.0,0.0,1.0,0.0,0.0,1.0,0.0,0.0,1.0
13.982299819131095,0.0,0.0,0.0,1.0,1.0,0.0,1.0,0.0,0.0,0.0
59.99533844701867,0.0,1.0,0.0,0.0,1.0,0.0,1.0,1.0,0.0,0.0
67.49956859292952,0.0,0.0,1.0,1.0,1.0,0.0,0.0,0.0,1.0,0.0
31.994994384877884,0.0,1.0,1.0,1.0,1.0,1.0,0.0,0.0,1.0,1.0
56.419366878396346,1.0,1.0,0.0,1.0,0.0,0.0,0.0,0.0,0.0,1.0
10.180305540396937,1.0,1.0,0.0,1.0,0.0,1.0,1.0,1.0,1.0,1.0
64.07182098807246,1.0,1.0,1.0,0.0,0.0,0.0,1.0,0.0,0.0,0.0
39.83958197944442,1.0,0.0,0.0,1.0,0.0,1.0,0.0,0.0,1.0,0.0
47.09064613030981,1.0,0.0,1.0,0.0,1.0,1.0,1.0,1.0,0.0,0.0
37.228530250445786,1.0,0.0,1.0,1.0,1.0,0.0,0.0,0.0,1.0,1.0
10.397189238037544,0.0,1.0,0.0,1.0,0.0,1.0,1.0,1.0,0.0,0.0
56.19074952569707,0.0,0.0,0.0,0.0,0.0,1.0,1.0,0.0,0.0,1.0
16.298978803120633,0.0,1.0,1.0,0.0,1.0,1.0,1.0,1.0,1.0,1.0
66.72427653306502,1.0,0.0,1.0,1.0,0.0,0.0,1.0,1.0,0.0,1.0
19.07621765274232,1.0,1.0,1.0,1.0,0.0,0.0,1.0,1.0,0.0,1.0
55.12042001075474,1.0,0.0,0.0,0.0,0.0,1.0,0.0,0.0,0.0,1.0
67.97080864632606,0.0,1.0,1.0,0.0,1.0,1.0,0.0,0.0,1.0,0.0
53.52667361221352,0.0,1.0,1.0,1.0,0.0,0.0,0.0,0.0,1.0,1.0
50.08488639027774,0.0,0.0,0.0,0.0,0.0,1.0,0.0,1.0,0.0,0.0
66.62813755379908,0.0,0.0,0.0,1.0,1.0,1.0,0.0,1.0,0.0,1.0
34.885147761629945,1.0,1.0,1.0,1.0,1.0,1.0,0.0,1.0,0.0,1.0
6.040583256959935,0.0,1.0,0.0,0.0,0.0,1.0,0.0,1.0,0.0,0.0
61.391045187829874,1.0,0.0,1.0,0.0,1.0,1.0,0.0,0.0,0.0,0.0
30.256382921397787,1.0,0.0,0.0,0.0,0.0,0.0,1.0,0.0,1.0,1.0
19.387556659417598,1.0,0.0,0.0,0.0,0.0,0.0,0.0,0.0,0.0,0.0
70.76725771481432,1.0,1.0,1.0,0.0,1.0,0.0,1.0,0.0,0.0,0.0
34.666881023173595,1.0,0.0,1.0,0.0,0.0,0.0,1.0,1.0,1.0,0.0
67.71169257821346,0.0,0.0,1.0,1.0,0.0,0.0,0.0,0.0,0.0,1.0
1.0,0.0,1.0,0.0,0.0,0.0,0.0,1.0,0.0,1.0,1.0
61.81366685072663,0.0,0.0,1.0,1.0,0.0,1.0,1.0,0.0,0.0,0.0
64.6004925912215,1.0,1.0,1.0,0.0,0.0,1.0,1.0,0.0,1.0,0.0
23.119926375152033,1.0,1.0,0.0,1.0,0.0,1.0,1.0,0.0,0.0,1.0
22.432365439462227,1.0,1.0,1.0,1.0,0.0,1.0,0.0,1.0,0.0,1.0
46.11282411776539,0.0,1.0,0.0,0.0,1.0,0.0,1.0,1.0,1.0,0.0
40.092620046193986,0.0,0.0,0.0,0.0,0.0,1.0,0.0,0.0,1.0,1.0
24.70474035043587,1.0,0.0,0.0,1.0,0.0,0.0,0.0,0.0,0.0,0.0
4.607845296201564,0.0,1.0,1.0,0.0,0.0,1.0,0.0,0.0,0.0,1.0
75.16596194912556,0.0,0.0,0.0,0.0,0.0,1.0,1.0,1.0,1.0,0.0
42.49499380740954,1.0,1.0,0.0,1.0,1.0,1.0,1.0,0.0,1.0,1.0
27.135711811885503,1.0,0.0,1.0,1.0,0.0,1.0,1.0,1.0,1.0,0.0
21.926675159846123,0.0,1.0,0.0,0.0,1.0,1.0,0.0,1.0,0.0,1.0
12.552327794929516,0.0,0.0,1.0,0.0,1.0,1.0,0.0,1.0,1.0,1.0
45.27234328625997,1.0,1.0,0.0,0.0,1.0,0.0,0.0,1.0,0.0,1.0
24.183716858157553,1.0,1.0,1.0,0.0,1.0,1.0,1.0,0.0,0.0,0.0
56.04320590141721,0.0,1.0,0.0,0.0,0.0,0.0,1.0,1.0,0.0,0.0
60.8269619069823,0.0,1.0,1.0,0.0,1.0,1.0,0.0,0.0,1.0,0.0
64.79323374482487,0.0,1.0,0.0,0.0,1.0,0.0,1.0,0.0,1.0,0.0
49.40771075364684,1.0,0.0,0.0,0.0,1.0,0.0,0.0,0.0,1.0,1.0
34.82822098128128,0.0,0.0,1.0,1.0,0.0,1.0,1.0,0.0,0.0,1.0
5.488281098800604,1.0,1.0,0.0,0.0,0.0,1.0,1.0,1.0,1.0,1.0
57.56037932752042,1.0,1.0,1.0,1.0,0.0,0.0,1.0,1.0,0.0,1.0
48.04799392148832,0.0,1.0,0.0,0.0,1.0,0.0,1.0,1.0,1.0,0.0
73.17299891094606,1.0,1.0,1.0,0.0,1.0,0.0,1.0,1.0,0.0,0.0
15.664653424455512,1.0,0.0,1.0,0.0,0.0,0.0,1.0,0.0,0.0,1.0
44.33979158583983,1.0,1.0,1.0,1.0,1.0,1.0,0.0,1.0,1.0,1.0
59.647434648241095,1.0,1.0,1.0,1.0,1.0,1.0,0.0,1.0,1.0,1.0
11.967829884339391,0.0,0.0,0.0,1.0,1.0,1.0,0.0,1.0,0.0,0.0
47.040390531358646,0.0,1.0,0.0,1.0,0.0,0.0,1.0,0.0,0.0,0.0
18.483308581522174,0.0,1.0,0.0,0.0,1.0,1.0,1.0,0.0,0.0,1.0
55.552547938523986,0.0,1.0,0.0,1.0,0.0,0.0,1.0,1.0,0.0,0.0
32.45394972127778,1.0,1.0,1.0,0.0,0.0,0.0,0.0,0.0,1.0,1.0
12.296180310103193,0.0,0.0,0.0,1.0,1.0,1.0,1.0,0.0,1.0,0.0
28.305406935853348,1.0,1.0,0.0,0.0,0.0,1.0,1.0,1.0,0.0,1.0
14.637095254213714,0.0,1.0,1.0,1.0,1.0,0.0,0.0,0.0,0.0,1.0
63.00823404284025,1.0,1.0,1.0,1.0,0.0,0.0,0.0,1.0,0.0,0.0
17.18127111789432,1.0,1.0,0.0,0.0,0.0,1.0,0.0,0.0,1.0,1.0
53.65824856019113,1.0,0.0,0.0,0.0,0.0,1.0,0.0,0.0,0.0,1.0
5.298309619615243,0.0,1.0,1.0,0.0,0.0,1.0,0.0,1.0,1.0,1.0
7.968065543451219,0.0,0.0,0.0,0.0,0.0,0.0,1.0,0.0,0.0,0.0
31.010086175375413,1.0,0.0,1.0,0.0,1.0,0.0,1.0,1.0,1.0,1.0
49.56394498532566,1.0,0.0,1.0,1.0,0.0,1.0,0.0,1.0,0.0,1.0
66.83355318634126,0.0,0.0,0.0,1.0,1.0,1.0,1.0,0.0,0.0,0.0
25.560681742619472,1.0,0.0,1.0,1.0,1.0,1.0,1.0,1.0,1.0,0.0
60.35285365301035,0.0,1.0,0.0,1.0,1.0,0.0,1.0,1.0,0.0,0.0
63.50910689779134,1.0,0.0,1.0,1.0,0.0,0.0,0.0,1.0,1.0,1.0
1.9925093954811803,0.0,0.0,0.0,1.0,1.0,0.0,1.0,0.0,1.0,0.0
21.187789721825876,0.0,1.0,1.0,0.0,0.0,0.0,0.0,0.0,1.0,0.0
25.733602826331847,0.0,1.0,0.0,0.0,0.0,1.0,0.0,0.0,0.0,1.0
1.0,0.0,1.0,0.0,0.0,0.0,1.0,0.0,1.0,0.0,0.0
27.530406868586276,1.0,1.0,1.0,0.0,1.0,1.0,1.0,0.0,0.0,0.0
42.46610046672785,1.0,1.0,0.0,1.0,1.0,1.0,1.0,0.0,1.0,1.0
47.74687339657226,0.0,0.0,0.0,1.0,0.0,0.0,0.0,1.0,0.0,0.0
44.99581501425172,0.0,0.0,0.0,0.0,0.0,0.0,0.0,1.0,1.0,1.0
19.02341113769278,0.0,1.0,0.0,1.0,1.0,1.0,1.0,0.0,0.0,1.0
63.43799611550788,1.0,1.0,0.0,0.0,0.0,0.0,0.0,1.0,0.0,0.0
49.905136653139195,1.0,0.0,1.0,0.0,1.0,1.0,1.0,1.0,0.0,0.0
63.42586598543308,0.0,0.0,0.0,0.0,0.0,0.0,1.0,1.0,0.0,1.0
58.047992688244484,1.0,1.0,1.0,1.0,0.0,0.0,1.0,1.0,0.0,1.0
2.3157745120500834,1.0,0.0,1.0,1.0,0.0,0.0,1.0,1.0,1.0,1.0
5.728590255366898,1.0,0.0,0.0,0.0,0.0,0.0,0.0,1.0,0.0,1.0
29.669036581829367,1.0,0.0,0.0,0.0,1.0,1.0,1.0,0.0,1.0,0.0
1.1658339613222326,0.0,1.0,1.0,0.0,1.0,1.0,0.0,0.0,0.0,1.0
30.253620834949853,0.0,0.0,0.0,0.0,0.0,0.0,0.0,0.0,1.0,1.0
11.854614692024864,0.0,0.0,0.0,0.0,0.0,1.0,1.0,0.0,0.0,0.0
46.18374590725434,0.0,0.0,0.0,1.0,0.0,0.0,0.0,1.0,1.0,0.0
67.78433286055558,1.0,0.0,1.0,0.0,0.0,0.0,1.0,0.0,1.0,1.0
39.42052729417149,1.0,0.0,1.0,1.0,1.0,0.0,0.0,1.0,0.0,0.0
58.29995264331292,1.0,1.0,1.0,1.0,1.0,1.0,0.0,1.0,1.0,1.0
48.653002959075124,1.0,1.0,0.0,0.0,1.0,1.0,1.0,1.0,1.0,1.0
34.749405590478446,0.0,1.0,0.0,0.0,1.0,0.0,0.0,0.0,0.0,0.0
11.030439203487573,1.0,1.0,1.0,1.0,0.0,1.0,0.0,1.0,0.0,0.0
8.102129809886419,1.0,0.0,1.0,0.0,1.0,0.0,0.0,1.0,1.0,1.0
20.014736017551332,0.0,1.0,0.0,1.0,0.0,0.0,1.0,1.0,0.0,1.0
64.82827710025902,0.0,0.0,0.0,1.0,1.0,0.0,0.0,1.0,0.0,1.0
71.2148099141287,0.0,0.0,0.0,0.0,0.0,1.0,1.0,1.0,1.0,0.0
20.161625967466943,0.0,1.0,1.0,0.0,1.0,0.0,0.0,0.0,1.0,0.0
59.722644715015555,1.0,1.0,1.0,1.0,0.0,1.0,0.0,1.0,1.0,1.0
53.06221240847829,1.0,0.0,0.0,1.0,0.0,1.0,1.0,0.0,0.0,1.0
1.0,1.0,1.0,0.0,0.0,0.0,0.0,1.0,1.0,0.0,1.0
6.9763661783135635,0.0,0.0,0.0,1.0,1.0,0.0,1.0,0.0,1.0,0.0
51.48972771044269,1.0,0.0,0.0,0.0,0.0,1.0,0.0,0.0,1.0,0.0
25.02041356708898,1.0,0.0,1.0,1.0,1.0,1.0,0.0,1.0,0.0,0.0
57.37008109612658,1.0,0.0,1.0,0.0,0.0,0.0,0.0,0.0,1.0,0.0
5.936238976775812,1.0,0.0,0.0,0.0,0.0,1.0,1.0,0.0,0.0,0.0
61.21013757627473,0.0,0.0,1.0,1.0,0.0,0.0,0.0,0.0,0.0,1.0
28.405048533767296,1.0,0.0,0.0,1.0,0.0,0.0,0.0,0.0,0.0,0.0
37.57869009848688,1.0,0.0,1.0,0.0,0.0,0.0,1.0,1.0,1.0,0.0
59.544642698406854,0.0,1.0,0.0,0.0,0.0,0.0,0.0,1.0,0.0,0.0
52.08735731805589,1.0,0.0,0.0,0.0,1.0,0.0,0.0,1.0,0.0,0.0
38.92615126973997,1.0,1.0,0.0,1.0,0.0,1.0,1.0,1.0,0.0,0.0
5.784917666537421,0.0,1.0,1.0,0.0,1.0,0.0,1.0,1.0,0.0,1.0
64.39011082967058,1.0,1.0,1.0,1.0,0.0,0.0,1.0,1.0,0.0,1.0
3.72999175708489,1.0,0.0,0.0,1.0,0.0,0.0,1.0,0.0,0.0,0.0
14.686842960318327,0.0,1.0,0.0,1.0,1.0,1.0,1.0,1.0,0.0,1.0
31.528687617470943,0.0,1.0,0.0,1.0,0.0,0.0,1.0,0.0,0.0,0.0
66.82024848311306,0.0,0.0,0.0,1.0,1.0,0.0,0.0,1.0,0.0,1.0
69.22492679044709,1.0,0.0,0.0,0.0,1.0,0.0,1.0,1.0,0.0,1.0
40.439684209840046,1.0,1.0,1.0,0.0,0.0,0.0,0.0,0.0,1.0,0.0
41.104344539175166,1.0,1.0,0.0,0.0,1.0,0.0,0.0,1.0,0.0,1.0
7.0925524285202295,0.0,0.0,0.0,0.0,0.0,0.0,0.0,0.0,1.0,1.0
61.37844840200665,1.0,1.0,1.0,0.0,0.0,0.0,0.0,1.0,0.0,0.0
4.413030461351299,1.0,1.0,0.0,0.0,1.0,0.0,1.0,1.0,1.0,0.0
11.605310190150856,1.0,0.0,0.0,0.0,0.0,0.0,1.0,0.0,0.0,1.0
62.879611557858674,0.0,1.0,0.0,0.0,1.0,0.0,1.0,0.0,0.0,0.0
9.975903605297884,0.0,1.0,1.0,1.0,0.0,1.0,0.0,1.0,0.0,0.0
44.57443150982877,1.0,0.0,0.0,0.0,1.0,1.0,0.0,1.0,0.0,1.0
60.985331684743045,0.0,0.0,1.0,0.0,1.0,0.0,1.0,0.0,1.0,0.0
34.272877479801146,1.0,0.0,1.0,0.0,0.0,0.0,1.0,0.0,0.0,1.0
46.341398109574044,1.0,1.0,1.0,1.0,1.0,1.0,0.0,1.0,1.0,1.0
22.990621954001906,1.0,1.0,0.0,0.0,0.0,1.0,1.0,1.0,1.0,0.0
50.01193769656171,1.0,1.0,0.0,0.0,1.0,0.0,0.0,1.0,0.0,1.0
2.3883472922190787,1.0,0.0,0.0,0.0,1.0,1.0,0.0,1.0,0.0,0.0
2.311774361534326,0.0,1.0,0.0,1.0,1.0,1.0,0.0,1.0,1.0,1.0
54.55415591318442,0.0,0.0,0.0,0.0,0.0,1.0,1.0,1.0,0.0,1.0
57.992973167900104,1.0,0.0,1.0,1.0,0.0,1.0,0.0,0.0,0.0,1.0
50.65396659696241,0.0,1.0,0.0,0.0,0.0,0.0,1.0,1.0,0.0,0.0
57.7216980391097,1.0,0.0,1.0,0.0,1.0,0.0,1.0,0.0,0.0,0.0
27.707975528486806,0.0,1.0,1.0,1.0,1.0,0.0,0.0,0.0,0.0,1.0
5.44178361502056,0.0,0.0,0.0,1.0,1.0,0.0,1.0,0.0,1.0,0.0
34.772627071834066,1.0,0.0,1.0,0.0,0.0,0.0,0.0,0.0,0.0,1.0
30.152868761940688,0.0,1.0,1.0,1.0,1.0,1.0,0.0,0.0,0.0,1.0
54.422699993676964,1.0,0.0,0.0,1.0,0.0,0.0,0.0,1.0,0.0,1.0
14.643583686764249,1.0,0.0,1.0,0.0,0.0,1.0,0.0,0.0,0.0,1.0
58.3950724734991,1.0,0.0,0.0,0.0,1.0,0.0,0.0,0.0,1.0,1.0
71.5154958635295,0.0,0.0,1.0,1.0,1.0,0.0,0.0,0.0,1.0,0.0
43.828892923687434,1.0,1.0,0.0,0.0,1.0,0.0,0.0,0.0,0.0,1.0
4.774773076450846,0.0,0.0,1.0,0.0,1.0,0.0,0.0,1.0,1.0,1.0
46.93270865896395,1.0,0.0,1.0,1.0,1.0,1.0,0.0,1.0,0.0,1.0
56.88167815646858,1.0,0.0,0.0,0.0,1.0,1.0,1.0,1.0,0.0,1.0
19.28384996866041,0.0,0.0,1.0,1.0,0.0,1.0,0.0,1.0,1.0,0.0
68.91109014783657,0.0,1.0,0.0,1.0,0.0,0.0,1.0,1.0,0.0,0.0
33.54817558179571,1.0,1.0,0.0,0.0,1.0,0.0,0.0,0.0,0.0,1.0
62.71558392127541,0.0,1.0,0.0,1.0,1.0,0.0,1.0,0.0,0.0,0.0
8.962025535808456,0.0,1.0,1.0,0.0,1.0,1.0,1.0,1.0,1.0,0.0
32.816693566254656,1.0,0.0,0.0,0.0,1.0,1.0,1.0,0.0,1.0,0.0
17.18841674073902,1.0,0.0,1.0,1.0,0.0,0.0,0.0,0.0,0.0,0.0
33.56291896590216,0.0,0.0,0.0,1.0,0.0,0.0,1.0,0.0,0.0,1.0
8.099383539137992,0.0,0.0,0.0,0.0,1.0,1.0,0.0,1.0,1.0,0.0
34.49362094555002,1.0,1.0,1.0,0.0,1.0,0.0,0.0,1.0,1.0,0.0
67.72513325705008,1.0,1.0,1.0,0.0,1.0,0.0,1.0,0.0,0.0,0.0
33.54755212001884,1.0,1.0,1.0,1.0,0.0,0.0,0.0,0.0,1.0,0.0
38.43423729660803,1.0,1.0,1.0,0.0,1.0,1.0,0.0,0.0,0.0,1.0
28.93668803573812,1.0,1.0,1.0,1.0,1.0,1.0,0.0,1.0,0.0,1.0
60.70657412977177,0.0,1.0,1.0,0.0,1.0,1.0,0.0,1.0,1.0,0.0
61.05648649971863,1.0,0.0,0.0,1.0,0.0,1.0,1.0,0.0,0.0,1.0
12.249850390177983,0.0,0.0,1.0,1.0,0.0,1.0,0.0,1.0,1.0,0.0
45.51825943704966,0.0,1.0,0.0,1.0,0.0,0.0,1.0,0.0,0.0,0.0
10.322351275184044,0.0,1.0,1.0,0.0,1.0,1.0,1.0,0.0,1.0,0.0
32.92453787628056,1.0,1.0,1.0,0.0,0.0,0.0,0.0,1.0,0.0,1.0
28.769665275288403,1.0,1.0,1.0,1.0,1.0,1.0,1.0,1.0,0.0,0.0
8.543809235301927,1.0,1.0,0.0,1.0,0.0,1.0,1.0,1.0,1.0,1.0
63.7751581663465,0.0,0.0,0.0,0.0,0.0,1.0,0.0,1.0,0.0,1.0
38.50871256287885,1.0,1.0,0.0,0.0,1.0,0.0,0.0,1.0,0.0,1.0
35.12724542262988,0.0,1.0,1.0,0.0,0.0,1.0,0.0,1.0,0.0,1.0
55.661430493273365,1.0,1.0,1.0,1.0,1.0,1.0,0.0,1.0,1.0,1.0
57.973123481158,1.0,0.0,0.0,0.0,0.0,1.0,0.0,1.0,0.0,1.0
47.4746090984256,0.0,1.0,1.0,0.0,1.0,0.0,1.0,1.0,1.0,0.0
71.85555347366106,0.0,0.0,0.0,0.0,1.0,0.0,0.0,1.0,0.0,1.0
57.469073389046436,1.0,0.0,1.0,1.0,0.0,0.0,0.0,1.0,0.0,1.0
24.597336282750344,0.0,1.0,1.0,0.0,0.0,0.0,0.0,0.0,1.0,0.0
3.7100679154305554,0.0,1.0,1.0,0.0,0.0,1.0,0.0,1.0,0.0,1.0
4.596538343764977,1.0,0.0,1.0,0.0,1.0,1.0,0.0,1.0,1.0,1.0
48.59492848606677,1.0,0.0,0.0,0.0,1.0,0.0,1.0,1.0,0.0,0.0
24.250297347894488,0.0,1.0,0.0,0.0,0.0,0.0,1.0,1.0,0.0,1.0
48.25292668357035,1.0,0.0,1.0,1.0,1.0,0.0,0.0,1.0,0.0,1.0
25.77797181041928,0.0,0.0,1.0,1.0,0.0,1.0,0.0,0.0,0.0,0.0
21.526625219712848,0.0,1.0,0.0,0.0,0.0,0.0,0.0,0.0,1.0,1.0
37.21293849359254,1.0,1.0,1.0,0.0,0.0,0.0,1.0,1.0,1.0,0.0
6.36125484370031,1.0,1.0,0.0,0.0,0.0,0.0,0.0,1.0,1.0,1.0
25.48577854315316,1.0,1.0,1.0,1.0,1.0,1.0,0.0,1.0,0.0,0.0
66.97967538805722,1.0,1.0,1.0,1.0,1.0,1.0,1.0,1.0,1.0,1.0
20.75877332331814,1.0,1.0,1.0,0.0,1.0,0.0,1.0,0.0,0.0,1.0
23.14373324540994,1.0,1.0,0.0,0.0,0.0,1.0,1.0,1.0,0.0,1.0
46.37566674649893,0.0,0.0,0.0,0.0,0.0,0.0,0.0,1.0,1.0,1.0
37.62249912940304,0.0,1.0,1.0,0.0,0.0,1.0,0.0,1.0,1.0,1.0
18.86857587628131,0.0,1.0,1.0,0.0,0.0,0.0,1.0,1.0,1.0,1.0
51.38967905270926,1.0,0.0,0.0,0.0,1.0,0.0,0.0,1.0,0.0,0.0
39.77905612955785,1.0,0.0,0.0,0.0,0.0,0.0,1.0,0.0,1.0,1.0
39.56000170810998,0.0,1.0,0.0,0.0,1.0,0.0,1.0,0.0,1.0,0.0
63.21396447482848,1.0,0.0,1.0,0.0,1.0,1.0,0.0,0.0,0.0,0.0
41.36543917200698,0.0,0.0,0.0,1.0,0.0,0.0,0.0,1.0,0.0,0.0
17.398100446686698,0.0,1.0,0.0,0.0,0.0,1.0,0.0,0.0,0.0,1.0
19.119414687559697,0.0,1.0,0.0,0.0,1.0,1.0,0.0,0.0,0.0,1.0
26.90238621425482,1.0,0.0,0.0,0.0,1.0,0.0,0.0,0.0,1.0,1.0
20.98649273892081,0.0,0.0,0.0,0.0,1.0,1.0,0.0,0.0,1.0,1.0
22.060306455136775,0.0,1.0,0.0,0.0,0.0,1.0,0.0,0.0,0.0,1.0
68.16111711987541,0.0,0.0,0.0,1.0,1.0,0.0,0.0,1.0,0.0,1.0
3.7659085656752183,0.0,1.0,0.0,0.0,0.0,1.0,0.0,1.0,0.0,0.0
60.98301337002515,1.0,0.0,1.0,1.0,0.0,0.0,0.0,1.0,0.0,1.0
10.80858245649007,0.0,1.0,0.0,1.0,0.0,1.0,1.0,0.0,0.0,0.0
50.85468555810996,1.0,0.0,1.0,0.0,1.0,1.0,1.0,1.0,0.0,0.0
13.914293109682186,0.0,0.0,0.0,0.0,1.0,0.0,1.0,0.0,0.0,0.0
72.51399395276442,1.0,1.0,1.0,0.0,1.0,0.0,1.0,0.0,0.0,0.0
21.07441885111335,1.0,1.0,0.0,0.0,0.0,1.0,1.0,0.0,1.0,0.0
10.541722372384577,0.0,1.0,1.0,1.0,1.0,0.0,1.0,0.0,0.0,1.0
34.702903653610626,0.0,0.0,0.0,0.0,1.0,0.0,1.0,0.0,0.0,1.0
37.418107039609616,1.0,1.0,0.0,0.0,1.0,1.0,1.0,1.0,0.0,1.0
67.83441161574063,1.0,0.0,0.0,0.0,1.0,0.0,1.0,1.0,0.0,1.0
36.34624379238296,1.0,1.0,1.0,1.0,0.0,0.0,0.0,0.0,1.0,0.0
63.7015226764753,1.0,1.0,0.0,0.0,0.0,0.0,0.0,0.0,0.0,1.0
21.739034620649157,1.0,1.0,1.0,1.0,1.0,1.0,0.0,1.0,0.0,0.0
27.48378841767501,1.0,0.0,0.0,0.0,1.0,0.0,1.0,0.0,1.0,0.0
24.740927872436387,1.0,1.0,1.0,1.0,0.0,0.0,0.0,0.0,1.0,1.0
47.241912356798636,1.0,0.0,1.0,1.0,1.0,1.0,0.0,1.0,0.0,1.0
20.98039323162173,0.0,1.0,1.0,0.0,1.0,0.0,1.0,0.0,0.0,1.0
43.24351002160162,0.0,0.0,0.0,0.0,0.0,0.0,1.0,0.0,0.0,0.0
6.895239740671389,1.0,0.0,0.0,0.0,1.0,1.0,0.0,1.0,0.0,0.0
42.84474209130209,1.0,1.0,0.0,1.0,0.0,1.0,1.0,0.0,1.0,1.0
10.982663744692877,1.0,0.0,0.0,0.0,0.0,0.0,1.0,0.0,0.0,1.0
37.18247922590848,1.0,1.0,1.0,1.0,0.0,1.0,1.0,0.0,0.0,1.0
25.791170068432187,0.0,0.0,1.0,1.0,0.0,1.0,0.0,0.0,0.0,0.0
20.186675393993816,1.0,1.0,0.0,0.0,0.0,1.0,1.0,1.0,0.0,1.0
67.76953430394454,1.0,0.0,0.0,0.0,1.0,0.0,0.0,1.0,0.0,1.0
52.47051066433391,0.0,0.0,1.0,1.0,1.0,1.0,0.0,1.0,1.0,1.0
17.14641749064132,1.0,1.0,0.0,0.0,0.0,1.0,1.0,1.0,1.0,1.0
41.80201650802044,1.0,0.0,1.0,1.0,1.0,1.0,1.0,1.0,1.0,0.0
45.1375947360128,0.0,0.0,0.0,0.0,1.0,1.0,0.0,0.0,0.0,1.0
7.9221048795482085,0.0,0.0,0.0,0.0,1.0,1.0,0.0,1.0,1.0,0.0
6.609515244855297,1.0,1.0,1.0,1.0,0.0,1.0,0.0,1.0,0.0,0.0
27.957621234727583,1.0,1.0,1.0,0.0,1.0,1.0,1.0,0.0,0.0,0.0
18.785083171831445,0.0,0.0,0.0,0.0,0.0,0.0,0.0,1.0,0.0,1.0
4.867275495819998,0.0,1.0,0.0,0.0,0.0,1.0,0.0,1.0,1.0,0.0
16.212012223860405,1.0,1.0,1.0,0.0,1.0,0.0,1.0,0.0,0.0,1.0
5.092138064677547,0.0,0.0,0.0,1.0,0.0,0.0,0.0,0.0,1.0,0.0
21.913332166963198,1.0,0.0,0.0,0.0,1.0,0.0,0.0,0.0,1.0,1.0
56.30832554466638,1.0,0.0,0.0,0.0,0.0,0.0,0.0,0.0,1.0,0.0
27.46418680741482,1.0,0.0,1.0,1.0,0.0,1.0,1.0,1.0,1.0,0.0
41.38118827190785,1.0,1.0,1.0,0.0,1.0,1.0,1.0,0.0,0.0,1.0
43.74177543406308,1.0,1.0,0.0,0.0,1.0,0.0,1.0,1.0,1.0,0.0
14.05761682074407,0.0,0.0,0.0,1.0,0.0,1.0,0.0,1.0,1.0,0.0
61.416563734662816,1.0,0.0,0.0,1.0,1.0,0.0,1.0,0.0,0.0,0.0
55.045546178432986,0.0,1.0,0.0,1.0,0.0,0.0,0.0,1.0,1.0,0.0
4.242363187934282,0.0,1.0,1.0,0.0,1.0,1.0,1.0,0.0,0.0,1.0
61.37439782719475,1.0,1.0,1.0,1.0,1.0,1.0,0.0,1.0,1.0,1.0
60.76918464184164,1.0,1.0,0.0,0.0,1.0,0.0,1.0,0.0,0.0,0.0
32.09650631042032,0.0,0.0,0.0,1.0,0.0,1.0,1.0,0.0,0.0,1.0
1.0,0.0,1.0,0.0,0.0,0.0,1.0,0.0,0.0,0.0,0.0
73.48222118866173,1.0,0.0,1.0,1.0,1.0,0.0,0.0,0.0,1.0,0.0
7.267160558116555,0.0,1.0,0.0,0.0,0.0,1.0,0.0,1.0,0.0,0.0
47.476053585234986,1.0,0.0,0.0,0.0,1.0,0.0,0.0,1.0,1.0,0.0
3.923734524398463,0.0,1.0,0.0,0.0,1.0,0.0,1.0,1.0,0.0,1.0
57.75861510927532,1.0,0.0,0.0,0.0,0.0,1.0,0.0,0.0,0.0,1.0
35.55102426877278,1.0,1.0,1.0,0.0,1.0,0.0,0.0,0.0,1.0,1.0
25.503449282011598,1.0,1.0,1.0,0.0,1.0,0.0,0.0,1.0,1.0,0.0
16.518194643457043,0.0,0.0,1.0,1.0,0.0,1.0,0.0,1.0,1.0,0.0
56.60488602350692,0.0,1.0,0.0,0.0,0.0,0.0,0.0,0.0,0.0,0.0
65.54512798881518,1.0,0.0,0.0,1.0,1.0,0.0,1.0,0.0,0.0,0.0
37.970707445992296,1.0,0.0,1.0,0.0,1.0,0.0,1.0,1.0,1.0,1.0
2.4834037512936193,1.0,1.0,0.0,0.0,0.0,0.0,1.0,1.0,1.0,1.0
1.1124545882739447,1.0,1.0,1.0,1.0,0.0,1.0,0.0,1.0,0.0,0.0
61.93146124266771,1.0,1.0,1.0,1.0,0.0,0.0,1.0,1.0,0.0,1.0
52.799023015003776,1.0,0.0,0.0,1.0,0.0,1.0,1.0,0.0,0.0,1.0
6.410909328088653,1.0,1.0,0.0,0.0,1.0,0.0,1.0,1.0,1.0,0.0
44.44348896078728,0.0,0.0,0.0,0.0,1.0,1.0,0.0,0.0,0.0,1.0
64.97195897996302,0.0,0.0,0.0,1.0,0.0,1.0,1.0,0.0,1.0,1.0
57.7347840403974,0.0,0.0,1.0,0.0,1.0,0.0,1.0,0.0,1.0,0.0
32.21979281981113,1.0,0.0,0.0,1.0,1.0,1.0,0.0,0.0,1.0,0.0
12.666867301448123,0.0,1.0,0.0,1.0,0.0,0.0,1.0,0.0,0.0,0.0
50.91508991644407,1.0,1.0,1.0,1.0,0.0,1.0,0.0,0.0,1.0,1.0
8.629598862649534,0.0,1.0,1.0,0.0,1.0,1.0,0.0,0.0,0.0,1.0
31.110952067729738,0.0,0.0,0.0,0.0,0.0,0.0,0.0,1.0,1.0,1.0
57.86855969414062,0.0,1.0,0.0,0.0,1.0,0.0,0.0,0.0,0.0,1.0
38.64311358137224,0.0,0.0,1.0,0.0,0.0,0.0,1.0,0.0,0.0,1.0
37.12148819863917,0.0,1.0,0.0,0.0,0.0,1.0,0.0,1.0,0.0,1.0
62.40530510647793,0.0,1.0,1.0,0.0,1.0,1.0,0.0,0.0,1.0,0.0
45.82396445218855,0.0,1.0,0.0,1.0,0.0,0.0,1.0,0.0,0.0,0.0
37.347500012092674,1.0,1.0,0.0,0.0,1.0,0.0,0.0,0.0,0.0,1.0
9.877652098664267,1.0,1.0,0.0,0.0,1.0,0.0,1.0,1.0,1.0,0.0
34.07217823302413,1.0,1.0,1.0,0.0,1.0,1.0,0.0,1.0,1.0,0.0
66.23425308365744,1.0,0.0,1.0,0.0,0.0,1.0,1.0,0.0,1.0,0.0
37.84149911299823,0.0,1.0,1.0,0.0,0.0,1.0,0.0,1.0,1.0,1.0
9.924300845499188,1.0,0.0,1.0,1.0,0.0,1.0,1.0,0.0,0.0,1.0
45.190870529452525,1.0,1.0,1.0,0.0,0.0,1.0,0.0,0.0,1.0,0.0
63.598686297072696,1.0,1.0,0.0,0.0,0.0,0.0,0.0,0.0,0.0,1.0
44.08877714648617,0.0,0.0,1.0,1.0,0.0,0.0,0.0,0.0,1.0,1.0
34.18027276763229,1.0,1.0,1.0,0.0,1.0,0.0,0.0,1.0,1.0,0.0
62.339541136953464,1.0,0.0,1.0,1.0,1.0,1.0,1.0,1.0,0.0,0.0
23.356885928440718,0.0,1.0,1.0,1.0,1.0,1.0,0.0,0.0,1.0,0.0
31.679832418377934,0.0,1.0,1.0,1.0,1.0,1.0,0.0,0.0,1.0,1.0
54.02254338353012,0.0,0.0,0.0,0.0,0.0,0.0,0.0,0.0,0.0,1.0
26.287113859551305,1.0,1.0,1.0,1.0,1.0,1.0,1.0,0.0,0.0,0.0
17.36511808614937,0.0,0.0,0.0,0.0,0.0,0.0,0.0,0.0,0.0,1.0
48.54211949352291,1.0,1.0,1.0,0.0,1.0,1.0,0.0,0.0,0.0,0.0
3.249734304618373,0.0,1.0,1.0,0.0,1.0,1.0,0.0,1.0,1.0,0.0
21.90240886530813,1.0,0.0,0.0,0.0,1.0,0.0,1.0,0.0,1.0,0.0
10.289924749025786,0.0,0.0,0.0,0.0,1.0,0.0,0.0,0.0,1.0,1.0
24.584813308576216,1.0,1.0,0.0,0.0,0.0,1.0,1.0,0.0,0.0,1.0
14.414016451290495,0.0,0.0,0.0,0.0,1.0,0.0,1.0,0.0,0.0,0.0
42.64409256670212,1.0,1.0,1.0,0.0,0.0,0.0,0.0,0.0,1.0,0.0
8.368185708676398,1.0,0.0,0.0,0.0,0.0,0.0,1.0,0.0,1.0,1.0
8.592147452343184,1.0,1.0,1.0,1.0,1.0,0.0,1.0,1.0,0.0,1.0
7.300313084780835,0.0,1.0,0.0,0.0,0.0,0.0,1.0,1.0,1.0,1.0
23.14402718795892,0.0,1.0,0.0,0.0,1.0,1.0,0.0,0.0,0.0,1.0
13.75164153392376,1.0,0.0,0.0,0.0,0.0,0.0,1.0,0.0,0.0,1.0
47.643558172801534,0.0,1.0,1.0,1.0,0.0,1.0,0.0,0.0,1.0,0.0
21.913104069647726,0.0,1.0,0.0,0.0,0.0,1.0,0.0,0.0,0.0,1.0
55.666429098410084,1.0,1.0,1.0,0.0,1.0,1.0,1.0,1.0,0.0,0.0
41.41335836879336,0.0,1.0,1.0,1.0,0.0,0.0,0.0,0.0,1.0,1.0
52.803616306212,0.0,1.0,0.0,1.0,0.0,0.0,0.0,0.0,0.0,0.0
25.416296337023823,1.0,1.0,0.0,0.0,0.0,0.0,0.0,0.0,0.0,0.0
58.549145622852286,0.0,0.0,0.0,1.0,1.0,0.0,1.0,1.0,0.0,1.0
54.066448439191745,0.0,0.0,0.0,0.0,0.0,1.0,0.0,0.0,0.0,1.0
42.10762646415654,1.0,0.0,0.0,0.0,1.0,0.0,0.0,0.0,1.0,1.0
8.365018727305689,1.0,0.0,1.0,0.0,1.0,0.0,1.0,0.0,0.0,1.0
25.555381135177367,0.0,1.0,1.0,1.0,0.0,0.0,0.0,0.0,1.0,0.0
4.04326032218808,0.0,1.0,1.0,0.0,1.0,1.0,1.0,0.0,0.0,1.0
55.45875440482209,0.0,0.0,1.0,0.0,0.0,1.0,0.0,1.0,1.0,0.0
36.8583142662889,1.0,1.0,0.0,0.0,0.0,1.0,0.0,1.0,1.0,1.0
21.72409355084452,0.0,1.0,0.0,0.0,0.0,1.0,0.0,0.0,0.0,1.0
24.71890060484291,0.0,1.0,0.0,0.0,1.0,0.0,0.0,0.0,0.0,1.0
30.993683247645844,1.0,0.0,1.0,0.0,1.0,0.0,1.0,1.0,1.0,1.0
20.138951499450222,1.0,0.0,0.0,0.0,1.0,0.0,0.0,0.0,1.0,1.0
11.160772593374496,0.0,1.0,0.0,0.0,0.0,1.0,0.0,1.0,0.0,0.0
69.80159598079022,0.0,0.0,1.0,1.0,0.0,1.0,0.0,0.0,0.0,1.0
6.849378890814931,0.0,1.0,1.0,0.0,0.0,1.0,1.0,1.0,0.0,0.0
64.80686936640478,0.0,1.0,0.0,1.0,1.0,0.0,1.0,1.0,0.0,0.0
54.71773685602979,0.0,1.0,0.0,0.0,0.0,0.0,0.0,1.0,0.0,0.0
3.8725882758669834,0.0,1.0,0.0,0.0,1.0,0.0,1.0,1.0,0.0,1.0
27.919139498286818,1.0,1.0,0.0,1.0,0.0,1.0,0.0,1.0,0.0,0.0
48.934909177515785,0.0,0.0,0.0,1.0,0.0,0.0,0.0,1.0,1.0,0.0
15.693008480119722,0.0,0.0,1.0,0.0,0.0,1.0,1.0,0.0,0.0,1.0
53.54974725338102,0.0,1.0,0.0,0.0,0.0,0.0,0.0,1.0,0.0,0.0
46.2018023792956,1.0,1.0,0.0,0.0,1.0,0.0,0.0,1.0,0.0,1.0
15.340802956483804,0.0,0.0,0.0,0.0,0.0,1.0,0.0,0.0,1.0,0.0
43.42971809673604,1.0,1.0,1.0,0.0,1.0,1.0,1.0,0.0,0.0,0.0
62.919903256675745,0.0,0.0,0.0,1.0,0.0,1.0,1.0,1.0,0.0,1.0
64.82984528234513,0.0,0.0,1.0,1.0,1.0,0.0,0.0,0.0,1.0,0.0
12.133528861650998,1.0,0.0,1.0,1.0,0.0,0.0,0.0,1.0,1.0,1.0
28.462486106327276,1.0,0.0,0.0,0.0,1.0,0.0,0.0,1.0,1.0,1.0
63.89318438640122,0.0,0.0,1.0,1.0,1.0,0.0,1.0,0.0,1.0,0.0
52.07708277743263,0.0,1.0,0.0,1.0,0.0,0.0,0.0,1.0,1.0,0.0
61.00977018389108,1.0,0.0,0.0,1.0,1.0,0.0,1.0,0.0,0.0,0.0
55.836545800918316,0.0,0.0,1.0,1.0,1.0,1.0,0.0,1.0,0.0,1.0
22.194550941267515,1.0,1.0,1.0,1.0,0.0,0.0,1.0,1.0,0.0,1.0
51.044903242080586,1.0,0.0,0.0,0.0,0.0,0.0,0.0,0.0,1.0,0.0
63.80037266326564,1.0,0.0,1.0,0.0,1.0,1.0,1.0,1.0,0.0,0.0
63.737849082596426,1.0,0.0,1.0,0.0,1.0,0.0,1.0,1.0,0.0,1.0
57.889861627564,0.0,0.0,1.0,1.0,1.0,1.0,0.0,1.0,1.0,1.0
16.59358405554858,1.0,1.0,1.0,0.0,1.0,0.0,0.0,0.0,1.0,0.0
4.488948020445985,1.0,0.0,0.0,1.0,0.0,0.0,0.0,0.0,0.0,1.0
65.44256298188702,0.0,0.0,0.0,1.0,1.0,0.0,0.0,1.0,0.0,1.0
25.6203102041793,1.0,1.0,0.0,1.0,0.0,1.0,0.0,1.0,0.0,0.0
51.00603111252501,0.0,1.0,0.0,1.0,0.0,0.0,0.0,1.0,1.0,0.0
53.74940680492393,1.0,0.0,1.0,1.0,1.0,1.0,0.0,1.0,0.0,1.0
28.558269897089268,1.0,1.0,1.0,1.0,0.0,0.0,0.0,0.0,1.0,1.0
19.338551074084872,1.0,0.0,0.0,0.0,0.0,0.0,0.0,0.0,0.0,0.0
1.0,1.0,0.0,0.0,1.0,0.0,0.0,1.0,0.0,0.0,0.0
59.19169716981548,0.0,0.0,1.0,1.0,1.0,1.0,1.0,1.0,0.0,1.0
44.0992705970261,1.0,1.0,1.0,0.0,1.0,1.0,0.0,0.0,0.0,1.0
25.433182832310354,0.0,1.0,1.0,1.0,0.0,1.0,0.0,0.0,1.0,1.0
63.6513168376292,0.0,0.0,0.0,0.0,1.0,0.0,1.0,1.0,0.0,1.0
41.4802562952944,1.0,0.0,1.0,1.0,1.0,0.0,0.0,0.0,1.0,1.0
66.76700514719516,1.0,0.0,1.0,0.0,0.0,1.0,1.0,0.0,1.0,0.0
9.34985599545103,1.0,0.0,1.0,1.0,0.0,0.0,1.0,1.0,1.0,1.0
36.11543386835851,1.0,1.0,1.0,1.0,1.0,1.0,0.0,1.0,0.0,1.0
7.891050968865597,1.0,1.0,0.0,1.0,0.0,1.0,0.0,1.0,1.0,1.0
64.27459344249169,1.0,0.0,1.0,0.0,1.0,1.0,0.0,0.0,0.0,0.0
71.12173067425047,0.0,0.0,0.0,0.0,0.0,1.0,1.0,1.0,1.0,0.0
69.68373223018749,1.0,1.0,0.0,1.0,1.0,1.0,1.0,0.0,1.0,0.0
35.45095369914597,1.0,0.0,1.0,0.0,0.0,0.0,1.0,0.0,0.0,1.0
61.11985737775722,1.0,0.0,1.0,1.0,0.0,0.0,0.0,1.0,0.0,1.0
54.547805042408946,1.0,1.0,0.0,0.0,1.0,0.0,1.0,0.0,1.0,0.0
41.214123132479614,1.0,1.0,0.0,0.0,1.0,1.0,0.0,0.0,0.0,1.0
17.686551456065136,0.0,1.0,1.0,1.0,0.0,1.0,0.0,1.0,1.0,0.0
9.794837534376205,0.0,0.0,0.0,1.0,1.0,0.0,1.0,0.0,1.0,0.0
2.6029885685064142,1.0,0.0,1.0,0.0,1.0,0.0,0.0,1.0,1.0,1.0
28.514903396026476,0.0,0.0,1.0,1.0,0.0,0.0,1.0,1.0,1.0,0.0
15.40239480056611,0.0,1.0,0.0,0.0,0.0,0.0,1.0,1.0,0.0,1.0
3.038115401371786,1.0,1.0,0.0,0.0,1.0,0.0,1.0,1.0,1.0,0.0
8.173824929166324,1.0,0.0,0.0,0.0,1.0,1.0,0.0,1.0,1.0,0.0
44.028226644211955,0.0,1.0,0.0,1.0,0.0,0.0,1.0,0.0,1.0,0.0
21.266924421353014,1.0,1.0,0.0,0.0,0.0,1.0,1.0,1.0,0.0,1.0
43.72943840101962,1.0,1.0,1.0,1.0,0.0,1.0,0.0,0.0,1.0,0.0
11.5916661723011,0.0,0.0,0.0,1.0,0.0,0.0,1.0,0.0,0.0,0.0
22.378915348569105,1.0,1.0,1.0,1.0,1.0,1.0,1.0,0.0,0.0,0.0
62.59198519050608,0.0,0.0,0.0,1.0,0.0,1.0,0.0,1.0,0.0,1.0
53.21946563347074,0.0,0.0,1.0,0.0,1.0,1.0,0.0,1.0,1.0,0.0
14.437900275721752,1.0,1.0,0.0,0.0,0.0,1.0,0.0,0.0,1.0,1.0
4.615828783678181,1.0,1.0,0.0,1.0,1.0,1.0,1.0,1.0,1.0,1.0
22.969835988136946,1.0,0.0,0.0,0.0,1.0,1.0,1.0,1.0,1.0,0.0
36.46331123043381,1.0,0.0,1.0,0.0,0.0,0.0,1.0,1.0,1.0,0.0
61.7691052022556,1.0,1.0,0.0,0.0,0.0,0.0,0.0,0.0,0.0,1.0
10.953273889764365,1.0,0.0,1.0,1.0,0.0,1.0,1.0,0.0,0.0,1.0
61.5952127545083,1.0,1.0,1.0,0.0,1.0,0.0,1.0,0.0,0.0,0.0
42.15289622606144,0.0,1.0,0.0,0.0,1.0,0.0,1.0,0.0,1.0,0.0
31.392610240956643,1.0,1.0,1.0,0.0,1.0,0.0,0.0,0.0,1.0,1.0
25.245448030521626,1.0,0.0,0.0,0.0,1.0,0.0,0.0,0.0,1.0,1.0
30.521677953305954,0.0,0.0,0.0,0.0,0.0,0.0,1.0,0.0,0.0,1.0
39.48869383655632,0.0,0.0,0.0,0.0,0.0,0.0,1.0,0.0,1.0,1.0
8.369391625818178,0.0,0.0,0.0,0.0,1.0,0.0,0.0,0.0,1.0,1.0
9.7937037420302,0.0,0.0,0.0,1.0,1.0,1.0,1.0,1.0,0.0,1.0
9.756344673233118,0.0,1.0,1.0,1.0,1.0,1.0,1.0,1.0,1.0,0.0
20.935129080819145,0.0,1.0,1.0,0.0,0.0,0.0,0.0,0.0,1.0,0.0
66.34135205238644,1.0,1.0,0.0,0.0,1.0,1.0,0.0,1.0,0.0,0.0
66.7567244222787,1.0,1.0,1.0,0.0,0.0,0.0,0.0,1.0,0.0,0.0
70.31940545271989,1.0,0.0,1.0,1.0,0.0,0.0,1.0,1.0,0.0,1.0
44.864655855216014,1.0,0.0,0.0,1.0,0.0,1.0,1.0,0.0,1.0,1.0
39.08069892201205,0.0,1.0,0.0,0.0,1.0,1.0,1.0,0.0,1.0,0.0
15.247232669628023,1.0,1.0,0.0,1.0,1.0,0.0,1.0,1.0,0.0,1.0
53.827132600270915,1.0,0.0,0.0,0.0,0.0,1.0,0.0,0.0,0.0,1.0
7.026148042438522,0.0,1.0,1.0,0.0,1.0,1.0,0.0,1.0,1.0,1.0
6.678487832007605,0.0,0.0,0.0,1.0,0.0,0.0,1.0,0.0,1.0,0.0
48.830038611502516,0.0,0.0,0.0,1.0,1.0,0.0,0.0,1.0,1.0,0.0
44.35470981888935,1.0,0.0,0.0,0.0,0.0,0.0,1.0,0.0,1.0,1.0
69.50512489749659,1.0,0.0,0.0,1.0,1.0,0.0,1.0,0.0,0.0,0.0
37.99851560526248,1.0,1.0,1.0,1.0,1.0,1.0,0.0,1.0,0.0,1.0
50.40335287025804,0.0,1.0,0.0,1.0,0.0,0.0,1.0,0.0,0.0,0.0
22.069957808915408,0.0,1.0,0.0,0.0,1.0,1.0,0.0,0.0,0.0,1.0
19.043731258369615,0.0,0.0,0.0,0.0,0.0,0.0,0.0,1.0,0.0,1.0
4.973602094797509,0.0,0.0,1.0,1.0,1.0,1.0,1.0,1.0,0.0,1.0
16.473093235985687,0.0,1.0,0.0,0.0,1.0,1.0,0.0,0.0,0.0,1.0
13.641434511266878,1.0,0.0,1.0,1.0,0.0,0.0,0.0,0.0,0.0,0.0
64.85548697896022,1.0,0.0,1.0,0.0,1.0,1.0,0.0,0.0,0.0,0.0
47.11272490003176,1.0,1.0,0.0,1.0,0.0,1.0,0.0,0.0,1.0,0.0
25.34370945329696,0.0,0.0,1.0,1.0,0.0,1.0,0.0,0.0,1.0,0.0
49.03263652195987,0.0,0.0,0.0,0.0,1.0,0.0,1.0,1.0,1.0,0.0
12.173230578688166,1.0,0.0,0.0,0.0,1.0,1.0,0.0,1.0,0.0,0.0
28.920663434986263,0.0,1.0,1.0,1.0,1.0,1.0,0.0,0.0,1.0,1.0
36.2875260368031,1.0,1.0,0.0,0.0,1.0,0.0,1.0,1.0,0.0,1.0
3.003334076865691,0.0,1.0,1.0,0.0,1.0,1.0,0.0,0.0,1.0,1.0
33.04998613777053,0.0,0.0,1.0,0.0,0.0,0.0,1.0,1.0,1.0,0.0
30.38158343939851,1.0,1.0,1.0,0.0,0.0,1.0,0.0,1.0,0.0,1.0
33.727971042013515,1.0,1.0,1.0,1.0,1.0,1.0,0.0,1.0,0.0,1.0
53.53143390636153,1.0,0.0,0.0,0.0,0.0,0.0,0.0,0.0,1.0,0.0
48.81579981218704,0.0,1.0,0.0,1.0,0.0,0.0,1.0,0.0,0.0,0.0
1.7949275252924064,1.0,0.0,0.0,1.0,0.0,0.0,1.0,0.0,0.0,0.0
68.22364431439539,1.0,0.0,1.0,0.0,0.0,0.0,1.0,0.0,1.0,1.0
69.30163097100068,1.0,0.0,0.0,0.0,1.0,0.0,1.0,1.0,0.0,1.0
41.51912540077652,0.0,0.0,0.0,1.0,0.0,0.0,0.0,1.0,0.0,0.0
20.674732474396844,0.0,0.0,0.0,0.0,1.0,1.0,0.0,0.0,1.0,1.0
65.441463702037,1.0,1.0,0.0,0.0,1.0,1.0,0.0,1.0,0.0,0.0
35.480053714373526,1.0,1.0,1.0,0.0,0.0,0.0,0.0,0.0,1.0,0.0
60.95770542315712,0.0,0.0,1.0,1.0,0.0,0.0,0.0,0.0,0.0,1.0
5.97949534062893,1.0,0.0,0.0,1.0,0.0,0.0,0.0,1.0,0.0,1.0
21.48679708067635,1.0,1.0,1.0,1.0,1.0,1.0,0.0,1.0,0.0,0.0
70.95607059492208,1.0,0.0,1.0,0.0,1.0,0.0,1.0,1.0,0.0,1.0
19.813122332497578,1.0,0.0,1.0,1.0,0.0,0.0,0.0,0.0,0.0,0.0
39.23223264855137,0.0,1.0,1.0,0.0,0.0,1.0,0.0,1.0,1.0,1.0
9.355981903592511,1.0,0.0,1.0,1.0,0.0,1.0,1.0,0.0,0.0,1.0
1.0,1.0,0.0,0.0,1.0,0.0,0.0,1.0,0.0,0.0,0.0
67.85180561270701,1.0,0.0,1.0,1.0,0.0,0.0,1.0,1.0,0.0,1.0
25.001669192935744,0.0,1.0,1.0,0.0,0.0,0.0,0.0,1.0,1.0,0.0
56.63603679470481,0.0,1.0,0.0,1.0,0.0,1.0,0.0,0.0,1.0,1.0
33.10985531153231,1.0,1.0,1.0,0.0,0.0,1.0,0.0,1.0,0.0,1.0
46.7002451558061,0.0,0.0,1.0,1.0,0.0,0.0,1.0,0.0,1.0,1.0
17.581098858755336,1.0,1.0,0.0,0.0,1.0,0.0,0.0,0.0,1.0,0.0
18.57746341396362,1.0,0.0,0.0,0.0,1.0,1.0,1.0,1.0,1.0,0.0
52.501716909407236,0.0,0.0,0.0,0.0,0.0,0.0,0.0,0.0,0.0,1.0
36.88450549499282,1.0,0.0,1.0,1.0,1.0,0.0,1.0,1.0,1.0,1.0
23.639917203358998,1.0,0.0,0.0,1.0,0.0,0.0,0.0,0.0,0.0,0.0
59.2787982211065,1.0,1.0,1.0,0.0,1.0,1.0,0.0,1.0,0.0,0.0
10.036477406116813,0.0,1.0,0.0,0.0,1.0,0.0,0.0,0.0,1.0,1.0
72.64214751879811,1.0,0.0,1.0,0.0,1.0,1.0,1.0,1.0,0.0,0.0
32.52652442986391,1.0,1.0,1.0,0.0,1.0,0.0,0.0,1.0,0.0,1.0
32.41274565030879,1.0,1.0,1.0,1.0,0.0,0.0,0.0,0.0,1.0,0.0
66.42655444649735,1.0,1.0,1.0,0.0,0.0,1.0,1.0,0.0,0.0,0.0
68.03440478482152,1.0,1.0,1.0,0.0,1.0,1.0,1.0,0.0,1.0,0.0
11.12003477053796,1.0,1.0,0.0,0.0,0.0,1.0,1.0,1.0,1.0,1.0
29.93055600912872,0.0,1.0,1.0,1.0,1.0,1.0,0.0,0.0,1.0,0.0
5.977378576974671,1.0,0.0,0.0,0.0,1.0,1.0,0.0,1.0,0.0,0.0
6.837280669435888,1.0,1.0,0.0,1.0,0.0,0.0,1.0,1.0,1.0,1.0
69.59157030079992,0.0,0.0,0.0,0.0,0.0,0.0,1.0,0.0,1.0,1.0
29.916693797794828,1.0,1.0,0.0,1.0,0.0,1.0,1.0,0.0,0.0,1.0
33.45140486111383,1.0,1.0,0.0,1.0,0.0,1.0,1.0,1.0,0.0,0.0
12.36518886368945,1.0,0.0,0.0,0.0,0.0,0.0,1.0,0.0,0.0,1.0
66.47529771325729,1.0,0.0,0.0,0.0,1.0,1.0,1.0,1.0,0.0,1.0
26.78767211486462,1.0,1.0,1.0,1.0,1.0,1.0,0.0,1.0,0.0,0.0
36.04176661066408,0.0,1.0,1.0,1.0,1.0,1.0,0.0,0.0,0.0,0.0
8.387304480907842,0.0,0.0,0.0,0.0,1.0,0.0,0.0,0.0,1.0,1.0
46.98176937748289,0.0,0.0,0.0,0.0,0.0,0.0,1.0,1.0,1.0,1.0
36.24116361137372,1.0,0.0,0.0,1.0,0.0,1.0,1.0,1.0,0.0,0.0
52.47415103984982,1.0,0.0,1.0,1.0,0.0,1.0,0.0,0.0,1.0,1.0
33.30910321640898,1.0,1.0,1.0,0.0,1.0,1.0,1.0,0.0,0.0,0.0
56.39122221780252,0.0,1.0,0.0,1.0,0.0,0.0,1.0,1.0,0.0,0.0
8.985649245018294,1.0,0.0,1.0,1.0,0.0,1.0,0.0,0.0,1.0,0.0
16.74760886819857,0.0,1.0,0.0,1.0,0.0,1.0,1.0,1.0,1.0,0.0
6.447204955893037,1.0,0.0,1.0,0.0,1.0,1.0,1.0,1.0,1.0,1.0
11.696815973205048,1.0,0.0,1.0,0.0,0.0,0.0,1.0,0.0,0.0,1.0
36.158487711248895,1.0,0.0,1.0,0.0,0.0,0.0,1.0,1.0,1.0,0.0
5.2736234665053745,1.0,0.0,1.0,0.0,1.0,0.0,0.0,1.0,1.0,1.0
63.14814248486146,1.0,0.0,1.0,0.0,1.0,0.0,1.0,1.0,0.0,1.0
53.518544659561975,1.0,0.0,0.0,1.0,0.0,1.0,1.0,0.0,0.0,1.0
19.194887365180946,0.0,0.0,0.0,0.0,1.0,1.0,0.0,0.0,0.0,1.0
30.899695897736926,1.0,0.0,1.0,0.0,1.0,0.0,1.0,1.0,1.0,1.0
51.12845507871861,1.0,0.0,0.0,0.0,1.0,0.0,1.0,1.0,1.0,0.0
